WAFER_ID,STAGE,USAGE_OF_BACKING_FILM,USAGE_OF_DRESSER,USAGE_OF_POLISHING_TABLE,USAGE_OF_DRESSER_TABLE,PRESSURIZED_CHAMBER_PRESSURE,MAIN_OUTER_AIR_BAG_PRESSURE,CENTER_AIR_BAG_PRESSURE,RETAINER_RING_PRESSURE,RIPPLE_AIR_BAG_PRESSURE,USAGE_OF_MEMBRANE,USAGE_OF_PRESSURIZED_SHEET,SLURRY_FLOW_LINE_A,SLURRY_FLOW_LINE_B,SLURRY_FLOW_LINE_C,WAFER_ROTATION,STAGE_ROTATION,HEAD_ROTATION,DRESSING_WATER_STATUS,EDGE_AIR_BAG_PRESSURE,AVG_REMOVAL_RATE
-4230160598,A,890.0698458574167,634.4444444440013,207.1868978804889,2734.0,65.99366914393654,203.23005780346864,54.104949421965316,1606.416763005781,7.671177088810117,10.554187895533762,267.0209537572254,5.604126525366668,0.9038360483448055,322.16184971098176,14.553031321407502,57.067234560338576,160.046242774567,0.5809248554913294,38.540024522663124,68.8818
-4230160594,B,1291.9986979160933,659.1160300924757,216.94444444444147,2750.6533203125,93.11569940459897,312.8390624999999,73.184814453125,1834.8585937500013,11.376242897740516,15.320142663033243,387.599609375,4.564887152776643,0.9090909090909978,362.5890624999989,19.457667151156574,38.80448190785101,159.55000000000007,0.484375,47.89062500001606,70.0533
-4230160436,B,3272.8296193128126,768.6887444550704,322.57918085218614,2824.636490250696,66.7621700490539,188.50696378830054,47.879526462395546,1331.79025069638,7.379336540905391,38.80825635548442,981.8488857938719,5.426338594861181,0.8711066092682527,269.96211699164326,18.24836431949211,55.60071836968751,160.47242339832908,0.807799442896936,40.990968177583646,54.3072
-4230160428,A,5922.780214424971,149.94152046789503,275.34113060428734,2925.9619883040937,35.863269284313205,107.60350877192978,29.180372807017545,939.0333333333327,4.0707070707081305,70.23059542793561,1776.8340643274853,5.037361923325056,0.6193514088251538,176.33450292397652,17.041343669248974,58.03824253611171,160.00935672514683,0.6374269005847953,20.260499734177156,75.34995
-4230160424,A,4868.350290698024,93.70370370370051,42.01335055986307,2888.0,34.16389811737562,105.20930232558133,27.890625,830.3485465116273,3.9614164904870948,57.72747380272101,1460.5050872093022,3.112483850128375,0.4968287526427558,171.49999999999977,14.6214169821473,57.523714810229244,160.2139534883726,0.5465116279069767,19.943622269202,78.33015
-4230160424,B,5365.490900382988,119.42741592169514,127.17113665392812,2905.364224137931,33.772577996712045,102.43793103448267,26.19612068965517,878.2172413793098,4.019070010455743,63.62242174367867,1609.6472701149426,3.4019795657707452,0.5094043887147843,178.6609195402298,14.414595028062399,57.331367211074266,160.17471264367865,0.5545977011494253,18.61459421804167,75.97095
-4230160416,B,3500.034246575534,12.768138001036125,198.5225773718466,2833.369178082192,65.27853881277929,197.64164383561643,50.625,1631.0334246575349,7.805479452065595,41.502409442851295,1050.0109589041097,4.761796042617158,0.9066002490660892,328.48219178082167,13.750876075176935,51.035328046100645,160.07013698630186,0.5917808219178082,35.98920713988938,81.83385
-4230160408,A,4953.704523107198,97.58658363378777,117.70348519618568,2890.75,67.47998314367821,208.12743362831844,55.25719026548673,1512.6247787610641,7.82515419683704,58.73957932538338,1486.1113569321533,5.575221238936541,0.9064092249933827,333.1256637168144,14.92693969952122,56.918956683684996,160.29262536873193,0.15634218289085547,39.499418968445134,79.8045
-4230160408,B,5381.860076408596,120.1708585374504,141.77862676424664,2905.8660458452723,66.23140946922565,201.19770773638953,51.440723495702,1683.6154727793694,7.905574368338285,63.81652264516106,1614.5580229226362,5.438952562876612,0.9064860640792741,329.1002865329515,14.241354034778174,57.34165284265042,160.11919770773676,0.5902578796561605,36.5485803594732,83.0358
-4228160702,A,720.4772286821543,626.4717915590063,56.24031007753099,2728.6191860465115,34.432447397552956,105.5267441860464,28.097747093023255,803.6154069767434,4.028276955604075,8.543208245242955,216.14316860465115,3.2638888888881685,0.5047568710359912,174.85348837209287,14.499729583552607,58.40039779676019,160.11162790697708,0.5726744186046512,20.059901338970892,67.42425
-4228160702,B,1385.847338935771,663.8728083827326,300.3070857972962,2753.8648459383753,60.3321328531493,205.73109243697496,59.67261904761905,1400.875630252101,8.751718869372823,16.432972398445894,415.7542016806723,7.047930283223366,0.8912655971480354,328.9647058823529,13.811478079599429,58.10297803326496,160.59159663865597,0.6386554621848739,40.009337068170694,69.62205
-4228160698,B,2021.5543071158709,697.5801081979771,207.39284228044406,2776.617275280899,66.82049224183271,203.4977528089889,52.10498595505618,1503.1870786516872,7.9920837589586515,23.970999689122486,606.4662921348314,4.763966916352251,0.9065372829418641,333.9865168539322,14.050823099028602,56.20601714956908,160.22471910112424,0.11235955056179775,37.04545454544301,74.91585
-4228160694,B,1285.1041666666188,658.6963383841402,210.8270202020254,2750.5,67.35660173159557,204.16022727272764,52.33043323863637,1519.51534090909,8.037448347121478,15.238389328051444,385.53125,5.53069760100826,0.9065082644628967,336.9227272727281,13.929043340376081,58.72981459324591,161.13636363636402,1.0,37.12809917354976,69.89805
-4228160690,A,516.2464183381267,614.2534224766655,212.44401995113716,2720.371776504298,65.62286805837539,207.84412607449897,55.32682664756447,1423.824068767909,7.804506381873265,6.121499031675941,154.87392550143267,5.070439350522684,0.8648085438917215,331.7077363896851,14.297327913635192,57.6451515607991,160.0366762177655,0.12034383954154727,39.439958322456846,64.521
-4228160690,B,774.7261235956616,628.8888888889987,104.81897627979164,2730.25,34.652220438733394,104.82471910112349,26.87324438202247,848.7977528089889,4.108401430031739,9.186503530666398,232.4185393258427,3.134363295879242,0.5107252298264042,181.33932584269658,14.137705774753297,56.19160260195163,160.26966292134875,0.5589887640449438,19.029622063329303,68.48055
-4228160686,A,931.0487689394208,636.4635942760856,243.66372053869082,2735.3629261363635,66.53003246751196,205.1693181818181,54.61470170454545,1612.7940340909088,7.68569214876321,11.040103979512743,279.3146306818182,5.031960227270569,0.9090909090909961,329.2625,14.23559725158072,57.37440191382045,160.28181818181858,0.5909090909090909,38.89548898071036,72.37185
-4228160686,B,1304.2514124290394,659.6296296300053,227.84473739272332,2751.0,66.98816249662977,204.94576271186463,52.494703389830505,1507.2618644067798,8.0675398048517,15.465487595178592,391.2768361581921,5.403719397361374,0.9039548022599736,335.6598870056493,13.82144264878905,56.95175438590331,160.3163841807914,0.14124293785310735,37.30868002053967,70.2468
-4228160682,A,730.2605633802812,627.037037036995,65.18727177881462,2729.0,66.94299128099719,207.6304225352115,55.23767605633803,1624.6521126760583,7.794366197185917,8.65921616656391,219.0781690140845,4.932316118934285,0.9065300896287679,327.0952112676047,14.19521781853302,56.040400296467205,160.44169014084562,0.12394366197183099,39.38454972256261,70.0665
-4228160678,A,762.928571428565,628.3227513229028,94.19047619048052,2729.8692857142855,67.39591836732413,209.89028571428614,55.8125,1561.192285714286,7.914025974028969,9.046583850930299,228.87857142857143,5.571825396823305,0.9064935064935933,332.9999999999999,14.378073089696624,58.38796992474847,160.32914285714344,1.0,39.78528138526584,66.02895
-4228160670,A,966.0794346978805,638.5185185190037,274.80831708911063,2736.75,66.48844333052757,205.02807017543898,54.66465643274854,1640.5771929824573,7.723418394473476,11.455487367961123,289.82383040935673,5.70012995451368,0.9064327485380986,325.9625730994149,14.680402556774505,57.72199138191769,159.644444444445,0.1695906432748538,39.028885344664076,74.21805
-4228160670,B,1345.5718954247056,661.6536985162536,264.7992530346908,2752.3676470588234,34.45378151260136,105.01848739495783,26.917892156862745,846.56218487395,4.124777183613187,15.955397969481972,403.671568627451,3.268751945221483,0.5143875732111537,184.0156862745101,13.918311510645887,55.98407784160926,160.08067226890807,0.5602240896358543,19.006875477467513,69.83175
-4228160662,A,936.3454106278897,636.666666667004,248.12667740217333,2735.5,34.173913043468445,104.92869565217386,27.932065217391305,811.1208695652177,3.9301712779988156,11.102910007425137,280.9036231884058,3.2705314009648685,0.503293807641684,174.39536231884082,14.459723626554066,57.56941266203719,160.19478260869616,0.5768115942028985,19.903381642509235,72.79755
-4228160662,B,2779.5940170938748,737.7777777780066,317.79466075769807,2803.75,68.72337539003453,214.3521367521369,54.945690883190885,1465.6444444444446,8.43939393941091,32.9596128509125,833.8782051282051,4.891975308639055,0.9039109039109905,349.7925925925923,11.575564831375546,56.0263907631879,160.07293447293486,0.09686609686609686,38.77751877751355,61.59885
-4228160658,A,1683.4297725027307,680.1824376303208,237.76898560288413,2765.0,69.34435495263948,216.85459940652837,57.742952522255194,1549.9086053412461,8.214594011330307,19.961617855763837,505.02893175074183,5.402654137814628,0.9063933099542278,344.60771513353205,15.154923745767016,58.15203810708404,160.32284866468888,0.12759643916913946,41.13479003685959,61.94655
-4228160658,B,2065.5634469694314,699.6296296300058,246.57617845107663,2778.111505681818,66.90476190474716,205.17613636363674,53.65411931818182,1590.5019886363668,7.929752066125209,24.49284719727819,619.6690340909091,4.927004419190231,0.9065082644628967,329.38181818181806,14.316199788578077,57.09479665065558,159.9909090909095,0.11931818181818182,38.05699035812059,72.771
-4228160642,A,959.7904624277716,638.3162063799306,269.2100192677862,2736.6148843930637,66.07211670793535,202.94566473988482,53.945989884393065,1621.8138728323706,7.623751970574241,11.380914574242816,287.9371387283237,4.947816313420383,0.9090909090909962,321.8381502890173,14.670654657878847,58.85571950100493,159.85202312138784,0.5924855491329479,38.59257313013823,78.33675
-4228160642,B,1309.6557454905433,659.801624987008,232.4744117336355,2751.1175213675215,34.595034595032445,104.6837606837606,26.837606837606838,833.6111111111101,4.120953120965122,15.529514768644814,392.8967236467237,3.1046217157313665,0.5050505050505554,176.40797720797715,13.879281786252081,56.709026840547025,160.24615384615421,0.11965811965811966,19.041699041696873,68.7276
-4228160608,B,599.7341954024514,618.3205619413994,286.51553852692274,2723.1170977011493,34.688013136284454,104.24482758620672,26.770833333333332,829.7810344827581,4.097962382447239,7.111472672754507,179.92025862068965,3.2004310344818676,0.5094043887147843,177.48620689655175,14.266907244048909,57.0946763459835,160.21149425287402,0.5632183908045977,18.96551724137874,72.48105
-4228160604,A,349.6652621724185,605.3578859759699,64.23429047023178,2714.36797752809,40.13643659710006,121.05168539325847,32.31741573033708,1180.1005617977526,4.498723186927058,4.146228405205067,104.89957865168539,2.911594881397195,0.5847803881512321,219.74494382022485,13.956754638093292,51.21119160255137,159.99101123595568,0.5533707865168539,22.293156281912868,60.6567
-4228160600,A,87.26744186047962,592.5925925929986,160.49526270444227,2705.8648255813955,43.759689922469164,129.01395348837212,34.1233648255814,1110.92180232558,4.887552854124045,1.034791800714318,26.180232558139537,3.696301679585217,0.6316067653277575,252.94418604651182,14.496349378036285,58.060740514016246,159.60930232558187,0.12209302325581395,24.09619450316246,62.05515
-4228160600,B,412.59021842354923,609.054553128577,120.26379656010272,2716.8618233618236,67.63939763938733,210.44786324786395,53.94319800569801,1465.3888888888891,8.245532245535763,4.89237413150569,123.77706552706553,5.420623615065373,0.9090909090909961,346.68148148148083,14.707480288869903,56.51409506666789,160.31908831908873,0.5612535612535613,38.2966416299723,72.4548
-4228160596,A,81.99807877041093,592.3929981855713,155.7882378055187,2705.616714697406,66.55962673251537,205.68760806916467,54.80187319884726,1675.2916426512977,7.741157977471583,0.972309234431321,24.59942363112392,5.3614313160403135,0.9090909090909962,321.8789625360226,14.606259634069483,58.07371454568058,160.38731988472674,0.5965417867435159,39.1424329752654,61.1604
-4228160596,B,512.3715596331105,614.1957186542287,209.09412164443162,2720.3325688073396,50.996941896012196,156.78605504587185,41.154243119266056,1231.9563302752322,5.99132610508912,6.075552090509948,153.71146788990825,4.32237512741888,0.7406171809842237,267.0891743119263,12.901216129714541,37.04394012551017,159.7240366972485,0.47706422018348627,28.99638587711025,71.0739
-4228160580,A,150.82394366201126,595.1851851849955,216.9494001046227,2707.5,34.24279007376597,105.29577464788719,28.008802816901408,818.6154929577455,3.947887323945301,1.788426209431937,45.24718309859155,3.0770735524246744,0.5019206145967209,171.0760563380279,14.066819521777706,55.416975537382974,160.2523943661977,0.1323943661971831,19.90268886042362,58.3518
-4228160580,B,489.6521739130636,613.333333332996,188.73215244232455,2719.75,65.09592822635396,202.30956521739145,51.88949275362319,1566.4773913043477,7.924242424246321,5.806152259839354,146.89565217391305,4.091384863122236,0.9038208168643818,343.791304347825,14.675429726990226,49.85240274594182,159.78666666666726,0.11304347826086956,36.10628019323651,73.3764
-4226160424,A,10012.673913042896,573.5083199140797,144.04294149217688,2692.86884057971,86.5935127673097,281.6939130434782,67.93297101449275,1817.049565217393,10.198418972328968,118.7273586526929,3003.8021739130436,5.1344605475024,0.906455862977689,327.113043478261,14.477923828778009,58.1716247139096,159.92579710144986,0.1855072463768116,45.8067632850274,63.24495
-4226160424,B,237.9190074906882,598.6901789432964,294.3445692884576,2710.0,68.34804708399253,216.33707865168563,55.34058988764045,1420.6845505617982,8.457354443316914,2.8211740018659346,71.37570224719101,4.382022471909383,0.9065372829418641,363.67752808988666,14.186699764822427,57.37433471313517,160.27865168539378,0.5084269662921348,38.83810010213684,64.1814
-4226160416,A,139.3853255588017,594.6204513550038,206.79624230635028,2707.1195335276966,68.75885047894464,214.16676384839693,57.05721574344023,1557.1005830903803,8.069705804402625,1.652790421644699,41.815597667638485,5.1056851311939075,0.8984892658362909,342.9714285714277,7.193708048000558,45.1277428264034,158.79650145772624,0.1282798833819242,40.6360985952628,57.9618
-4226160416,B,496.63125590177907,613.506452628225,194.93442450960626,2719.868271954674,63.95521381356149,196.96657223796075,50.5028328611898,1633.1830028328638,7.719417975797205,5.888936165449778,148.9900849858357,4.635269121810754,0.9039402523822653,333.12067988668525,14.170893998282674,49.14827791854495,160.02719546742262,0.17563739376770537,35.167825564423,72.28245
-4226160408,B,551.7010416666689,616.1222222221033,243.8212962964707,2721.633125,33.30952380952013,105.64800000000041,26.37109375,843.1263750000004,4.080227272728785,6.541909584978054,165.5103125,2.8121527777768507,0.5136363636364123,191.5060000000003,8.762209302321656,25.149671052606305,158.91600000000105,0.2575,19.04545454545351,75.1281
-4226160404,B,300.19014084514697,603.333333332996,20.34011476265544,2713.112676056338,59.8524480214482,187.75436619718326,49.06954225352113,1390.9926760563378,7.233034571064602,3.559566887489128,90.05704225352113,3.6611893583704234,0.7887323943662733,321.4478873239435,11.430068784797712,56.49258710150301,160.26140845070475,0.09859154929577464,34.05975245411409,71.91825
-4226160396,A,63.226433430511904,591.657488391999,139.05841701755108,2705.1195335276966,67.3996945716858,208.22623906705587,55.42274052478134,1653.9638483965011,7.840047707397637,0.7497205545119817,18.96793002915452,5.243764172333382,0.9090909090909962,316.54693877551,11.741813004266989,60.171858216917,160.99825072886347,1.0,39.529993815691064,61.22265
-4226160396,B,406.06561302684554,608.6909323119297,114.44018731381593,2716.617816091954,67.18664477284436,205.74137931034483,52.74694683908046,1485.888793103448,8.074320794152708,4.815007269093086,121.81968390804597,4.962484035757184,0.9012539184953842,350.46666666666596,7.179898422879108,58.349591651489085,160.59770114942575,0.5459770114942529,37.55311738069951,77.4597
-4224160702,B,10157.2777777771,579.2592592590009,272.6720343531827,2696.75,69.02691511386244,212.6713043478264,54.54800724637681,1555.4330434782623,8.35994729909264,120.44202898550714,3047.1833333333334,5.181561996777505,0.906455862977689,345.99072463768084,11.535557802489505,58.222730739837296,160.13913043478306,1.0,38.63768115942245,65.30385
-4224160694,A,9608.451369216573,551.4814814809965,151.93788689545883,2678.0,68.16133818969476,209.22832861189812,53.50478045325779,1548.8745042492935,7.550991501416495,113.93420595912444,2882.5354107648727,5.517390620079905,0.9065155807366307,335.32577903682756,14.085908162588128,57.117563739311514,160.21756373937717,0.1501416430594901,39.65318911494337,57.86655
-4224160694,B,10072.921428571428,576.0973544972575,197.5343915342828,2694.617142857143,35.68299319727482,108.91885714285704,27.95357142857143,856.8299999999987,4.2698701298720545,119.44175606999428,3021.8764285714287,2.9305555555540046,0.506493506493557,181.47200000000004,14.156810631224596,60.115037593928044,159.57942857142902,0.5542857142857143,19.743722943726382,65.64675
-4224160690,A,9628.352219075012,552.386947854426,169.62753121388107,2678.6111898016998,64.01322001891704,232.1201133144478,64.40775495750708,1522.347875354108,9.273886170495004,114.17018441592926,2888.5056657223795,6.792571608433658,0.9065155807366307,354.07705382436296,14.282232031088334,56.23229461751514,160.40793201133184,0.16147308781869688,42.359000772604254,57.8484
-4224160690,B,10053.913242006574,575.3515981736116,180.7529173008905,2694.1130136986303,67.36855838224466,205.081643835617,53.65068493150685,1519.4827397260283,7.935118306355007,119.21636255345538,3016.17397260274,5.9273211567713,0.9066002490660892,312.8405479452051,13.705638738447622,50.66870944479887,160.17534246575386,0.12602739726027398,39.05188875051057,66.4284
-4224160662,A,10259.071285124379,586.2962962960008,30.26996876396845,2701.5,33.74497991966601,107.74698795180711,28.744352409638555,686.893373493975,4.076122672509221,121.64906662210767,3077.7213855421687,2.5803212851400654,0.47645125958383766,176.6530120481924,12.600868590636376,60.087587190815775,160.34698795180756,0.08433734939759036,20.42533771449756,64.35705
-4224160662,B,554.0234741784145,616.1001564944229,246.00104329680534,2721.619014084507,50.63179074445702,175.29464788732426,41.26496478873239,1300.2819718309868,6.59577464788888,6.569448310413804,166.20704225352114,6.079029733957468,0.8476312419975206,320.18591549295763,14.11202096298119,55.71979243879095,159.891830985916,0.2084507042253521,30.333760136574494,69.36975
-4224160654,A,69.37807276302712,591.8518518519996,144.56899377246617,2705.25,68.2005899704804,210.24070796460234,56.00387168141593,1672.5017699115072,7.9052024671523,0.8226648944232219,20.813421828908556,5.483857751554805,0.9064092249933827,327.756932153392,14.89263908896809,58.457537649380406,160.39646017699158,1.0,39.9597747385169,60.3432
-4224160650,A,10067.560738583672,575.9259259260048,192.86470143614275,2694.5,69.12397612104456,216.8921282798841,56.68549562682216,1619.8416909620994,8.327193214951794,119.37819057605827,3020.268221574344,5.219468739875097,0.9090909090909962,340.49795918367334,14.59624381313474,60.114700015287184,159.78542274052535,0.5626822157434402,40.272108843526325,61.0698
-4224160650,B,329.53976764983673,604.6072882532368,46.33700724850839,2713.8605898123324,38.67866717732244,116.57694369973197,29.920408847184987,948.2646112600537,4.592005849381097,3.9075861776644247,98.86193029490616,3.855376824543664,0.9090909090909959,195.7597855227885,18.41885404326842,55.10476929584424,160.35174262734665,0.5201072386058981,20.984645381429523,65.64225
-4224160646,A,9873.662100456606,567.9452054795066,20.533739218676637,2689.25,69.92172211347719,216.53589041095924,57.66267123287671,1543.940547945206,8.094520547948232,117.07899723867976,2962.0986301369862,4.174657534244438,0.894146948941555,372.46136986301326,6.993947116914219,50.03965392929645,159.28109589041148,0.08767123287671233,40.69738480695641,62.62545
-4224160600,A,9326.319648093995,534.9896817638835,314.1153470186389,2666.8687683284456,68.8046362240192,209.644574780059,53.665689149560116,1625.1105571847527,7.556784857371064,110.58877053069477,2797.8958944281526,5.374714890842962,0.9037589976007265,327.42756598240476,10.190274841436297,62.06860626633832,161.44516129032294,0.5747800586510264,39.86936816848597,61.6548
-4224160600,B,9721.82550644537,556.6666666670039,252.71945979127068,2681.5,66.68902920283188,208.35248618784547,53.36153314917127,1465.6350828729292,8.188096433954732,115.27856331748555,2916.5476519337017,5.203729281766177,0.909090909090996,353.2950276243092,14.047924964659911,55.67207036924119,160.13259668508337,0.12154696132596685,37.67704671019307,61.18935
-4224160592,B,9728.77230046944,556.8335941577021,258.8815858111408,2681.6133802816903,67.19248826290014,210.06422535211325,53.830105633802816,1499.7642253521137,8.252368758006172,115.36093636925074,2918.631690140845,4.960876369325711,0.9090909090909961,362.12281690140844,14.176220111358829,56.542624165999435,159.98197183098637,0.11549295774647887,37.79598804950575,60.39825
-4224160584,B,9285.838081671625,533.1339031337677,278.06900918019966,2665.616096866097,66.69515669514709,203.52820512820523,52.096688034188034,1478.4111111111129,7.99740999741656,110.10875195661794,2785.7514245014245,4.900680595123653,0.9065009065009934,337.7310541310546,14.243689127402531,57.6885590042981,160.18233618233654,0.1168091168091168,37.11387378053435,75.86415
-4224160580,B,9292.469135802501,533.5011079455029,283.95483802888384,2665.863247863248,67.3897707230947,208.65641025641054,53.39832621082621,1516.8222222222234,8.217689717694709,110.18738105687147,2787.740740740741,5.494222855332583,0.9039109039109905,342.7566951566958,14.536540117929883,57.86812115754243,160.17321937321995,0.1396011396011396,37.99102132435133,71.907
-4222160606,B,3383.1115591403495,6.821983273599352,94.59378733574314,2829.355510752688,84.77214541716727,274.6935483870967,65.63172043010752,1798.130645161291,10.20259042034509,40.115947341567534,1014.9341397849462,4.819295101550664,0.9066471163246222,329.06774193548466,13.567766941731941,53.91058290882539,160.22365591397914,0.17473118279569894,44.07380254156179,59.78145
-4222160590,B,6936.165730335454,207.7777777779994,151.68955472307908,2965.111657303371,34.23087212412693,103.16629213483135,26.377282303370787,759.1415730337081,4.0550306435266785,82.24702447039053,2080.8504213483147,4.33520599250639,0.9090909090909961,181.63033707865188,17.674418604649066,56.8901537551191,159.9640449438206,1.0,18.71722846442192,72.45435
-4222160582,B,3168.277777778,763.8724279836598,229.60699588471948,2821.3645833333335,67.19708994707953,210.23666666666708,53.85069444444444,1491.1541666666683,8.27500000002011,37.56853864733203,950.4840277777778,5.102237654319769,0.909090909090996,354.3477777777786,13.972222222214954,55.91410818708602,160.07111111111172,0.11944444444444445,38.06144781144479,57.58005
-4222160578,B,3732.7370689650857,27.1594295444597,40.21072796935729,2843.084051724138,46.32731253421315,120.49655172413773,31.245510057471265,1121.3172413793095,4.777168234070805,44.26170437508243,1119.8211206896551,5.138090676883173,0.8098223615465775,256.7793103448279,17.980486500927615,56.63906533570584,160.3494252873568,0.33620689655172414,22.865726227795186,85.6827
-4222160448,A,3409.2681775256938,7.941454202079542,117.83653341735958,2830.1104815864023,67.89828679344787,214.23909348441958,56.97769121813031,1466.179036827197,8.061550347670668,40.4261048718421,1022.7804532577903,5.438700031474297,0.9090909090909961,339.6249291784702,14.280914421233101,56.43283137015562,159.7461756373943,0.1359773371104816,40.58889175035166,65.16345
-4222160432,B,3630.594900849774,20.0,270.86349805918286,2838.25,33.7326318629402,102.2617563739376,26.181834277620396,835.2518413597728,4.0198300283346695,43.05053242111722,1089.1784702549576,2.478753541075726,0.5099150141643567,176.14617563739358,14.089860992155758,55.62732965553119,160.0906515580742,0.5382436260623229,18.497725126623884,78.6462
-4222160428,A,3016.179962013476,756.6666666670042,94.41806478844157,2816.5,68.28381495045842,212.96068376068405,56.63906695156695,1539.8555555555567,8.021497021498623,35.76503609111474,904.855413105413,5.368391896167686,0.9065009065009934,337.5076923076918,14.36493738818859,57.1348777927131,160.16410256410322,1.0,40.25727359057972,53.6943
-4222160428,B,3513.1357142854567,13.333333333299969,210.17777777776314,2833.8621428571428,67.34013605441467,204.67885714285748,52.42232142857143,1518.2588571428578,8.032467532474094,41.65773574252232,1053.9407142857142,5.35158730158579,0.9090909090909961,340.7280000000004,14.314285714279979,57.56240601498173,159.96342857142915,0.5685714285714286,37.138528138532806,79.52355
-4222160420,A,3009.4812206570145,756.4621804903378,88.46113719353279,2816.362676056338,67.84439973170115,211.87943661971843,56.34507042253521,1500.1487323943677,7.955185659413406,35.685575906019686,902.8450704225352,4.762128325507387,0.9065300896287679,336.8833802816895,14.201768752040522,56.831356560353086,160.08112676056365,0.5380281690140845,40.04865556975862,53.7738
-4222160392,A,3022.8328611898296,756.8439827931459,100.33364809567196,2816.6203966005664,68.63348172127647,211.92407932011355,56.438562322946176,1596.8677053824367,7.979783672420022,35.843895911938446,906.850566572238,5.43319169027121,0.9065155807366307,337.8322946175632,14.308584228204628,57.05494259723408,160.21756373937706,1.0,40.04635591035227,53.42655
-4220160702,A,4650.083826430326,82.02717510411333,165.49419241722495,2880.119082840237,67.83460129611842,205.9597633136095,54.73095414201183,1669.4884615384608,7.76479289941011,55.13933391022487,1395.025147928994,5.4220085470062696,0.9064012910167626,324.29467455621307,11.95472684738919,60.31882591087823,160.11360946745629,1.0,39.04159942620085,68.09415
-4220160702,B,5121.015325670747,105.3597275437466,266.40911025962646,2895.8685344827586,65.98795840174954,192.85862068965517,49.33459051724138,1709.5448275862097,7.569618599813394,60.72350188541213,1536.3045977011495,4.7405810983391286,0.9064785788924589,323.5206896551731,14.560946271044164,56.6091954022491,160.4413793103453,0.15804597701149425,34.862417276208845,84.64815
-4220160694,A,4883.3211500977195,94.61555122370724,55.113710201439474,2888.6162280701756,65.18100807572411,200.6561403508773,53.28216374269006,1587.9842105263165,7.525385433281596,57.9049938746614,1464.9963450292398,4.986598440543281,0.9037745879852009,314.9590643274852,14.735482116136469,58.7276854416235,160.39298245614089,1.0,38.113592060946566,79.85925
-4220160686,B,4548.910440613046,77.40740740740043,75.57045551299014,2877.0,86.18500273659521,278.0965517241379,65.76867816091954,1826.018103448277,10.212904911192929,53.93967788833144,1364.6738505747126,4.445242656447277,0.9064785788924589,327.0287356321838,14.541566426083362,57.73366606165908,160.18390804597755,0.16666666666666666,44.265064437490096,82.76775
-4220160682,B,3467.85283194131,10.172289280938159,169.9288146084374,2831.633008356546,44.28571428571814,146.26629526462406,36.27350278551532,1217.4518105849577,6.080779944301026,41.120784568477006,1040.3558495821726,5.058805323427642,0.7546214231451729,258.5203342618383,13.792835395473482,56.93006890479407,159.9643454039002,0.23676880222841226,24.57246560310888,69.39165
-4220160678,B,3526.3873239436057,13.873761085038584,221.9029733958734,2834.1154929577465,67.4567404426483,207.7453521126762,53.17869718309859,1443.834929577464,8.158770806670764,41.81489728887658,1057.9169014084507,5.332942097025931,0.9039692701665398,349.2191549295782,14.344579102516674,56.689399555175314,159.95492957746544,0.1295774647887324,37.73452838241641,74.18535
-4220160674,A,3046.2690476192574,758.148148148,121.15978835976595,2817.5,68.0734693877326,213.4697142857144,56.72678571428571,1500.4414285714286,8.047792207792789,36.12176736306718,913.8807142857142,5.32579365079231,0.9064935064935933,338.3839999999997,14.332225913615664,57.88421052626928,160.164571428572,0.5657142857142857,40.386147186127914,58.9389
-4220160650,A,3431.463068181761,590.0,189.10984848487217,3223.0,67.1063311688015,210.1704545454544,55.83096590909091,1493.2235795454544,7.899793388431385,40.68928539345626,1029.4389204545455,4.925426136361651,0.9090909090909961,328.8806818181826,14.454281183926769,57.2824461721967,160.2181818181822,0.11931818181818182,39.82265840219515,65.65575
-4220160646,A,6210.986394558047,166.66666666699933,196.19047619048106,2937.3651603498542,65.41302235177824,201.43206997084556,53.56960641399417,1602.1040816326515,7.604823747681998,73.64806001451718,1863.295918367347,5.589974084870142,0.9037900874636435,311.46938775510125,14.655230863103734,58.07350007667471,160.03731778425717,0.18658892128279883,38.36116264686043,76.0956
-4220160646,B,7627.998554913179,247.94690644406927,112.56476129306664,2992.115606936416,33.637489677949105,102.09017341040462,26.116329479768787,857.8985549132954,4.043089858130891,90.4505757499584,2288.399566473988,3.32530507385867,0.5070940620074074,178.44739884393078,14.421293184563453,73.49672954054361,159.98150289017397,0.12138728323699421,18.28253634611444,73.74045
-4220160604,A,3415.968208092775,8.148148148150046,123.80218368654056,2830.25,85.67162124953192,279.8219653179189,67.7826950867052,1822.911849710983,10.15961639516446,40.505551874608784,1024.7904624277458,4.9923731534984315,0.9064634787179009,327.15491329479755,13.392257023787517,57.404167934229804,159.93526011560758,0.18208092485549132,45.846032580146996,64.4562
-4220160604,B,3720.5042613635787,26.470959595977288,29.337121212117328,2842.6178977272725,65.97537878787142,201.9613636363636,51.62642045454545,1577.8491477272737,7.914772727282278,44.116651320522514,1116.151278409091,5.2821180555538865,0.9039256198347974,331.8397727272724,14.304307610988134,57.34300239228548,159.80909090909154,0.15625,36.68044077135196,82.51935
-4216160702,A,2879.069173630139,745.1851851849951,78.8445269782327,2808.75,67.90821063799187,213.26573816156028,56.8549791086351,1470.538997214484,8.017092934922443,34.139160161635985,863.7207520891365,5.583797585885257,0.9040263357812969,344.6339832869075,13.978752348248427,55.44421639050008,159.94651810585023,0.11977715877437325,40.50645733095611,55.0086
-4216160694,A,2884.660056658727,745.3551568566747,83.97649774419166,2808.8654390934844,35.2947524618805,109.18640226628888,29.128009915014164,875.2572237960339,4.1135719804282465,34.20545521730443,865.3980169971671,3.1881491973548144,0.512490342518722,180.36600566572235,14.24995058962525,56.644550469608696,160.02719546742242,0.11898016997167139,20.72280882478843,56.9127
-4216160690,B,3077.7945205479996,759.7919837647953,149.18518518522188,2818.609589041096,66.81800391388474,208.61917808219215,53.45890410958904,1471.015890410959,8.208468244103173,36.49558720017724,923.3383561643835,4.324961948248655,0.9066002490660892,355.9912328767127,13.811404906015024,55.906272530594265,160.07013698630183,0.09315068493150686,37.53673723536773,60.7173
-4216160670,A,2006.4400377700547,696.8366383382163,193.92928339129386,2776.114730878187,33.68002158369466,104.58356940509904,27.837287535410766,841.7481586402259,3.9258305433949867,23.79177910400351,601.9320113314448,3.229461756372972,0.49703837239252957,175.21813031161486,14.23545688121168,60.41225585203025,160.1813031161477,0.5779036827195467,19.798265945572766,64.90665
-4216160670,B,2545.0725655431456,725.9259259260069,109.25925925928917,2795.75,67.64847512037737,207.85617977528125,53.297928370786515,1485.998595505619,8.209269662941152,30.178726073627,763.5217696629213,5.363607990010244,0.9065372829418641,344.53370786516797,14.068460935453045,56.20638675335531,160.25168539325895,0.5617977528089888,37.79536942458129,67.6425
-4216160666,A,1651.269493177603,679.0610786224261,209.18778427552076,2764.1162280701756,68.99331662487201,216.2035087719302,57.58497807017544,1730.881578947368,8.174109516216129,19.580270670098255,495.38084795321635,5.2895549057811655,0.9090909090909962,334.018713450293,14.60152318780695,58.52646968292956,160.30877192982493,0.14327485380116958,41.02339181285125,61.4217
-4216160662,A,1904.4074598675359,692.386947854424,103.29241422723908,2773.111898016997,67.99271549977506,212.56657223796083,56.606763456090654,1526.0600566572257,8.001673963430889,22.581934631435164,571.3229461756374,4.75330500471865,0.9065155807366307,334.1201133144469,14.224916002366522,57.2431787684008,160.19943342776253,0.11614730878186968,40.30903940251936,63.6816
-4216160658,A,2123.2577903684987,702.3879970622738,297.81345084469956,2779.861898016997,67.86726021851167,210.41813031161536,56.1003895184136,1589.2776203965989,7.924027813547925,25.17696984625895,636.9773371104816,5.479225684607047,0.9065155807366307,334.5008498583569,14.286843665586549,57.0161771283096,160.17223796034037,0.14730878186968838,39.80255815948939,58.9947
-4216160650,A,2142.215854822893,703.1295765678416,314.6959567017757,2780.3631805157593,58.705143948676366,185.7661891117482,49.634670487106014,1329.3189111747856,6.969132586611286,25.401769029508745,642.6647564469914,3.94141992995693,0.7892680385517824,322.48137535816596,14.531885120269616,56.345573819885,160.20171919770814,0.5673352435530086,34.54198141876085,59.3889
-4216160646,B,2587.935393258455,727.7777777780065,147.45734498539332,2797.0,67.32744783305714,207.48539325842748,53.11622191011236,1435.7806179775275,8.14708886620579,30.686980947718826,776.3806179775281,5.45802122346783,0.9090909090909961,344.84044943820106,14.294486542979728,55.55440567706578,160.14382022471972,0.12921348314606743,37.659176029961195,64.34745
-4216160642,A,2872.428240740833,744.9814814814989,72.94032921810415,2808.6125,68.06349206346806,213.85666666666742,56.99565972222222,1489.6266666666686,8.031186868689053,34.06041392183594,861.7284722222222,5.420524691355854,0.9040404040404906,341.2499999999994,13.928294573637453,54.826754385910114,160.07111111111166,0.13055555555555556,40.57323232321514,56.9673
-4216160640,A,5054.405458089415,102.39332900158439,207.18431882170233,2893.8654970760235,66.61514898354744,206.24210526315778,54.667397660818715,1654.2842105263178,7.782429558746272,59.93366155839051,1516.3216374269007,5.735867446392158,0.9090909090909962,325.83976608187083,14.632122943009316,62.638888888832454,159.91578947368487,0.16374269005847952,39.114832535870896,78.65925
-4216160640,B,5566.618075801516,131.11111111100033,306.0274268437372,2913.25,66.34874357905748,201.5650145772594,51.560677842565596,1577.9991253644334,7.920487675599901,66.00732896207968,1669.9854227405249,5.6037414965970225,0.9064404982773199,333.3877551020406,14.621330259671993,57.24413073493931,160.36384839650194,0.5801749271137027,36.645463380157516,81.0711
-4216160624,A,1733.0651340995116,682.3882503193414,281.9412515965801,2766.3635057471265,34.78106185001643,107.19655172413783,28.582076149425287,856.3974137931023,4.091300940439426,20.55017945569956,519.919540229885,4.305156449551106,0.9064785788924589,177.8804597701147,18.03862603581941,57.32115849963245,160.08275862069004,0.1206896551724138,20.342215256001683,58.81275
-4216160624,B,2189.3767705379887,707.4074074070028,28.263561011438256,2783.3611898016998,66.97558343449953,204.73767705382463,52.47698300283286,1548.2558073654388,8.051120267853769,25.961017366664077,656.8137393767705,5.443421466791151,0.9039402523822653,334.5008498583565,14.307266618351134,57.21522290138443,160.17223796034042,0.5637393767705382,37.2589921881683,70.71435
-4210160444,A,4519.742120344098,76.09466199722794,49.650854292686866,2876.1138968481378,66.31327602672013,203.67335243553003,54.14308739255014,1629.462464183381,7.6682729877583835,53.59378008312886,1355.922636103152,4.929560649472327,0.9064860640792741,329.11633237822457,14.268008262802907,57.667018549181186,159.9174785100292,0.13753581661891118,38.67152904401275,75.0489
-4210160444,B,5035.6345785437925,101.48148148100073,190.54916985952866,2893.362787356322,65.78544061302193,194.87586206896535,49.95959051724138,1586.694827586208,7.657784744009601,59.711110353922905,1510.691091954023,4.930156449550645,0.9064785788924589,319.0229885057468,14.623763699541032,53.9031306714488,160.32183908046014,0.5488505747126436,35.74625566004693,81.4941
-4208160362,A,4007.2039800997018,42.404643449412056,284.18131564392314,2853.3746268656714,67.02629708597951,204.96358208955226,54.524253731343286,1689.945671641794,7.712618724560883,47.51628222523264,1202.1619402985075,5.486318407958477,0.9063772048847546,310.9922388059702,9.945852134674537,58.144147682587445,160.23880597014983,0.1701492537313433,38.96426956127874,82.58775
-4141512120,A,5246.916182170319,113.87919896652926,21.851851851848146,2901.6191860465115,66.71788482832918,209.01976744186035,55.53143168604651,1660.9578488372076,7.847647991545048,62.21639741705028,1574.0748546511627,5.524870801031676,0.9064482029599178,328.03139534883707,14.705246078954572,58.08751529982064,160.13023255813994,0.16569767441860464,39.58157152922406,78.4977
-4141512120,B,5684.3063446968745,138.51851851899903,63.59006734005894,2918.25,65.98620129868775,199.86818181818168,52.14044744318182,1667.7928977272752,7.706869834719984,67.40284203199128,1705.291903409091,5.49439709595775,0.9039256198347974,328.4590909090917,14.248150105701685,57.054799641096004,160.12727272727304,0.5681818181818182,36.98605371899956,73.27635
-4141512112,B,3797.641791045434,31.283582089554937,97.90381426206078,2845.8664179104476,62.21179815207038,168.5982089552236,42.67070895522388,1245.1943283582077,6.650881953879933,45.031325585501094,1139.2925373134328,3.0298507462671695,0.6865671641791715,253.26208955223876,10.54564387365068,60.42262372343116,159.7420895522395,0.6029850746268657,37.42379014019261,83.1564
-4141512104,B,5677.699327569625,138.31572206225593,57.73508378695796,2918.113832853026,66.97543570741536,204.78847262247822,52.49099423631124,1523.5962536023078,8.073094052936112,67.32449795538261,1703.3097982708935,5.502321485749271,0.9064710505633564,344.81959654178775,14.397158367396228,57.54095252535105,160.22132564841542,0.14121037463976946,37.13649462929276,78.8967
-4141512096,A,7793.089488636099,256.4646464646381,259.51388888887226,2997.864346590909,66.9142316017103,207.24204545454558,55.03995028409091,1676.8892045454538,7.770532024795707,92.4082038268164,2337.927556818182,4.802714646462459,0.9039256198347974,321.76136363636306,14.063821353062393,55.24372009564136,160.4454545454549,0.13636363636363635,39.306129476567556,74.30415
-4141512096,B,8137.215160075057,274.9884913161841,222.38543628372042,3010.3679378531074,65.56497175140608,199.47457627118663,50.81656073446328,1557.510169491527,7.835644581415938,96.48877314039869,2441.1666666666665,4.686911487756822,0.9090909090909961,318.3062146892654,14.109841019571569,56.356303895267985,159.89152542372943,1.0,36.280602636541154,76.24665
-4141512092,B,7812.387452107301,257.2030651338952,276.6155810983591,2998.362787356322,66.46278051449694,203.9206896551723,51.82561063218391,1551.3146551724137,7.9894200627073095,92.63700536095158,2343.7162356321837,5.561143039588931,0.9064785788924589,335.54942528735626,14.550253942791327,57.9404869932833,160.35862068965565,0.5718390804597702,37.08725182862998,76.8204
-4141512072,A,7481.794315992085,238.3194176837235,308.05609077283225,2985.615606936416,66.90338563168993,207.98497109826582,55.203215317919074,1619.3904624277466,7.824093536522795,88.71692864812977,2244.5382947976877,5.577633269105686,0.9064634787179009,332.2612716763012,14.55908052156815,59.69348950403837,160.0000000000004,0.5809248554913294,39.437729900138244,70.3578
-4139512020,B,8272.32717803035,280.90803872062804,342.3716329966081,3014.3636363636365,67.39718614717772,207.42613636363666,53.12144886363637,1492.8025568181808,8.141399793399097,98.09083610311801,2481.698153409091,5.592250631311557,0.9065082644628967,347.0329545454542,14.162262156441715,57.689518540617435,160.13636363636422,0.5568181818181818,37.645488980718795,73.5135
-4139512004,A,7462.772157996181,237.40740740699954,291.21173196320797,2985.1148843930637,66.94054500410994,206.19190751445106,54.77059248554913,1630.7973988439317,7.733972674726236,88.49136946240147,2238.831647398844,5.552745664738346,0.9064634787179009,334.61618497109845,14.64511359053198,57.08282628532554,160.20346820809303,0.5924855491329479,39.06813802765214,69.5982
-4139512004,B,7817.461795607827,257.4074074069991,281.2862145813635,2998.5,34.02919907217562,102.749570200573,25.961676217765042,805.2997134670482,4.041807762443699,92.69717544194852,2345.2385386819483,3.319006685767735,0.5131544673092462,177.18624641833816,14.3832877990227,59.00806816462386,160.1467048710605,0.5587392550143266,18.707128592514614,75.3372
-4139511866,A,7647.434971099548,248.8888888890014,130.14343823598833,2992.75,34.274704101284144,103.8971098265895,27.64360549132948,816.1144508670516,3.9368102995271075,90.68104708813478,2294.2304913294797,2.6131984585728927,0.5097214923805027,173.1063583815025,14.874983196659198,58.15789473678344,160.08323699422016,0.10404624277456648,19.71361008932895,72.10635
-4139511854,A,7805.930952381165,256.84232804248353,270.94391534392855,2998.1192857142855,66.51156462583646,205.22057142857125,53.53839285714286,1587.4002857142866,7.875064935072184,92.56044607565619,2341.779285714286,5.58492063491859,0.9064935064935933,331.8319999999991,14.444518272418357,56.84022556384717,160.4937142857147,0.16,38.07359307358204,71.9658
-4139511854,B,8150.17391304345,275.55555555599886,233.81427804619696,3010.75,67.42305037955822,205.88173913043468,53.71286231884058,1693.0069565217395,7.899736495391642,96.64237841554275,2445.0521739130436,5.466586151366202,0.9090909090909962,330.22956521739064,14.847320525777178,58.85697940498765,160.02782608695702,1.0,38.1317523056581,74.034
-4139511850,A,7799.460362941501,256.66560543384645,265.2552265732207,2998.0,67.24109701184848,208.38739255014343,55.43964899713467,1632.5914040114624,7.824563688463237,92.48374803221122,2339.8388252148998,5.633954154725894,0.9064860640792741,329.47736389684746,14.292663423728552,58.448951892565354,160.61432664756495,0.15759312320916904,39.52157679949018,70.1346
-4139511850,B,8143.780193236925,275.3601717660808,228.18035426727837,3010.61884057971,68.04278812973901,204.78608695652179,52.117753623188406,1667.2330434782616,8.027404479583398,96.56659219797818,2443.1355072463766,5.0632045088545805,0.9090909090909962,325.806376811594,14.579036063356028,58.056445461429426,159.83304347826137,1.0,37.20509442249239,73.5351
-4139511842,A,7469.321256038379,237.5899087492319,297.00268384329866,2985.25,66.19737750170704,205.10956521739135,54.516304347826086,1605.6469565217383,7.6872200263532475,88.5690267514436,2240.796376811594,5.425120772946221,0.9090909090909962,323.68,14.634984833160821,57.83028222726298,160.0556521739135,0.2028985507246377,38.86429512514096,69.7959
-4139511842,B,7742.305871213613,254.23926767652912,214.5307239055742,2996.362215909091,34.47916666666303,104.3249999999999,26.700994318181817,858.5207386363643,4.082902892564742,91.80602654509406,2322.692471590909,3.280066287877413,0.5139462809917866,181.10909090909107,14.23361522198063,56.611468301378075,160.1090909090913,0.12215909090909091,18.889462809916765,70.6215
-4139511834,B,8229.778761063395,279.0636949633343,304.4182235332654,3013.118731563422,36.055625790135956,109.90088495575218,28.07706489675516,882.6769911504422,4.320997586489937,97.5863094197157,2468.933628318584,2.647492625367525,0.5014749262537375,186.9970501474926,7.732729642585808,59.44612637783033,160.22654867256682,0.08849557522123894,19.942790739251926,72.4614
-4139511830,B,8188.042474607179,277.5736123934323,267.35816148558325,3012.112188365651,39.76784065426971,139.59889196675903,33.170879501385045,1071.5493074792241,5.230924200458569,97.09141274237709,2456.4127423822715,2.9328254847631032,0.6547469151347906,266.775623268698,12.945306963855657,53.89196675895574,161.66648199446024,1.0,24.567279442621444,74.913
-4139511826,A,7699.7004830932565,251.64787976362348,176.30917874412128,2994.6123188405795,34.35058661144497,105.77043478260862,28.108695652173914,806.3730434782602,3.968774703558584,91.30079624217548,2309.9101449275363,3.145330112720404,0.5006587615283767,173.19420289855046,14.582406471177336,57.56445461474823,160.76985507246428,0.5507246376811594,20.030742204648455,66.46995
-4139511826,B,8223.231822473852,278.8888888890021,298.6675060329605,3013.0,50.23202482125205,157.03002832861188,40.17528328611898,1135.2756373937666,6.1558073654493715,97.50867773685252,2466.96954674221,3.718917217499466,0.7159412825135899,284.0135977337112,14.32505435139933,57.835470403999395,160.28101983002878,0.11898016997167139,27.96291527169837,77.088
-4113511826,A,9951.47031963431,571.270421105763,89.6093353627587,2691.358904109589,66.06523157205699,205.77205479452078,54.715753424657535,1480.2156164383543,7.71531755915534,118.00162434355353,2985.441095890411,5.813546423134128,0.909090909090996,337.5342465753425,13.704364447269816,54.29091564522585,160.0613698630141,0.17534246575342466,38.989622249887006,62.3022
-4113511826,B,252.16530054640984,599.420157862799,307.0532280914181,2710.3586065573772,53.144678636484066,189.78688524590163,44.90181010928962,1391.309016393444,6.949329359171745,2.9901023780212164,75.64959016393442,6.100106253792786,0.9041231992052529,353.8786885245895,14.93773033421807,55.68377911986525,160.1923497267764,0.7213114754098361,32.80178837555102,64.34145
-4113511822,B,10281.512003678095,587.212475633317,50.22263260492622,2702.119113573407,34.10499934045259,103.28975069252061,26.519217451523545,834.3191135734063,4.112692017128307,121.91516209904522,3084.453601108033,4.342489996920289,0.909090909090996,182.24819944598326,17.436706822134962,55.56349322053466,160.0177285318565,0.11911357340720222,18.725761772855687,69.0819
-4113511818,A,9259.550561797554,532.0193508114619,254.80233042041,2664.8637640449438,68.3319957196633,212.8247191011236,54.430301966292134,1519.1485955056196,7.664198161388657,109.7970422348084,2777.8651685393256,4.770599250933968,0.9065372829418641,339.02808988764076,14.044290567018496,55.989798935492125,160.0539325842702,1.0,40.22812393596851,65.0223
-4113511818,B,9978.720400728584,572.2222222219953,113.86156648456546,2692.1072404371585,66.84100962788561,211.21311475409848,54.12226775956284,1482.7672131147524,8.27955787383052,118.32474783470231,2993.6161202185795,4.708940497873021,0.9066070541481244,364.948633879782,13.59067225822358,54.8759706643238,160.05245901639398,0.546448087431694,37.78522934260285,64.29195
-4113511814,A,9436.104048962683,541.8518518519996,70.63402385436561,2671.5,35.417002959391496,109.179661016949,27.942266949152543,860.1262711864406,3.9345146379043756,111.89056184531637,2830.8312146892654,3.233678593846722,0.5136106831022595,182.03954802259906,14.03954802259168,56.18458221820417,160.07231638418148,0.12146892655367232,20.71563088512228,58.27905
-4113511814,B,9910.8580413301,569.6296296300044,53.58490566037839,2690.25,67.16852778846425,211.94393530997328,54.235175202156334,1467.9137466307275,8.292452830193614,117.52005582597324,2973.258086253369,3.8933812518694038,0.9041901494732547,361.1622641509424,13.544787814197257,55.0209249538383,159.78436657681996,1.0,37.75463530180434,67.5714
-4113511808,A,9758.737957609681,558.1481481480004,285.23228430748384,2682.5,45.72529589867118,143.0601156069363,36.362897398843934,1048.4236994219648,5.280215449292109,115.71626036682915,2927.621387283237,3.467405266537245,0.5911718339464587,220.5768786127166,14.40650625083318,59.26262549431729,160.046242774567,0.12138728323699421,25.370467682603813,53.64735
-4113511808,B,10163.930243444664,579.4298793175542,278.5330836454021,2696.866573033708,84.01952915985261,270.4617977528089,64.4557584269663,1780.1199438202232,10.030132788565455,120.52091197761477,3049.179073033708,5.033941947563924,0.9039836567927321,324.86292134831467,13.960020904096849,56.991055588353746,160.26067415730384,0.6348314606741573,43.3895131086275,69.23745
-4113511804,B,101.40804597702575,593.1353767559297,173.0310770540746,2706.117816091954,67.50273672686652,205.06896551724194,52.62841235632184,1521.605172413793,8.08085161965196,1.2024669483437376,30.42241379310345,5.479326309065884,0.9038662486939215,337.3999999999993,14.410585404965552,58.98782516630577,160.3954022988509,0.5689655172413793,37.27969348659197,72.5376
-4113511800,B,384.1550279329187,607.2004965857723,94.94516863234905,2715.611033519553,67.71481777067754,207.91173184357572,53.30132681564246,1424.2516759776547,8.187531742005437,4.555197959678337,115.24650837988827,6.284916201114828,0.9065515490097363,329.82905027932935,14.030791217353608,51.71493678324495,159.97318435754246,0.5642458100558659,38.53309632638585,67.19175
-4113511796,A,9586.265172735943,550.5353252411162,132.21910986623504,2677.362044817927,68.07789782582536,211.7378151260507,54.19817927170868,1496.103361344537,7.634071810542361,113.6711285305322,2875.8795518207285,4.886788048550081,0.9065444359562874,338.5098039215678,14.331965344272511,55.20934689660803,159.90140056022457,1.0,40.204566675158354,59.1954
-4113511796,B,10276.048014775628,587.0370370369951,45.34933825791935,2702.0,68.50415512464535,212.6360110803332,54.55505540166205,1464.0016620498643,8.355577940070118,121.85037171662903,3082.814404432133,5.269313634962595,0.909090909090996,349.9534626038774,14.307801327057563,56.03586528643075,160.0088642659287,0.12465373961218837,38.526819440950874,71.1123
-4113511792,A,9689.659300185487,555.1851851849957,224.12727644772093,2680.5,35.193370165760186,108.91491712707173,28.012776243093924,841.5704419889504,3.943872425916628,114.89714585220447,2906.8977900552486,2.4884898710853345,0.5148166750377206,178.2408839779003,13.912373120902107,56.593486478573425,160.2033149171277,0.09944751381215469,20.670517327966255,59.8572
-4113511792,B,10043.539944886757,574.9750025507838,171.4559738800253,2693.8581267217633,34.62022825658728,105.83471074380155,27.131542699724516,833.9016528925625,4.149261207115094,119.09335903058695,3013.061983471074,2.5834098561363112,0.5184072126221401,181.74545454545435,14.034211032090612,54.64803537764686,160.40550964187378,0.09366391184573003,19.203606311044723,66.486
-4113511784,B,10269.178208676454,586.8328716529815,39.23874012516971,2701.8628808864264,67.82218704655502,212.04764542936368,54.415685595567865,1441.0986149584494,8.34286074037001,121.76891156531644,3080.7534626038782,4.506386580484166,0.906572651725093,346.78891966758937,14.57579076208893,56.38722845890457,160.31024930747978,0.0997229916897507,38.56962981616838,74.37165
-4113511780,A,9266.26062322969,532.3869478544264,260.7722169761758,2665.1111898016998,85.82894914332356,278.19943342776196,66.22875354107649,1805.1917847025484,9.974633015705471,109.87660818059148,2779.8781869688387,5.1794145420182085,0.9065155807366307,329.6781869688392,14.22886883193281,55.51401520794036,160.03626062322996,1.0,45.57215211606698,61.04565
-4113511764,B,201.88356164376646,597.1973617451109,262.3602232369249,2708.860273972603,64.20743639919058,177.40602739726003,45.31678082191781,1330.7654794520554,7.070361145705285,2.393876225027257,60.56506849315068,6.098554033484523,0.8767123287672073,264.3430136986297,17.251991079959808,60.18889689972344,160.3945205479459,0.8547945205479452,38.98132004979951,60.0153
-4113511756,A,9822.206303726329,560.9062931126934,341.9547914678449,2684.3617478510027,34.93791786054359,108.46418338108874,28.884312320916905,859.0392550143268,4.08609012763857,116.46887776497924,2946.6626074498568,3.3182107609028932,0.5105496222975241,181.49455587392535,14.32398214166412,57.66174031061512,160.3300859598857,0.5644699140401146,20.586090127637785,55.60095
-4113511756,B,10297.232394381428,588.1481481480004,64.18988002085078,2702.75,33.991951710257446,102.22985915492946,26.18573943661972,816.0557746478864,4.029705505766194,122.10156989364299,3089.169718309859,2.5312989045366225,0.5096030729834053,175.1853521126757,14.036030134288996,56.36990363226975,160.01802816901454,0.5352112676056338,18.638497652576145,78.70095
-4113511752,A,9797.268649669857,559.7975028855235,319.7754695205269,2683.6140226628895,66.86092000537458,209.3201133144479,55.571883852691215,1627.3606232294626,7.868787020347818,116.17314604358073,2939.18059490085,4.798552093167658,0.9065155807366307,327.14787535410704,14.456156532047572,57.06687043381888,160.35354107648772,0.5892351274787535,39.70126191088736,56.95725
-4113511752,B,195.31537753225177,596.833435645755,256.5111520360218,2708.6132596685084,66.64693501709078,209.94364640884055,53.89157458563536,1443.2370165745847,8.277624309397128,2.316019915708042,58.59530386740332,5.234039287904604,0.909090909090996,353.4419889502752,13.919439804696193,56.06862460012454,160.28287292817726,0.5552486187845304,37.92064289301852,64.08075
-4113511748,A,9810.34188034187,560.1783264744402,331.38545953363814,2684.0,67.80626780624533,210.72820512820545,56.079950142450144,1624.58888888889,7.89588189588493,116.32816458895144,2943.102564102564,5.536562203227173,0.9090909090909961,336.4945868945861,14.341747830113057,57.61283550751967,160.09116809116858,0.150997150997151,39.97409997409707,56.09865
-4113511748,B,94.8039215686219,592.7699968878784,167.16879344322706,2706.0,66.23582766439317,196.299159663866,50.38953081232493,1848.337815126054,7.723325693916734,1.1241571727492723,28.441176470588236,4.257703081231043,0.9014514896868701,348.75294117647,7.075760536769161,52.59767064714556,159.20224089635897,0.5630252100840336,35.23215346744976,71.89545
-4111512062,A,5104.655587667629,104.44444444400064,251.9546135730176,2895.365606936416,70.39223781986199,226.00231213872829,54.35061416184971,1297.696820809247,8.228323699425076,60.52951289725888,1531.396676300578,4.557642903017227,0.743562795585989,290.5040462427744,14.583277322213545,62.2341801033739,159.79653179190794,0.5404624277456648,37.17113329830397,76.88835
-4111512058,A,5166.742424240584,108.1481481480003,307.25752145110533,2897.8651026392963,33.35567658147306,103.10498533724335,27.350623167155426,854.2372434017589,3.869901359638271,61.26572044554524,1550.0227272727273,3.280791788855601,0.4958677685950909,170.54545454545445,14.610243469953048,60.25119617219057,160.15953079178928,0.5806451612903226,19.544121567571807,76.6485
-4111512058,B,5809.534383953983,144.24917754405809,174.91669319758716,2922.118911174785,66.79628871605367,202.72091690544394,51.86335959885387,1542.165042979946,7.949986975790117,68.88775949352757,1742.8603151862465,5.710760904169161,0.9090909090909962,337.0028653295135,14.495235556733023,60.564771527605245,160.11919770773676,1.0,37.02439871494192,81.19215
-4111512050,A,5240.595238094886,113.51428571425951,16.21587301587489,2901.5,65.73741496596777,202.0319999999999,53.683035714285715,1607.4239999999984,7.583246753248824,62.14144551101692,1572.1785714285713,4.540476190474484,0.9038961038961905,323.41600000000017,14.289700996670545,54.64849624054811,160.0182857142863,0.14857142857142858,38.127272727253114,79.4853
-4111512046,B,6368.379494655216,174.61289277600005,336.09977324263804,2942.6137026239066,66.16548660279656,199.4274052478134,51.08509475218659,1566.0489795918375,7.884309568002303,75.51438135953657,1910.5138483965015,5.690800129573988,0.9064404982773199,337.8612244897953,14.537256763167115,58.75019180600636,160.46647230320727,0.16326530612244897,36.32476367170229,84.4365
-4111511824,A,9964.773603083097,571.6602440589095,101.52643973448731,2691.622832369942,67.3575557390395,212.66705202312147,55.47507225433526,1469.341907514451,8.149238045194924,118.15937078748253,2989.4320809248557,5.073057161205192,0.9064634787179009,354.2404624277463,14.666621857770469,58.155613020941736,160.5086705202316,0.12138728323699421,39.06113154667385,64.21455
-4111511824,B,244.8389904264831,599.045546852295,300.45643554782504,2710.106396866841,63.73865473081419,201.27415143603156,51.5494451697128,1429.9558746736295,7.892950391654728,2.9032549355534174,73.4523498694517,5.51784160139025,0.9043436980774658,356.78433420365457,13.25581395348402,53.16236086294208,159.78276762402155,1.0,36.10807817073639,63.04155
-4111511820,A,9816.85398655119,560.5411463335722,337.1800619063317,2684.115994236311,68.19129957456195,213.74524495677264,56.9128242074928,1506.2878962536006,8.029342415512334,116.40541171645793,2945.056916426513,5.492315081649732,0.9064710505633564,340.72853025936564,14.361637959916663,58.76876990743391,160.0645533141216,0.138328530259366,40.568509300496956,54.59835
-4111511820,B,174.07588454374024,596.0924891370897,237.63500931106435,2708.11312849162,69.66480446926356,218.2994413407825,56.04661312849162,1565.2726256983256,8.553072625707264,2.064140923442625,52.222765363128495,4.543373680940833,0.9090909090909961,362.0916201117307,14.352345069500789,60.73140252860791,160.0983240223468,1.0,39.08583037074532,65.45685
-4111511816,A,3653.523054755332,20.920055502161816,291.21784608819587,2839.0,67.0783587209883,207.86282420749333,55.32780979827089,1666.1429394812683,7.809143306263044,43.32240776388987,1096.056916426513,5.502721741912731,0.9090909090909962,330.9648414985589,14.320085785129919,57.428333080477664,160.25821325648448,0.5821325648414986,39.34940179895501,73.4904
-4111511812,B,4284.63963963952,61.662773885029225,169.94550105657655,2866.3723723723724,68.42699842699108,203.95315315315312,52.17342342342342,1673.5333333333333,8.016243516258202,50.80600363208413,1285.3918918918919,4.930764097429596,0.9063609063609934,333.06546546546537,7.589915496889762,59.662162162112836,160.2594594594598,0.5705705705705706,37.154427154429,84.74295
-4045511868,B,3348.5216572503955,407.21071353818445,60.45616237706231,3606.0,66.51869787460565,207.02711864406822,52.95815677966102,1611.6584745762714,8.127503852104406,39.70579040218818,1004.5564971751412,5.239328311360582,0.9065228556754849,338.6101694915262,14.578898962022834,68.27497769841725,161.48248587570671,0.1497175141242938,37.40198596130617,84.015
-4045511848,B,3564.8949169112607,417.40740740699835,252.8141631367447,3612.8702346041055,64.66554950423745,197.60938416422275,50.524193548387096,1644.5762463343094,7.779125566533906,42.27148122820489,1069.4684750733138,5.332355816224774,0.9037589976007265,322.10674486803447,14.759598990650067,58.329603333794886,160.43167155425263,0.17302052785923755,36.001955034201586,85.5699
-4045511836,B,3170.57094266312,396.83619479553903,234.35266169969378,3598.8731778425654,57.652367069269964,224.71486880466475,62.526421282798836,1453.051311953353,9.392260800429998,37.59570287742221,951.1712827988338,6.588516358922568,0.8772859793268799,364.19591836734674,14.564377245907528,57.339266533614186,159.7294460641406,0.5714285714285714,40.06537680006666,82.2303
-4045511832,B,3547.916666666058,416.7037037040017,237.65577342049664,3612.3875,70.98039215674602,230.04352941176464,55.408088235294116,1599.2294117647066,8.620588235301542,42.07015810277857,1064.375,5.475490196077089,0.8823529411765554,292.99529411764746,14.984952120377653,59.28908668724718,159.9905882352946,0.28823529411764703,37.56862745099339,86.3877
-4045511828,A,3145.2875243663734,395.7266623351226,211.93632228725377,3598.25,65.27011974380103,203.75438596491227,54.10727339181287,1618.1578947368425,7.692450824031096,37.29589949842596,943.5862573099415,5.630279402207597,0.9090909090909962,329.36842105263213,14.555283557725966,59.006232686924776,160.14970760233965,1.0,38.6150983519386,76.0023
-4045511824,B,3354.938446969687,407.4074074069984,66.21001683501547,3606.1186079545455,66.62472943722973,205.26818181818217,51.62020596590909,1613.6803977272743,7.95725723142449,39.78187881783237,1006.4815340909091,4.9700126262607105,0.9065082644628967,325.9056818181828,14.657108879487843,61.937051435347804,161.36363636363694,0.16761363636363635,37.91322314048745,83.6727
-4045511820,B,2999.528668610175,387.9591836735101,82.37555339596048,3593.115889212828,65.34221852006404,199.27346938775497,49.96446793002915,1614.7023323615158,7.684866154278165,35.56753361987527,899.8586005830904,5.553530936181571,0.9090909090909962,322.51428571428636,14.645060682077437,57.17316249802429,160.24256559766803,0.17784256559766765,37.05981093736126,83.29515
-4045511816,B,3157.8212560386078,396.1052066558264,223.05958132045512,3598.613768115942,65.3706004140553,200.3095652173913,51.32065217391305,1562.08,7.879446640344983,37.44452082259998,947.3463768115942,5.634863123992311,0.9038208168643818,336.01623188405875,14.449612403095971,58.388634629999984,160.10202898550776,0.5710144927536231,36.39174352217051,84.15975
-4045511812,A,3139.08477842,395.3628773283114,206.4054806250694,3598.1148843930637,65.05642719514726,201.9676300578035,53.65787572254335,1642.441040462428,7.619285338940108,37.2223777102592,941.7261560693642,4.775610147717962,0.9064634787179009,319.96878612716756,14.514719720386662,58.93824155759403,159.87976878612764,1.0,38.32545104220938,80.33985
-4043511808,A,2905.6022615535107,380.5517316726171,336.34218289100846,3588.1150442477874,33.025705857564056,102.5026548672566,27.30457227138643,858.2070796460182,3.8928667203010026,34.453781757565785,871.6806784660766,3.3304654211716533,0.5014749262537375,171.98938053097328,14.785621184051864,58.907778295253735,159.99056047197695,0.5486725663716814,19.48690444265866,69.92775
-4043511808,B,3784.1402497580384,430.5475504322092,118.904899135625,3621.863112391931,33.41018251679886,102.51181556195962,26.219380403458214,826.2829971181554,4.04964631910743,44.871228258017524,1135.2420749279538,3.125600384245013,0.5056326958344753,178.01383285302617,14.625695328724733,56.35977551943092,159.71412103746448,1.0,18.59226268447695,87.4689
-4043511796,A,2836.4670658683835,375.18629407832344,275.1386116655986,3584.368263473054,65.25805531792565,204.49940119760475,54.25991766467066,1620.6718562874214,7.718290691345338,33.63399682847788,850.9401197604791,5.591317365267245,0.9063690800218617,324.02035928143647,14.910875922567529,58.70193822875264,160.07664670658716,0.16766467065868262,38.8169116312906,75.37605
-4043511796,B,3558.9391615544173,417.2154055894207,247.4892069983315,3612.75,63.45165059886884,191.0981595092024,48.83819018404908,1949.2582822085892,7.485220301187583,42.2008596231838,1067.6817484662577,4.488326516699085,0.9035136642499475,321.2613496932512,7.8142388357787755,30.924685179179445,159.58773006135004,0.5705521472392638,34.299126231630176,86.1816
-4043511570,A,3403.909313725559,409.62962962999984,109.72113289755589,3607.616176470588,66.08263305321428,200.9788235294117,53.411764705882355,1740.4094117647055,7.554812834226077,40.362561032307575,1021.1727941176471,5.314133986926352,0.9090909090909963,317.1905882352936,15.367989056082099,58.33475232192456,160.15058823529455,0.5676470588235294,38.00980392156102,74.95455
-4041511872,A,10119.925595251209,45.74074074074994,182.95414462054237,3884.6212797619046,32.16695011339435,99.78214285714287,26.56156994047619,822.7839285714286,3.753382034632798,119.99911773008985,3035.9776785714284,3.3713624338613384,0.47619047619052407,161.56666666666683,14.82627353266346,59.34210526310316,160.0380952380958,0.5178571428571429,18.885281385282195,79.15335
-4041511860,A,10129.033923296156,46.36731126407578,191.07614989626234,3884.914454277286,52.45399634782278,162.75398230088496,46.62887168141593,1345.9601769911521,6.674711718957378,120.10712162022205,3038.7101769911505,4.2735988200569,0.7937784928936139,250.77758112094384,18.013994649097977,55.855457227082724,160.34926253687357,0.35103244837758113,30.38079914186342,86.16075
-4041511852,A,10272.520020034552,57.214992770525654,65.85696807918463,3892.364864864865,32.40097240098978,102.90810810810807,27.27759009009009,836.9072072072064,3.8523068523079016,121.80853778670557,3081.756006006006,3.445945945946125,0.4968604968605467,163.0390390390387,15.06390111040728,60.1774142562984,160.08648648648682,0.12912912912912913,19.541359541364226,83.77365
-4039511800,A,10515.408062927136,71.28373210969363,281.6104009613892,3901.6238938053098,63.61286697573089,198.09557522123885,52.64472713864307,1625.1035398230094,7.433226065972271,124.68863315726297,3154.622418879056,5.746476565059048,0.9037275408957692,307.54572271386513,14.735542292647471,60.575221238870206,159.89616519174095,0.19174041297935104,37.663359256292885,84.1707
-4039511788,A,10329.061244962633,60.92146363228064,115.68273092370785,3894.8667168674697,32.38095238096837,100.42048192771087,26.61426957831325,831.839457831325,3.8088718510407213,122.47898709458731,3098.718373493976,3.2835508701459633,0.48740416210300624,161.1265060240964,15.053236200609678,59.61992707668057,160.54939759036185,0.12349397590361445,19.143848119755383,84.68055
-4039511784,A,10525.950248759105,71.66279712551702,291.13543394157784,3902.115671641791,33.077469793900924,102.01791044776115,27.103544776119403,865.8465671641789,3.948032564450685,124.81363931322443,3157.7850746268655,3.444444444443102,0.49389416553600607,165.31701492537343,14.973967372432604,57.96661429688039,160.37253731343333,0.12238805970149254,19.50520126640205,83.1678
-4039511784,B,4527.0980392149995,357.9498910675881,260.9084967318768,4095.301470588235,48.928571428567516,150.4376470588237,36.57077205882353,1187.89411764706,5.588636363636869,53.68100441757762,1358.129411764706,5.593137254900328,0.7700534759359035,252.97176470588255,18.821477428172955,56.34945820427292,160.46117647058855,0.34705882352941175,25.095365418890246,84.47055
-4039511578,B,6934.423449612192,509.80620155058097,267.1037898362994,4197.863372093023,63.37209302323424,192.306976744186,49.21420784883721,1636.8662790697651,7.536469344610389,82.22636501517393,2080.327034883721,4.797319121444958,0.9038054968288393,313.3558139534892,14.65657111951913,59.003212974243326,160.54883720930283,0.5436046511627907,34.9374559548983,85.39035
-4039511574,A,10509.271749753956,70.91452155965577,276.1290322580704,3901.5,63.51207931855772,197.82404692082108,52.55590175953079,1640.596187683286,7.438416422288967,124.61587055039347,3152.7815249266864,5.049283154119245,0.9037589976007265,305.1835777126105,14.827115869870765,59.029171168329356,160.2252199413495,0.15835777126099707,37.62107882343721,85.86135
-4039511574,B,4561.428227359016,359.8008991652597,291.1475058875769,4096.5,33.34159097163932,97.15144508670525,24.852781791907514,770.3627167630058,3.8472149238054327,54.0880817473777,1368.4284682080925,4.9883590237613715,0.9064634787179009,152.09017341040453,18.216158085762288,65.89367204130097,160.42543352601194,0.09826589595375723,18.602207041508148,85.1418
-4039511566,A,10305.975124380897,59.25925925929952,95.5820895522257,3893.620895522388,32.41364605545046,101.66328358208952,26.97294776119403,839.2217910447761,3.8284938941657,122.20523862889237,3091.792537313433,3.3117744610269226,0.48575305291728077,160.35223880596982,14.976049982639168,59.28986645712857,160.31522388059759,0.12238805970149254,19.321573948445035,82.98195
-4039511558,A,10301.379056048085,59.060417349527214,91.40609636185599,3893.5,64.45708666950051,198.7716814159291,52.73783185840708,1625.322123893805,7.485116653258508,122.1507397950237,3090.413716814159,5.19706653555965,0.9037275408957692,304.877876106194,15.020237360220422,59.16123272777727,160.38702064896796,0.5988200589970502,37.84481988022573,85.27395
-4039511554,A,10324.238377842134,60.74074074070049,111.6606220464153,3894.620178041543,63.12137911547443,197.63679525222537,52.403560830860535,1630.0032640949557,7.426760183437758,122.42179894679833,3097.2715133531156,5.184223541046144,0.9063933099542278,303.47181008902055,14.883030846725585,60.67468374194673,160.4083086053417,0.1632047477744807,37.6629799478549,88.70205
-4039511554,B,178.32595870203548,86.10400961432197,134.19643832630376,3911.8665191740415,62.53265908134127,192.2194690265487,50.19727138643068,1604.3725663716798,7.394743899175296,2.114537059706984,53.49778761061947,5.11020976728803,0.9064092249933827,303.0772861356938,14.71358990189358,58.69857165030239,160.1227138643073,0.6047197640117994,35.818360597119565,96.936
-4037511872,B,5022.316955685551,509.42838792552834,27.18047527296456,3675.0,33.600330305520814,100.40462427745659,25.14902456647399,883.1358381502887,3.939569101425199,59.55316548240707,1506.6950867052024,2.618818240204338,0.504466631634312,174.06127167630083,14.80239279472464,57.238743535082286,160.1664739884397,0.0953757225433526,18.2641443335024,95.58105
-4037511840,B,5485.814065510983,537.215799614428,105.63048597704686,3693.864161849711,33.55353702173699,101.70867052023121,26.021495664739884,838.6465317919066,4.026011560701701,65.04917864242518,1645.7442196531792,3.2666987797043046,0.5018392012612166,178.9734104046242,14.489850786389658,55.838910860910815,160.3606936416189,0.12138728323699421,18.49886144683237,80.08005
-4037511836,B,5390.031956736963,532.5925925929995,20.493827160481953,3690.617994100295,32.413260289354604,98.28672566371681,24.84697640117994,810.2336283185831,3.96017699116377,63.913422411877285,1617.009587020649,4.373975745655293,0.9090909090909963,173.76519174041331,18.72538931192695,59.3972209283658,160.11327433628352,0.12094395280235988,17.87074282648967,89.1726
-4037511832,A,4755.875748503324,487.5848303392178,317.7134619648567,3660.25,33.6883376105087,105.88383233532927,28.12687125748503,838.698502994012,3.982308111051135,56.393783579106916,1426.7627245508982,2.9640718562858726,0.4899292324442517,168.21796407185613,15.026458710479172,58.48605420731956,160.3353293413179,0.5748502994011976,20.066231174009324,74.61195
-4037511828,A,5096.893004113331,514.6216278005006,93.47050754457497,3678.3765432098767,34.14902998238087,105.6407407407407,28.08545524691358,864.9212962962956,3.9781144781157134,60.43746645193235,1529.067901234568,2.5394375857327187,0.4741863075196887,170.8777777777778,12.601923629050846,71.07334307984993,159.92098765432127,0.09567901234567901,20.028993640095017,78.7752
-4037511816,A,5070.662267839413,513.1454328227047,70.08797653959488,3677.6151026392963,64.95182237120547,202.6240469208211,53.80773460410557,1645.719941348975,7.651559584112213,60.12643005342214,1521.1986803519062,5.549853372432692,0.9064249533458614,321.67155425219926,14.67025847370294,57.84534650403004,160.43167155425238,1.0,38.59592997423506,78.9513
-4037511812,A,5076.827485379941,513.5076889754872,75.57071691575136,3677.75,64.82873851297418,201.1614035087719,53.41922514619883,1661.2061403508758,7.580143540670657,60.19953539975205,1523.048245614035,5.637589343727365,0.9064327485380986,321.35321637426864,14.705562355496406,57.79239766076546,160.45847953216423,0.5906432748538012,38.356370724803774,79.17435
-4035511792,B,5467.858146067444,536.4721181856073,89.45484810652637,3693.363061797753,64.83814874262583,198.27303370786515,50.78125,1610.2727528089881,7.790858018401464,64.83626260159944,1640.3574438202247,4.698033707862932,0.9090909090909961,326.1134831460675,14.08936503788252,56.83471318741779,160.72808988764086,0.598314606741573,35.88270343887546,81.5361
-4035511780,B,5290.52567829439,525.3563738157803,265.21317829468467,3685.75,32.0030454041977,98.11395348837202,24.695675872093023,864.9270348837214,3.841569767442441,62.733506066703804,1587.1577034883721,2.533914728680847,0.49947145877383425,169.24534883720912,14.484180638177268,57.15919522639409,160.36279069767482,0.5523255813953488,17.828576462298336,94.0935
-4035511598,B,6360.298142717176,594.0740740739951,112.49701314220206,3732.117302052786,63.29842200808994,192.59472140762452,48.489736070381234,1610.8944281524916,7.587443348452293,75.4185550519795,1908.090175953079,4.9511241446698655,0.9037589976007265,314.35542521994086,14.7950624019598,58.90608118532334,160.13137829912085,0.5571847507331378,35.13374211320024,86.3664
-4035511582,B,6193.705305651453,583.3333333329965,33.633217993083754,3724.842560553633,61.886637007736354,183.24705882352933,46.393814878892734,1675.5830449826976,7.245832022667676,73.44314591681241,1858.1115916955018,5.505094194537988,0.9059452658069452,300.84982698961886,11.314074193285398,69.83791659070927,160.27681660899682,0.4740484429065744,33.85655866623892,89.8167
-4035511578,B,6365.014749263978,594.2521577622308,116.87534141839738,3732.3650442477874,32.212389380525075,98.49557522123894,24.81471238938053,815.5601769911497,3.868463395018492,75.47448319281257,1909.504424778761,3.282120616189882,0.49611155805851037,168.28908554572266,14.880976881382367,58.56078248714424,160.04719764011836,0.5398230088495575,17.966389559302357,84.5577
-4035511574,B,6199.63149078462,583.6273962406274,38.931695514607036,3725.1984924623116,9.241445321846731,27.214070351758796,6.926821608040201,236.6261306532663,1.06989492919392,73.51341688681094,1859.889447236181,1.8230039084300518,0.19643672910006524,81.39698492462314,16.579408671255628,50.75443004491984,160.22512562814055,0.21608040201005024,4.66423024211774,88.03935
-4035511570,B,6747.15714285744,615.9259259260054,106.11216931215426,3746.8635714285715,65.04489795918707,203.79771428571436,51.38125,1524.3317142857131,7.997272727276011,80.00581592321038,2024.1471428571429,4.894841269839208,0.9090909090909961,338.41600000000034,14.272425249164238,57.71729323303286,160.22857142857194,0.5771428571428572,36.86926406926406,75.89895
-4035511562,B,5228.047337278018,522.0249835634165,209.68441814589607,3683.5,31.968160045072818,96.64260355029589,24.43694526627219,799.7769230769223,3.828536847767869,61.99265617327256,1568.414201183432,2.6331360946730205,0.5002689618074734,168.91952662721914,15.017889087649296,59.34366241040475,160.05680473372828,0.5473372781065089,17.573067957676916,93.2031
-4033511582,A,5977.326388890388,568.8888888889999,200.72751322740518,3715.120535714286,32.93225623584256,102.36071428571425,26.850818452380953,829.0053571428567,3.8645833333334205,70.8773880105562,1793.1979166666667,3.2469411375653565,0.4951298701299197,168.44999999999976,15.038759689916613,74.56766917286157,160.1047619047622,0.5863095238095238,19.416486291491122,73.61025
-4033511570,B,6752.341498560611,616.0977692388822,110.86775536364483,3747.1116714697405,33.54466858790084,103.81902017291057,26.216678674351584,869.3291066282422,4.091433062616598,80.06729049672889,2025.7024495677233,3.1344060198516406,0.5030128373068357,176.95677233429413,14.503719589833386,58.45593811613626,160.35965417867476,0.5677233429394812,18.775652781416802,74.3028
-4033511552,B,7255.92967244734,643.8846071506122,219.67244701350253,3765.865606936416,65.09358656756235,199.28670520231213,50.585260115606935,1604.9401734104024,7.885049921195063,86.0386917681411,2176.7789017341042,5.543513166343923,0.9064634787179009,330.69942196531787,14.507326253522182,58.9880590203304,160.21271676300614,0.5780346820809249,36.148187073039146,80.2875
-4033511548,B,7593.021133525332,664.2459173868825,146.62824207483598,3779.5,32.66776451214093,101.82363112391927,25.71956051873199,819.2585014409224,4.023840712605012,90.0358237176708,2277.906340057637,3.188440601984147,0.4977731202515561,168.47608069164295,14.647141612486436,57.156453814601974,160.19365994236364,0.12103746397694524,18.505807353065507,79.97925
-4033511544,B,7384.816955685509,651.280239777065,290.0663669450462,3770.75,33.092485549126884,101.23005780346814,25.50126445086705,861.7421965317918,3.966237519706645,87.56699947449478,2215.4450867052024,2.6677906229923445,0.5097214923805027,166.68901734104043,14.518080387140586,57.535746881598676,160.47167630057848,0.5520231213872833,18.38763356103873,80.7708
-4033511540,B,6284.934782608665,590.1696188940823,45.55877616746228,3729.371739130435,63.96549344373648,195.17217391304342,49.67300724637681,1664.881739130434,7.732674571819799,74.52491837085849,1885.4804347826087,5.053945249595279,0.9090909090909962,323.73681159420346,14.544657903601221,57.94965675051445,160.4452173913048,0.14202898550724638,35.56697408870188,87.6768
-4033511524,A,7682.9178743958755,669.0649490069179,226.71390230808385,3782.75,66.59213250521027,208.01739130434765,55.352355072463766,1680.7643478260875,7.846113306986174,91.10185026063834,2304.876811594203,5.082930756842066,0.9090909090909962,310.1913043478263,15.837546343100286,57.41189931344842,160.02782608695713,0.19130434782608696,39.38691260429548,76.53705
-4027511790,A,9212.312312312142,336.84239795366335,95.26860193529012,3052.1186186186187,70.8265408265166,221.4666666666666,58.85792042042042,1703.9837837837852,8.314359814361584,109.23690488904197,2763.6944444444443,5.007924591255965,0.9063609063609934,333.37657657657724,8.671694950760962,60.84992887618074,160.18258258258297,0.5645645645645646,41.86550186548168,70.7547
-4027511790,B,9589.413242008988,357.575849822304,89.99695585996312,3066.1157534246577,49.476842791898534,190.5567123287663,44.15582191780822,1400.6769863013699,6.803237858034972,113.70845741507947,2876.8239726027396,6.519025875189649,0.8991282689913687,336.21479452054837,14.207072316018547,53.7512617158818,160.11397260274026,0.19726027397260273,32.41926110418831,67.27005
-4027511786,A,8989.672531770691,320.7407407410021,289.36895840114147,3041.25,33.720150816914696,103.42873900293252,27.5274926686217,839.1976539589433,3.8954945347917618,106.59690749147244,2696.901759530792,3.2201042684906747,0.4958677685950909,170.63577712609938,14.730955466132889,59.269563204145236,160.103225806452,0.5425219941348973,19.588554163333388,69.8376
-4027511786,B,9395.06517690879,345.7190151047703,257.74053383001416,3058.111033519553,86.41527001850228,278.17541899441335,65.95932262569832,1844.2969273743008,10.287836465221433,111.4039349040556,2818.5195530726255,4.900294847918623,0.9065515490097363,328.33519553072654,14.163310380663164,54.357541899387485,160.09832402234696,0.1787709497206704,44.233959708828536,65.5995
-4027511782,A,9238.38150289055,337.95439948623687,118.50567330341622,3052.8699421965316,33.74346270298992,103.20693641618486,27.44400289017341,834.2280346820809,3.9206516027338765,109.54605428488061,2771.5151734104047,3.269508670519854,0.496584340515026,167.44971098265904,14.415243984400817,59.03369333732588,160.1942196531797,0.12427745664739884,19.624277456646116,66.6846
-4027511782,B,9582.511542012933,357.40740740699755,83.81040320097705,3066.0,66.87376335574865,211.03047091412725,53.935249307479225,1468.9063711911365,8.242760010081941,113.62661907526036,2874.7534626038782,4.942289935363259,0.9015361369932869,346.22271468144095,13.87167428975868,56.508966321574334,160.72686980609464,0.5623268698060941,37.876269621423845,67.593
-4027511762,A,1046.1171662126708,450.9052376628263,118.23998385308448,3129.1117166212534,69.37329700270101,219.04414168937333,58.20929836512261,1488.811716621255,8.211171662127928,12.40455137802781,313.8351498637602,4.575007568874363,0.909090909090996,342.3095367847407,13.924973068874198,49.6253405993979,159.93024523160835,0.5231607629427792,41.222029559879346,61.78755
-4027511750,B,1378.7556766575208,468.6880613586732,57.931173680492186,3141.115122615804,67.00272479562963,209.11389645776592,53.21611035422343,1450.4174386921004,8.201758731744308,16.348881541392355,413.62670299727523,4.556463820767739,0.9041367351994919,341.1346049046319,13.554907800513645,55.29972752037931,160.40980926430584,0.09264305177111716,37.73346544464243,62.11335
-4027511568,A,8984.677744209372,320.54492559017194,284.97482376631143,3041.1178247734138,68.67501078979251,212.08821752265857,56.40955438066465,1728.041691842903,7.953584180172652,106.53768076139885,2695.40332326284,5.004615642831829,0.90634441087622,338.0555891238667,14.746715379746501,60.46867546504815,159.98066465256838,0.56797583081571,40.23345234824474,71.5143
-4027511568,B,9388.220657277183,345.3541992697939,251.60563380286737,3057.8654929577465,67.06103286384264,209.50985915492942,53.6487676056338,1458.3363380281714,8.218309859163977,111.32277459212658,2816.4661971830988,4.658059467916562,0.9065300896287679,343.3115492957747,14.240419259739385,53.964418087416114,160.43267605633844,0.08732394366197183,37.999999999995495,69.9153
-4027511564,A,9233.601990050058,337.7777777779994,114.20011055839088,3052.75,68.91400142144212,212.8047761194028,56.52985074626866,1688.2925373134333,7.984396200816895,109.48938115741772,2770.081343283582,5.374378109451493,0.9036635006785129,322.00835820895605,15.00034710169558,60.458758837329974,160.10507462686618,0.1373134328358209,40.4341926729883,67.17675
-4027511564,B,9641.24883936858,359.79676054905246,136.01361807493856,3067.6128133704738,53.75779281072558,202.65961002785508,55.58408774373259,1308.8899721448465,8.395036718165866,114.32310876721914,2892.374651810585,4.106700711852337,0.7824765763485181,356.1381615598888,13.935350132793294,54.54515466934433,160.29415041782784,0.116991643454039,36.1036549337447,67.7826
-4027511560,B,10039.048630782152,383.8705277516764,118.27090546639661,3083.863314447592,66.36314582489302,207.06628895184141,52.67616855524079,1456.3903682719542,8.130440381155644,119.04010234135704,3011.7145892351273,5.520931696566678,0.9065155807366307,335.5002832861191,14.28289083601808,57.93312956606662,159.97280453257846,0.13031161473087818,37.518241909179835,70.7853
-4027511556,A,1544.2860553961032,481.64809508629156,58.643744030564875,3149.8624641833812,67.05553281483391,207.71002865329544,55.28563753581662,1552.4905444126066,7.856212555353331,18.311720670011194,463.2865329512894,4.9697548551396595,0.9064860640792741,325.60229226361093,14.184047444521498,57.1233599757981,159.96332378223536,0.12320916905444126,39.379178605520174,66.99705
-4025511554,A,891.8679775280876,441.28901373254166,113.00457761133688,3122.620084269663,68.31460674154906,212.93595505618015,56.622191011235955,1647.1036516853947,8.000255362616679,10.575537371759198,267.56109550561797,5.535658551807855,0.9039836567927321,332.60224719101205,14.128560229941858,55.08094322880628,160.25168539325895,0.1404494382022472,40.24089206670847,65.05305
-4025511552,B,1427.2434150787485,470.90221011211855,101.16257947319934,3142.609673024523,35.27572336836235,108.1144414168937,27.71798365122616,864.8754768392378,4.251052761958362,16.923834961389257,428.1730245231608,3.2761883136534595,0.5226653455536806,184.66267029972752,13.935111843351013,54.86160906348166,160.09591280654007,0.11989100817438691,19.597886219141433,57.1299
-4025511548,A,998.8064361175085,448.6914291816524,76.05720994771458,3127.616714697406,33.10004116919341,101.7129682997118,27.011887608069163,831.3181556195958,3.822897563532479,11.843554578486492,299.64193083573485,2.6741114313151613,0.5030128373068357,166.42651296829976,14.52114469538759,59.09449416041878,160.11988472622508,1.0,19.354641516018695,69.52515
-4025511536,B,1421.4178082190413,470.5357686452684,95.88838153220541,3142.3630136986303,65.75864318329113,208.36602739726072,53.37414383561644,1546.066849315067,8.160647571619341,16.854756619205467,426.42534246575343,4.122526636223501,0.909090909090996,349.8312328767134,13.9936285441167,55.246214852154004,160.09643835616492,0.09315068493150686,37.218762972190426,57.73245
-4025511496,A,1874.4578598481532,503.881523569138,180.15572390575565,3164.8707386363635,64.39799783550323,200.91477272727272,53.29367897727273,1574.7801136363623,7.590392561984993,22.226773041687448,562.3373579545455,5.3543244949477495,0.9065082644628967,309.2249999999997,14.377642706123247,54.712918660242615,160.30909090909145,0.5795454545454546,37.995006887028175,65.40075
-4023511802,A,4578.909523808113,655.1851851849954,287.8391534393309,3267.0,33.52244897958265,104.41371428571425,27.71964285714286,842.3777142857143,3.908701298702403,54.29536984755582,1373.672857142857,3.1420634920624875,0.5012987012987513,171.792,14.43122923587492,57.95112781950335,159.95428571428621,0.5457142857142857,19.71601731601347,61.9821
-4023511802,B,5351.673497267349,703.3454766238482,280.40072859743185,3299.5088797814205,80.52432995041298,262.239344262295,62.52732240437158,1748.2229508196722,9.70255837059962,63.458579018977645,1605.502049180328,4.33819064966325,0.909090909090996,308.70382513661264,13.801626636159734,55.43679896456942,159.9038251366126,0.1830601092896175,42.32654412983351,64.1037
-4023511798,A,2083.6631944446135,514.4444444440012,32.35890652557474,3172.1183035714284,67.64597505669838,209.03214285714287,55.536644345238095,1658.022321428569,7.94142316017493,24.70746870883476,625.0989583333334,5.9052579365066,0.9063852813853683,324.9749999999993,7.390642303430927,57.07706766911736,160.39047619047665,0.5654761904761905,40.22727272725295,69.38895
-4023511798,B,2363.3873239438594,528.888888889,281.032863849761,3181.75,66.01341381620367,203.59774647887335,52.162852112676056,1577.8301408450695,8.049167733687836,28.024355619873923,709.0161971830986,5.422143974957905,0.9065300896287679,331.89859154929576,13.988208319679979,57.017049666354474,160.04507042253567,1.0,36.97311139565092,65.6472
-4023511794,A,4621.54142581734,657.5711839005392,325.7289659599225,3268.610549132948,34.837599779789116,108.9017341040462,28.951408959537574,782.7164739884399,4.086705202312689,54.80088647219098,1386.4624277456646,3.251846499676818,0.5097214923805027,175.32369942196567,14.440112918396792,58.203148767816785,160.2867052023125,0.12427745664739884,20.659485023645043,68.91195
-4023511746,A,2151.3338192406977,517.5866537090029,92.41550588490392,3174.25,33.70540052755255,105.3865889212827,28.03206997084548,808.2664723032067,3.961304002121197,25.50988718466026,645.4001457725948,3.2673307418193587,0.49562682215748394,171.0367346938777,14.7257441182394,58.7735921435715,160.17725947521902,0.5743440233236151,19.952292605348354,68.589
-4023511746,B,2422.862116991727,532.3955431755585,334.01011038900566,3184.116991643454,67.0685767342872,211.77827298050138,54.15912256267409,1541.6732590529257,8.312864016226182,28.729590320057373,726.858635097493,5.0595790776824145,0.9040263357812969,344.9615598885803,14.610351752276705,54.902873478902,160.03565459610087,0.11142061281337047,38.18688275512919,64.8564
-4023511604,B,2356.6319444441665,528.6831275723328,275.02263374495516,3181.6111111111113,65.73015873013166,204.7366666666667,52.37847222222222,1485.4883333333325,8.073611111131891,27.944252305653198,706.9895833333334,4.8252314814787765,0.9065656565657433,332.88888888888926,14.007105943145621,55.66739766076658,159.92000000000067,0.5361111111111111,37.16245791245913,67.70235
-4023511592,A,2146.047070125159,517.4074074070004,87.87704130643333,3174.113112391931,65.31357211470993,205.83976945244967,54.746938040345825,1596.5273775216144,7.738669111869673,25.4471984599674,643.814121037464,4.948366954848509,0.9038511920357167,321.28184438040375,14.4655183968847,57.35477021076765,160.31354466858838,0.12968299711815562,39.00270718713465,72.44115
-4023511592,B,2428.65079364913,532.7585849156932,338.98744683077314,3184.3634453781515,36.171802054140876,108.89075630252093,27.86151960784314,930.7344537815123,4.279475426543581,28.79823075473406,728.5952380952381,3.1539838157475613,0.5169340463458624,183.16862745098058,14.384079213076538,57.70971546507104,160.10756302521054,0.5490196078431373,19.743655037772225,64.75125
-4021511614,B,5491.327762301364,712.9629629630053,75.01289590424962,3306.0,35.72755007294316,107.1108635097492,27.372040389972145,885.3543175487471,4.2073942770386585,65.11455844624467,1647.3983286908078,3.1077839678111685,0.5140541909344648,180.0735376044572,14.149122238770486,57.005571030584285,160.21392757660212,0.5626740947075209,19.44796150923965,63.3792
-4021511602,A,5093.00096339104,691.1111111110016,50.31898950976691,3291.25,34.39306358380991,107.71907514450862,28.623554913294797,833.3713872832384,4.055964266947835,60.391315771407754,1527.900289017341,3.304431599227947,0.5070940620074074,175.4693641618497,14.576555988701974,56.969501064742325,160.13872832369972,1.0,20.429146960935014,61.01325
-4021511544,B,6873.13218390796,40.90889740312314,281.19625372500815,3358.75,33.38533114394054,101.18275862068963,25.89439655172414,787.3068965517249,3.9821055381450257,81.49959111351646,2061.9403735632186,3.2040229885045424,0.5015673981191723,178.92643678160917,14.272253408173803,57.748411978167056,160.19310344827633,0.1235632183908046,18.432601880874426,81.4473
-4021511536,B,5876.617965367192,735.5154721822038,67.46031746032914,3321.3279220779223,37.740672026370326,119.76883116883118,30.698728354978353,918.737012987013,4.6966745375925925,69.68321698065922,1762.9853896103896,3.1721981721964103,0.5765446674538142,221.7575757575757,9.505184737740423,44.49960127586945,159.45974025974095,0.4653679653679654,21.343959071228888,66.4755
-4021511500,B,5675.368373765148,722.7583108717632,238.44464410502167,3312.611859838275,65.89012963673184,211.93423180593018,54.225909703504044,1497.820754716981,8.285101690776198,67.29685818693918,1702.6105121293801,4.827792752319531,0.9066405292821254,357.26037735849127,13.671409766182814,55.51886792447308,159.80161725067433,1.0,37.89920771052089,59.4282
-4021511496,B,5857.272727274263,734.608585858424,50.254629629651866,3320.611505681818,36.47591991340453,112.68749999999996,28.837890625,876.3588068181813,4.452091942159625,69.45382680561866,1757.1818181818182,2.563920454543924,0.5061983471074885,186.88409090909107,13.7896405919585,79.89496112433113,159.81818181818247,0.5568181818181818,20.38825757575212,65.007
-4019511806,A,6021.021428571657,742.0211640211363,195.89206349203695,3325.615,64.48299319727673,201.07199999999995,53.40535714285714,1731.5888571428575,7.506103896105851,71.39551101072614,1806.3064285714286,4.47658730158597,0.9064935064935933,327.61599999999993,14.311627906971095,50.86616541348546,160.31085714285763,0.5914285714285714,37.788744588735995,67.1346
-4019511794,A,5962.514204545455,739.0551346800845,143.87205387202846,3323.6129261363635,61.577380952382605,189.97500000000025,50.59659090909091,1762.9329545454557,7.152246900827632,70.70174946100953,1788.7542613636363,4.265309343433554,0.9039256198347974,308.94659090909136,14.275237843545263,52.0488187798673,159.88181818181872,0.6363636363636364,35.67234848483643,68.82615
-4019511774,A,6311.375473484778,13.869949494959082,112.50841750838909,3340.5,66.25405844154605,212.85340909090908,55.57084517045455,1427.809943181817,8.18750000000586,74.83844434963068,1893.4126420454545,4.496527777775089,0.9065082644628967,350.6363636363631,14.221723044389556,55.21830143535096,160.1000000000005,0.09090909090909091,39.251033057846534,73.5558
-4019511774,B,6978.646435453054,47.209377007041496,52.042389210022236,3363.1112716763005,65.53812276353145,202.63699421965305,51.755780346820806,1491.986705202312,7.9403573305509845,82.75074824646299,2093.593930635838,5.378532434166645,0.9038360483448055,333.67745664739937,14.432047318183244,56.59415880737685,160.15722543352663,0.5578034682080925,36.80066561568865,73.9884
-4019511770,A,6032.473659005232,742.592592592997,206.34525329916414,3326.0,33.61384783798054,105.29999999999993,27.992097701149426,849.090517241379,3.963949843261152,71.53130820952666,1809.7420977011495,3.1565293742001432,0.5015673981191723,174.77471264367844,14.446672012826186,57.33325771318065,160.38620689655204,0.1235632183908046,20.037443399512032,68.5083
-4019511766,B,6496.946614584325,21.5502025462813,277.633101851985,3345.79345703125,46.01376488093496,144.12187499999996,36.8536376953125,1050.4253906249996,5.646395596601135,77.03889266304859,1949.083984375,3.684895833331987,0.6285511363636965,238.1476562500001,14.613462936040007,56.91766036178909,160.18750000000094,0.3984375,26.198508522722996,74.9574
-4019511758,B,6469.175951717448,20.3703703704002,252.7019498607158,3344.864206128134,66.60167130916658,213.8540389972144,54.690111420612816,1472.385793871864,8.356166118012064,76.7095962654279,1940.7527855153203,5.249535747444455,0.9090909090909961,346.48245125348154,14.622659843229469,55.3566192639833,160.16044568245167,0.1309192200557103,38.79378745673319,73.41675
-4019511616,B,6985.227490421438,47.57449978714899,57.888463175819886,3363.25,64.75916803501792,200.36206896551715,52.145294540229884,1648.2543103448277,7.6827324973948725,82.82878447138819,2095.5682471264367,5.570721583651775,0.9090909090909962,328.7425287356331,14.353114140598514,56.74417725342316,160.00919540229935,0.603448275862069,37.31191222570128,72.30285
-4017511586,B,6323.886554620463,14.244216204994009,123.50866272419924,3340.858543417367,34.856609310377586,107.48571428571421,27.490371148459385,898.081512605041,4.226508785346184,74.98679709036888,1897.1659663865546,3.1578742608138635,0.5220269926152797,186.79999999999998,14.04403621913104,56.62133274356172,160.26890756302555,0.11764705882352941,19.35064935064483,72.0225
-4017511504,A,6027.519267822717,742.391350888522,201.6506101476676,3325.864161849711,66.09138453068883,208.32832369942201,55.39288294797688,1592.1919075144506,7.818707304258402,71.4725604880148,1808.2557803468208,5.495745022477104,0.9038360483448055,332.88439306358435,14.387014383648502,57.59317006382826,160.18497109826635,0.15606936416184972,39.59274829216022,68.45955
-4017511492,B,6318.1703910618635,14.074074074099997,118.53093316776263,3340.61312849162,65.7182761372433,209.25251396648048,53.592004189944134,1459.4170391061461,8.227526663298937,74.91901649480863,1895.4511173184358,4.9324953445043755,0.9090909090909961,357.8994413407821,13.978173314269233,54.87907968239087,159.82122905027995,0.12011173184357542,37.54189944133498,73.24545
-3784722864,A,6407.731481482313,178.68854234382403,29.41303876976216,2945.3654970760235,45.88415483150958,141.9894736842105,37.321820175438596,1091.1789473684205,5.425039872414702,75.9810057092584,1922.3194444444443,3.709389213773988,0.6485911749070279,252.44210526315788,14.33700530395081,58.92005232374812,160.20584795321685,0.5497076023391813,26.12174375331703,75.7092
-3784722786,A,9199.543650793099,335.73743386269587,83.966049382726,3051.4136904761904,44.404761904754466,127.93214285714278,33.521205357142854,1102.5857142857144,4.811011904763067,109.08546842655353,2759.8630952380954,3.724785052908185,0.6601731601732248,225.0666666666666,13.02810077519859,86.21710526307616,160.2190476190479,0.27380952380952384,24.97474747473477,69.01545
-3784722774,A,7310.558794946385,229.43850556099974,155.60306662348978,2979.622448979592,33.33472164374872,104.98075801749268,27.918185131195337,796.1685131195331,3.9358600583101775,86.68646792426539,2193.167638483965,3.213475866536296,0.5009276437848367,168.9551020408162,14.61116007864277,57.76315789467226,160.0466472303212,0.5481049562682215,19.838324940355935,68.8947
-3784722774,B,8008.046948356676,268.683359416072,107.7308294211487,3006.1112676056337,33.75050301810532,102.3650704225351,26.174295774647888,839.785352112676,4.015877080671684,94.9570784390458,2402.4140845070424,2.5571205007812985,0.5096030729834053,177.68563380281654,14.165083524395731,57.4440326166962,160.30647887324,0.5549295774647888,18.569355527101212,76.60005
-3784722770,A,7475.629960317231,237.95634920639282,302.5925925925683,2985.3712797619046,68.47789115644004,211.68571428571437,56.165364583333336,1693.2151785714318,7.937905844158208,88.64383352154952,2242.688988095238,5.3253141534385104,0.9036796536797405,332.63333333333367,14.903100775188946,60.85604636585367,160.30476190476236,0.14583333333333334,40.08928571426457,69.8193
-3784722766,A,7200.547337278018,224.2461100150954,57.81722550955758,2976.1183431952663,35.84108199491838,106.77869822485202,28.29326923076923,869.0653846153839,4.012910166757786,85.38198423648325,2160.164201183432,4.2599441157118605,0.5352339967725115,170.2284023668642,14.71171047199063,54.467066334416316,160.20828402366902,0.13609467455621302,20.22682445757993,66.1359
-3784722762,A,7486.6690751427295,238.5185185190003,312.4684221793701,2985.75,33.97192402971882,104.34797687861268,27.68244219653179,827.8369942196524,3.9337887545987003,88.77473211635703,2246.000722543353,3.279142581887627,0.5018392012612166,174.86242774566483,14.354079849435525,57.97307575290592,159.99075144508726,0.546242774566474,19.782799089147645,69.09915
-3784722754,B,6509.195402298599,184.81481481499952,119.37420178799148,2949.5,66.93623426381691,204.18620689655168,52.19827586206897,1553.5336206896554,8.053944618611244,77.18413520513029,1952.7586206896551,5.560344827583929,0.9064785788924589,336.13678160919477,14.44333066024745,57.45198124615494,160.34022988505794,0.14080459770114942,37.16649251132152,82.69755
-3780722750,B,7007.2345132757855,513.5015841800018,331.6923413086818,4200.25,32.81921618203631,100.18407079646009,25.683075221238937,871.5867256637172,3.933360150174984,83.08973731152706,2102.170353982301,3.2804818092430374,0.4987932421561239,171.17168141592893,14.59216574054539,58.82782176676457,160.16047197640157,0.12094395280235988,18.244390810763715,85.98645
-3780722726,B,7002.108695652444,513.1358024689983,327.20128824471635,4200.113043478261,64.11318150446253,195.8260869565223,49.81884057971015,1648.0495652173886,7.681818181820154,83.02895686543562,2100.6326086956524,5.022141706923399,0.9038208168643818,320.5228985507242,14.516346477918512,58.254004576616424,160.14840579710196,0.13623188405797101,35.63109354413805,87.85815
-3780722722,B,7227.030651340309,528.6845466158962,194.2230736484624,4210.558908045977,60.83059660641487,169.84827586206868,42.86099137931034,1237.1181034482768,6.686912225709309,85.69601562854035,2168.109195402299,5.211127075348991,0.8672936259143988,257.92988505747144,10.00200481154886,58.501209921301495,82.72183908045972,0.4511494252873563,37.89446185996612,89.0343
-3780722694,A,8182.504859086478,589.7991577585417,20.179246301690604,4251.75,65.1922809940273,204.038483965015,54.24562682215743,1661.2976676384822,7.668036045589765,97.0257493172353,2454.7514577259476,5.01498218334776,0.9064404982773199,324.5959183673463,14.539968811438564,58.83842258703548,160.102623906706,0.13994169096209913,38.61030126334875,80.22075
-3287299576,B,1892.3768115957703,319.2592592589978,93.11647879763326,3546.618115942029,28.975845410639675,101.64173913043466,25.875,799.0139130434789,3.4694334650851566,22.439250730371636,567.7130434782608,3.1666666666659715,0.4980237154150695,177.13043478260875,14.37209302325166,58.58237986263434,160.2689855072469,0.5710144927536231,13.118137900742607,78.7572
-2701400552,B,7694.236891385458,251.2754889718416,171.7249271744268,2994.361657303371,65.7223113964539,201.734831460674,52.55091292134831,1546.9196629213493,7.736848825339259,91.23601056978818,2308.27106741573,4.743679775278746,0.9039836567927321,327.4112359550558,14.146851319567473,57.47560615015313,160.87191011235987,1.0,37.43190330268614,71.81595
-2701400532,A,2865.6379472695485,744.6128897257296,66.89684034316794,2808.364406779661,68.03336023672679,214.62033898305143,57.25194209039548,1457.355084745763,8.092578325630525,33.97989660794553,859.6913841807909,4.730853735087685,0.9039548022599736,339.9073446327679,14.092760478248826,56.25594707101972,160.20790960452035,0.5649717514124294,40.68481424411799,58.7895
-2699400364,A,7450.164728682394,236.8443152456321,279.9267872523953,2984.6213662790697,64.34108527129929,194.17674418604645,51.71420784883721,1951.4851744186064,7.309064482031352,88.34187425313942,2235.0494186046512,5.243055555555142,0.9064482029599178,319.1430232558146,14.679556517029429,54.25757343936389,160.22325581395415,0.2238372093023256,36.435870331207234,68.90235
-2699400364,B,7758.8676470586815,254.98257080611592,229.08496732027947,2996.863970588235,68.23389355741544,206.85882352941184,52.23345588235294,1527.6873529411762,8.09679144385307,92.0023831667151,2327.660294117647,5.676879084964936,0.9064171122995522,346.3352941176474,13.938440492471123,58.60913312688635,160.23529411764744,1.0,37.66844919786413,75.6822
-2699400356,B,8582.366763566199,297.58828596027917,269.37123169679086,3025.75,67.07364341084606,203.62325581395365,52.13299418604651,1575.6226744186056,8.014006342505878,101.76722354996816,2574.7107558139537,5.74491279069607,0.9090909090909962,333.6639534883717,11.20470524607146,58.32083843324417,160.61395348837277,0.5726744186046512,37.005813953493025,76.6998
-2697400536,B,9297.941454201897,533.7037037039992,288.69163781323,2666.0,34.49750438418581,106.38186968838515,27.229992917847024,821.6847025495746,4.1734483646693175,110.2522702078473,2789.3824362606233,2.970176266917309,0.5021890291012604,176.31274787535457,14.509519731201234,57.165275085674374,160.1087818696888,0.12181303116147309,19.328697742295844,69.83865
-2697400532,B,9670.389972144949,554.239141648374,206.996801815677,2679.8621169916432,50.92452579916753,179.49860724233952,41.680884401114206,1349.0089136490235,6.558749050393662,114.66865579613702,2901.116991643454,5.838362735993908,0.8736388959231022,325.31476323119796,14.350586253797054,56.73801495377298,159.83064066852427,0.4596100278551532,30.638136237019566,64.45425
-2579249818,B,4178.3714285717715,55.747089947098225,75.54497354496118,2862.3792857142857,31.94149659863685,96.408,24.723214285714285,765.3694285714278,3.825194805202539,49.54590626764568,1253.5114285714285,2.984920634919805,0.4805194805195286,165.19199999999992,14.384717607969456,58.898120300685584,160.51200000000048,0.5285714285714286,17.525541125537536,89.48385
-2579249814,A,3106.3565340896575,760.9185606061469,174.5517676766226,2819.5,34.013798701288685,102.81136363636352,27.25497159090909,820.0747159090902,3.9004390495880132,36.834267202671384,931.9069602272727,2.8168402777772763,0.5087809917355878,165.2318181818184,14.338662790691966,61.82005083723687,160.00000000000017,0.5539772727272727,19.793388429743793,56.5359
-2579249810,A,3658.824233715171,21.285653469564316,295.59174116646585,2839.1185344827586,33.90120415981442,103.86206896551714,27.648168103448278,815.0775862068958,3.9033437826547708,43.38526759347863,1097.6472701149426,3.064734993612585,0.49111807732502294,171.04942528735634,14.457364341081275,57.18504234719323,160.53333333333376,0.1206896551724138,19.645593869725047,73.55835
-2579249784,A,3647.0531400964637,20.74074074069995,285.46215780993884,2838.863043478261,67.27536231881889,208.13565217391317,55.36413043478261,1634.8800000000003,7.850197628460224,43.24568940825593,1094.1159420289855,5.447665056358983,0.906455862977689,331.4550724637681,14.589147286817058,58.01372997705965,160.02782608695716,0.5739130434782609,39.4615722441677,73.7235
-2579249780,B,3882.0067049807462,35.35440613029657,172.8948488718649,2848.614224137931,58.21154898734374,179.45517241379304,43.15193965517241,1444.6137931034486,6.713949843275398,46.03170005904605,1164.6020114942528,3.846982758619025,0.7836990595612042,260.4804597701143,14.32170542635082,62.31699939497484,160.0183908045982,0.2557471264367816,29.368686868688265,87.85365
-2569250042,B,9175.128787880325,753.8776655444474,163.6408529740428,3840.0,32.84559884559123,101.61090909090906,26.001893939393938,904.9890909090905,3.9757575757592103,108.79599353209143,2752.538636363636,3.0875420875412467,0.4931129476584517,169.35757575757597,12.064834390410237,82.61363636354486,160.22303030303058,0.10909090909090909,18.397612488514547,88.16265
-2569250038,A,8736.838308457583,730.5538971807014,117.89939192930437,3824.3686567164177,64.18194740584137,198.65194029850775,51.29570895522388,1601.7358208955238,7.6434192673022805,103.59887322285074,2621.0514925373136,5.744610281922197,0.9063772048847546,306.94686567164246,15.224574800412489,62.56677140607585,160.19104477611978,1.0,37.07734056987226,69.4479
-2569250030,A,8730.767350928394,730.3725426302346,112.50570218314051,3824.1224340175954,63.09174696274686,197.31730205278635,52.350623167155426,1632.7733137829932,7.44148227139512,103.52688558414928,2619.230205278592,5.107934180512238,0.9064249533458614,300.36363636363683,14.765054900085282,61.86101250187675,160.3847507331382,0.5601173020527859,37.60508308894377,69.40155
-2569250026,B,8959.718026182969,741.8518518519996,316.0053709298669,3831.8731117824773,67.57301107753017,207.7595166163141,52.779456193353475,1643.8087613293053,8.136226311461305,106.24174557876448,2687.916163141994,5.205605908021092,0.9035979126614436,329.68096676737196,7.566219349397246,30.349022102057553,159.0525679758312,0.5649546827794562,37.7826604412578,78.27915
-2569250022,B,9049.274116523178,747.9571261806649,51.63748275496839,3836.115329512894,64.71960704051715,201.3799426934095,50.69573782234957,1523.771346704873,7.918989320159542,107.30364565047223,2714.78223495702,5.770057306587988,0.9090909090909962,327.87277936962727,14.357966282395166,57.73148846322575,160.18338108882568,0.14040114613180515,36.59894069635346,83.93655
-2569250018,B,9062.347182426018,748.6851321238404,63.20280165552262,3836.3696275071634,65.48096602536783,205.0521489971347,51.46848137535817,1526.3974212034402,8.056525136770551,107.45871886929814,2718.70558739255,5.546402419609103,0.9064860640792741,334.0022922636114,14.327313920163,57.46870758554442,160.02750716332437,1.0,37.08257358686096,85.6875
-2569249820,A,9097.159863945833,750.1684483315391,94.2036497138577,3837.5,65.92669720952786,208.92244897959165,55.51749271137026,1614.202040816326,7.833421680363236,107.8715184549826,2729.149416909621,5.664885001617425,0.9064404982773199,328.0653061224497,14.697267611355457,58.14216664104555,160.06530612244947,0.5743440233236151,39.657213534772,74.15805
-2569249804,B,9036.36363636361,747.5768097641957,40.1662457912413,3835.75,64.24783549782607,198.34431818181812,49.88014914772727,1602.1244318181818,7.800361570257138,107.15055695292348,2710.909090909091,4.925031565654635,0.9039256198347974,317.96704545454475,14.012288583503732,57.259270334877236,160.54545454545496,1.0,36.09073691458876,87.8685
-2569249800,A,8673.07992202702,727.9488845571228,61.22590426684011,3822.5,65.14759120025808,206.0315789473684,54.75237573099415,1659.1877192982467,7.764619883043064,102.84284492523099,2601.9239766081873,5.666423001947304,0.9037745879852009,319.25730994152076,14.700122399014019,58.38142505380016,160.30877192982513,0.1695906432748538,39.140528087883766,74.44455
-2567249850,B,6152.245639535144,578.5755813957746,311.94229112843857,3721.6184593023254,48.34579180509376,149.75581395348834,36.67332848837209,1188.6723837209286,5.609011627911176,72.95152932255225,1845.6736918604652,5.286660206716951,0.7743128964059945,271.18488372093015,16.7894808004232,59.330247857960174,160.13953488372144,0.6395348837209303,25.188513037351445,84.954
-2567249846,B,6699.972527473551,613.8756613757794,64.26536426535363,3745.5,45.77315541601792,143.9241758241759,36.70243818681319,1098.267857142858,5.534340659341434,79.44631455503212,2009.9917582417581,2.845314407813108,0.6568431568432208,260.7000000000003,13.398926654736247,55.81405436662846,160.43956043956084,0.5521978021978022,26.013986013975863,76.0545
-2567249826,B,6679.23829990422,612.7634511304543,45.781598217124625,3744.8617478510027,65.1780597625736,202.27048710601738,51.012714899713465,1538.19799426934,7.9472518885229295,79.20045414906777,2003.7714899713467,5.53247373447724,0.9064860640792741,343.4934097421197,14.535216898774738,57.407253807814214,160.22005730659086,0.14613180515759314,36.71702700355687,75.96225
-2567249792,A,8984.792277615108,742.9629629630052,338.3034647551172,3832.616568914956,65.38192989809225,206.00938416422278,54.35208944281525,1673.0885630498522,7.726339642764186,106.53903886502059,2695.4376832844573,5.590175953078054,0.9064249533458614,317.9272727272731,14.490895451129855,61.67155425213717,160.11260997067495,0.16715542521994134,39.07224740068726,69.47295
-2567249792,B,9426.857215445347,770.5465221318136,76.96702800360488,3851.25,33.71225319395246,102.2963414634146,25.780297256097562,839.879268292683,4.017599778273687,111.78091559803713,2828.0571646341464,2.716802168020552,0.48503325942355213,175.37560975609787,7.81409529211281,50.424021180948216,159.12195121951265,0.09451219512195122,18.595713229854262,85.66785
-2567249788,A,8989.767556875806,743.1366084183699,342.73876250116695,3832.862017804154,33.73322029110119,106.20534124629073,28.168583086053413,855.5465875370917,3.9808470461296745,106.59803427138309,2696.9302670623147,3.2933564127916597,0.504451038575718,169.71988130563824,14.820923331717548,58.231297829071615,160.44629080118736,0.12166172106824925,20.081827173807763,69.8877
-2567249788,B,9413.9887914216,770.0,65.17435564220963,3850.8691520467837,32.531328320792426,99.35087719298245,24.966191520467838,807.0263157894736,3.922115895807495,111.62832558984826,2824.1966374269005,2.8837719298238933,0.6246677299309491,164.21754385964917,15.602475180195277,58.92197599255785,160.24327485380172,0.0935672514619883,18.0666312245193,90.30495
-2567249764,A,8696.627450978684,729.0588235293584,82.17647058823337,3823.1205882352942,33.16806722690707,103.92705882352934,27.558823529411764,831.6635294117634,3.9379679144387625,103.12206463603545,2608.9882352941177,3.30106209150241,0.4973262032086059,171.3188235294116,14.770177838571826,59.38312693493791,160.30117647058864,0.1264705882352941,19.740641711234666,72.5646
-2567249764,B,9042.829010566718,747.7777777780066,45.9600811185795,3835.8688760806917,64.83463702483078,199.9815561959656,50.4331772334294,1635.077809798273,7.876866649217699,107.22722146922729,2712.848703170029,5.529939161061085,0.9064710505633564,319.5631123919302,14.386435225515351,57.541710905452405,160.37809798270936,0.5821325648414986,36.444851977982296,84.1191
-2567249760,B,6690.806916426917,613.333333332996,56.12338563348665,3745.116714697406,33.5638808837562,103.19999999999992,26.06628242074928,892.2458213256488,4.108986114753139,79.33763142008779,2007.2420749279538,3.2704931155933705,0.5108724128897548,183.54121037463952,14.46216741504837,58.59965114509337,160.39654178674388,0.1239193083573487,18.698803597936315,76.377
-2567249756,A,5958.108504398769,567.9461279461816,183.64939719765428,3714.3717008797653,32.71191174418564,101.74662756598238,27.006964809384165,825.4961876832834,3.8180485203957804,70.64950795729888,1787.4325513196482,2.6616976213738153,0.5038656358304956,167.95894428152494,14.5856918775108,49.514199722127515,160.31906158357813,0.5542521994134897,19.261530258603567,77.10945
-2567249752,A,6098.657270029703,575.9259259260045,264.33014616982825,3719.8694362017804,88.49795110910338,289.76617210682485,69.50296735905044,1857.453115727004,10.457782573506865,72.31609411103575,1829.597181008902,5.02596439168955,0.9036957108174593,327.24272997032597,14.969291284239118,59.173043885624374,159.96201780415467,1.0,46.9499145760374,77.34615
-2567249752,B,6251.65937803671,588.5185185190036,15.993953136812872,3728.3673469387754,64.86047480215154,200.9142857142859,50.57306851311953,1554.2125364431488,7.879406307986538,74.13037716498263,1875.4985422740524,5.030369290571524,0.9064404982773199,335.77959183673516,14.846430266452343,59.57035445750863,160.22390670553972,0.5393586005830904,36.57655269899453,89.514
-2567249744,A,8679.301075268593,728.1481481480004,66.75572933637439,3822.6217008797653,64.91551459296734,205.70322580645163,54.628848973607035,1651.8844574780057,7.761796854173563,102.91661354069204,2603.7903225806454,5.716031280545565,0.9037589976007265,317.27038123167114,14.55091045488184,59.74417348349984,160.30967741935527,0.17302052785923755,39.09446369856369,74.18595
-2567249744,B,9055.80938697342,748.3194976587241,57.40102171137409,3836.25,65.06704980842062,202.78965517241377,50.86296695402299,1624.9999999999984,8.018155694905316,107.38116737080692,2716.7435344827586,5.549968071517374,0.9090909090909962,327.2459770114949,14.361801657304522,56.67838777975443,160.13793103448327,0.5660919540229885,36.7093347265677,80.82315
-2567249740,B,8936.710144925783,740.9092860977873,295.5791733762874,3831.25,32.78674948239161,100.62260869565215,25.207427536231883,815.473043478261,3.979841897238084,105.96889499895687,2681.013043478261,3.2342995169066064,0.5006587615283767,168.34898550724654,14.274351196490068,58.90350877188021,160.27826086956563,0.5710144927536231,18.219587176102117,79.13625
-2567249732,B,6258.164285713994,588.7100529103418,21.771428571425037,3728.627857142857,65.21360544218358,199.2548571428576,51.714285714285715,1599.5905714285707,7.664155844163161,74.20748164878816,1877.4492857142857,5.90039682539551,0.9012987012987876,345.6239999999996,15.219933554810847,57.82631578940975,160.21942857142906,0.5457142857142857,37.00606060604735,85.7958
-2565250046,B,8425.10677808738,290.37037037000096,129.5904260806239,3020.75,67.09377901577679,203.0607242339835,51.604282729805014,1476.8181058495818,7.961002785524039,99.90247943894683,2527.532729805014,4.774450634477192,0.9040263357812969,330.4545961002796,12.8010623825802,58.19344670862745,159.5097493036216,0.5264623955431755,36.78821642610317,70.1796
-2565250042,B,9313.86150234733,341.48148148099796,185.49608763689022,3055.3598591549294,67.16700201206488,209.98647887323924,53.651408450704224,1504.1915492957753,8.281818181833126,110.44104548237453,2794.1584507042253,5.3630672926426115,0.9039692701665398,337.5853521126768,14.306583688169193,54.92809488504455,160.09014084507086,0.11830985915492957,38.04097311139805,68.8815
-2565250002,B,8493.66573033727,293.33749479784086,190.55763628797192,3022.753511235955,60.04146602462482,228.0741573033709,63.383953651685395,1512.3564606741545,9.448799795714809,100.71545943069383,2548.1011235955057,6.718554931334968,0.9065372829418641,354.1213483146063,12.985367128295447,57.37987876990487,161.5550561797757,0.5533707865168539,40.554988083085696,72.56745
-2565249998,A,7952.219047619349,265.9259259259998,57.8751322751332,3004.25,66.10476190474878,202.05257142857175,52.74910714285714,1608.1482857142869,7.787012987026609,94.29508752118142,2385.6657142857143,4.707936507934589,0.9064935064935933,319.83199999999965,14.57674418604135,56.04248120294966,160.47542857142892,0.5542857142857143,37.43896103895198,74.24535
-2565249994,B,9257.023809523786,339.0560846560255,135.01587301595126,3053.612857142857,68.24217687074156,208.66285714285706,53.43660714285714,1491.2485714285742,8.190779220786606,109.76708074532877,2777.1071428571427,4.955158730156261,0.9012987012987876,333.15199999999993,13.423920265776522,64.35338345858578,160.21028571428616,0.5685714285714286,37.859740259740505,71.7765
-2565249990,A,8326.637848221128,286.0956345393432,42.08773615113804,3017.8652737752163,33.92342527788188,105.13314121037453,27.916966858789625,847.7498559077796,3.977469216663286,98.73483614495402,2497.991354466859,3.601104707012031,0.6366256222164627,172.33314121037427,15.819315059307277,61.84513878350708,159.17925072046148,0.5417867435158501,19.912671382401196,66.61725
-2565249986,B,9306.968232043928,341.2758338446163,179.4270513607459,3055.1118784530386,67.06919231780155,208.56464088397772,53.293335635359114,1430.5566298342565,8.196383726784445,110.35930709938121,2792.0904696132598,4.64203499078945,0.904068307383311,335.2419889502767,14.002312732873545,55.262067461418404,160.00000000000048,0.09668508287292818,37.76912774150252,72.36045
-2151929736,B,5747.903005465028,727.0370370369951,302.95891519936885,3315.5,65.10798855058306,211.3475409836066,54.068476775956285,1450.064754098359,8.270367610552752,68.15695263396329,1724.3709016393443,4.0372647237378905,0.9066070541481244,351.78251366120287,13.666920828561434,54.547023295889815,160.25355191256867,0.5163934426229508,37.7463156151653,60.4107
-2151929732,B,5755.066476733362,727.2016460903351,309.34050859976634,3315.6111111111113,67.59869759866952,219.14188034188055,56.10309829059829,1502.4000000000003,8.586506086521904,68.24189498102176,1726.519943019943,4.607075023739595,0.9065009065009934,369.1612535612543,14.339760153708761,56.613810166385996,160.5561253561259,0.5584045584045584,39.00025900025665,57.3687
-2149929672,A,4599.025423727287,656.4605566017857,305.72504708072097,3267.8608757062148,34.31127253160376,108.45423728813552,28.8232697740113,843.6669491525423,4.069080636878052,54.533898305099676,1379.707627118644,3.332548650344095,0.5110426296867483,173.6553672316386,13.677571935352042,58.52624145103176,160.52429378531124,0.556497175141243,20.56668378701897,67.55865
-2149929534,A,4875.582851637543,677.9458360094739,203.30122029543114,3282.3634393063585,58.34159097164744,227.25780346820832,64.18804190751445,1484.2656069364152,9.298213347346339,57.81323539490571,1462.6748554913295,6.137604367371054,0.9064634787179009,333.7179190751454,13.37814222341125,58.02175235771506,160.88786127167685,0.1416184971098266,41.31371518654103,62.46855
-2149929514,B,7374.8433048435,67.94449720374654,72.69178009918461,3377.0,86.8973002304708,283.1213675213674,67.24269943019944,1816.4666666666674,10.479150479162797,87.44873484004289,2212.4529914529912,4.919278252609192,0.9065009065009934,332.8410256410263,14.392764857877529,57.148747938161186,160.48319088319113,0.1737891737891738,45.07726841061759,78.57975
-2143929768,A,1549.6400966198278,481.8518518519996,63.40096618358354,3150.0,34.37681159419688,106.64695652173909,28.37590579710145,819.5086956521736,4.0272727272728375,18.37517901130135,464.89202898550724,3.283011272141419,0.5085638998682984,174.793043478261,14.326255476908296,56.70518688018117,160.27826086956563,0.5681159420289855,20.194993412373872,65.1417
-2143929764,B,1642.777033065228,488.31099195723596,146.18607884009143,3154.3605898123324,34.47338184602331,108.3924932975871,27.7563672922252,870.3587131367298,4.282963685122352,19.47956956206041,492.83310991957103,2.6697944593380467,0.5240068242749726,182.19517426273487,13.30943325643107,53.36566953572355,160.09436997319088,0.5201072386058981,19.610853846779108,65.5896
-2143929760,A,973.3705772812067,447.57603972675884,53.50713842334158,3126.8638268156424,65.45889864323638,202.57206703910612,53.92196229050279,1662.9033519553077,7.6330624682604125,11.541943604125384,292.0111731843575,4.624456859091091,0.9065515490097363,317.5731843575425,13.972976484339915,51.695824757379455,159.9195530726262,0.1424581005586592,38.219062129653814,67.4037
-2143929740,A,979.7432170542958,447.8111541776225,59.21619293712695,3127.0225290697676,47.87098560352342,185.5430232558145,43.95348837209303,1392.9575581395347,6.559989429175771,11.617508502617058,293.92296511627904,5.967377260980619,0.8668076109937408,319.9569767441869,15.06963223363477,52.331318849399324,160.14883720930285,0.25872093023255816,32.47357293867323,66.82695
-2143929718,A,897.2261904763636,441.64867724847954,117.66349206340317,3122.8635714285715,34.76326530611063,107.90057142857134,28.68392857142857,863.0699999999988,4.05233766233866,10.639073969521098,269.16857142857145,3.2484126984116846,0.5090909090909598,176.02399999999992,14.477740863784605,56.469548872133934,160.27428571428604,0.12,20.396536796522614,62.0946
-2143929718,B,1312.099811677516,463.12722326833733,354.5260514750568,3137.361581920904,34.78880817863527,105.49491525423717,27.070974576271187,870.8567796610166,4.155752439660447,15.558495790638936,393.62994350282486,3.2988072818572594,0.5136106831022595,181.6282485875705,14.102614636703736,57.07255426697431,160.15367231638461,0.11864406779661017,19.193631227530517,65.418
-2143929710,A,958.09489402695,446.8325840292805,39.99571826160994,3126.3619942196533,67.50619322871476,211.44971098265918,56.25903179190752,1543.5433526011557,7.986468733580632,11.360837579111019,287.4291907514451,5.543513166343664,0.9038360483448055,324.4763005780356,14.669310391175477,60.21676300572042,159.95375722543398,0.15028901734104047,40.06831318968218,62.32305
-2141929716,B,463.21105072467697,414.9808776167639,75.28381642512217,3104.8627717391305,67.94901656314481,209.7358695652175,54.04211956521739,1398.224184782606,8.369071146241055,5.492621154838034,138.9633152173913,5.470637077291675,0.9066205533597704,343.9739130434781,13.745576339730398,47.068077803161614,160.03478260869625,0.5679347826086957,37.64739789196388,61.07565
-2141929700,A,9130.492753623072,332.0203972087827,22.239398819106555,3048.863768115942,33.63975155278382,103.94434782608685,27.596014492753625,823.8156521739126,3.9093544137032783,108.26671249353868,2739.1478260869567,2.590982286633684,0.503293807641684,170.78376811594183,14.68351870575688,59.387109076980266,159.88869565217433,0.5478260869565217,19.795344751872715,69.78255
-2141929522,B,1098.9131455384206,453.50026082415394,165.0349504435517,3130.8633802816903,35.51844399731319,106.45859154929575,27.246478873239436,883.3994366197173,4.180025608209007,13.030590658575234,329.6739436619718,3.2417840375577462,0.5172855313700898,183.27774647887293,13.82181460857463,52.340622683420186,160.43267605633844,0.11549295774647887,19.24797268459297,62.2413
-2141929518,A,951.7289272030439,446.4697743720751,34.26990208599796,3126.1170977011493,67.17843459220549,207.61724137931077,55.22808908045977,1557.893103448276,7.81086729362801,11.285351642366454,285.5193965517241,5.670098978287407,0.9038662486939215,322.82873563218465,14.476075915525877,59.77616454923124,160.00919540229947,0.15804597701149425,39.49407871819693,63.01935
-2141929514,A,878.2865168539444,440.9051186018426,100.91968372863018,3122.3609550561796,68.5112359550307,215.48426966292178,57.29722612359551,1555.4207865168557,8.108273748725528,10.41449238352924,263.4866573033708,5.4049625468151605,0.9039836567927321,330.9820224719104,14.163182649586581,56.39673270249053,159.85617977528145,0.13764044943820225,40.77970718417654,62.6505
-2141929510,B,1093.273314866261,453.33333333299663,160.09233610345427,3130.75,66.73789737500707,206.81883656509706,52.94494459833795,1440.9473684210525,8.116469403193408,12.96371519603383,327.9819944598338,4.642967066787868,0.906572651725093,342.9806094182822,13.435547252457704,53.36966030028545,160.22160664819984,0.09695290858725762,37.415428523464314,64.54035
-2141929506,A,871.4768518518475,440.53909465012316,94.93621399178963,3122.115277777778,65.8492063491837,207.80000000000044,55.27690972222222,1590.6149999999993,7.771338383840277,10.33371761088225,261.44305555555553,4.149305555554311,0.9040404040404906,321.7199999999996,14.037467700251264,50.548976608143846,160.07111111111166,0.14166666666666666,38.9023569023354,63.6441
-2141929486,A,34.55459770115226,390.7407407410025,30.71519795657623,3088.614942528736,66.5640394088495,199.77586206896535,53.05046695402299,1622.6017241379302,7.51593521421324,0.4097383126618557,10.366379310344827,5.061462324390952,0.9038662486939215,306.6724137931031,14.391205560005707,57.398669086454376,160.2574712643683,0.5517241379310345,37.958028561463856,70.0587
-2139929788,A,4333.278882576023,642.0233585858292,69.36237373736596,3258.1164772727275,66.6436688311636,207.9681818181818,55.18199573863637,1630.4437499999992,7.792484504133663,51.38275354832794,1299.9836647727273,5.62815656565522,0.9039256198347974,330.4556818181812,14.228990486252082,57.43720095688123,159.94545454545514,0.15056818181818182,39.34659090907605,67.07565
-2139929772,A,4310.372744539202,640.9116809117735,48.73694207028469,3257.366096866097,34.10392077058242,105.96923076923068,28.237179487179485,845.6888888888884,4.015669515670112,51.11113926333237,1293.1118233618233,2.5443178220942193,0.510230510230561,169.93048433048438,14.359636917769501,56.532463637670446,160.20056980057012,0.09686609686609686,19.992229992219617,68.1027
-2139929764,B,5005.480501392618,684.6126070358505,318.86928711459313,3286.864206128134,33.729937657500564,103.9788300835654,26.598189415041784,813.7637883008364,4.120536844782528,59.353523731915224,1501.6441504178274,2.6849272670992237,0.5216510508990135,174.96490250696382,14.170499449368311,55.04911303323681,159.99108635097534,0.5682451253481894,18.78703469232647,68.93775
-2139929752,B,4360.363849765493,643.8727177883314,93.49191444966158,3259.364084507042,65.03688799461179,200.4135211267605,51.304577464788736,1605.1301408450706,7.876824583874654,51.703919167181354,1308.1091549295775,5.457355242564612,0.9065300896287679,327.51323943662015,14.372093023248704,56.582653817587286,160.0090140845074,1.0,36.47375160051378,81.31035
-2139929748,B,4279.084821427171,639.4257054673996,21.329365079381773,3256.3630952380954,36.021825396811906,110.99999999999987,28.432849702380953,879.159821428572,4.357142857150977,50.74013622246302,1283.7254464285713,3.092757936506672,0.5221861471861993,183.00833333333335,14.487126245842628,64.16431704256078,159.80952380952417,0.5714285714285714,20.124458874457748,77.6979
-2139929744,A,4373.254082612622,644.2501867859604,104.94182943744684,3259.619596541787,64.34335117331948,200.55561959654202,53.408681556195965,1756.8881844380392,7.553183128111504,51.8567677780241,1311.9762247838617,5.250960614791494,0.9064710505633564,319.13544668587923,14.649152201589995,58.243212498050205,160.1844380403464,0.1844380403458213,37.703257357427844,69.3282
-2139929736,B,4273.783783784054,639.259259259002,16.546546546547326,3256.25,63.79150579147972,202.68972972972983,51.86486486486486,1559.0618918918933,7.946314496328787,50.67727806857628,1282.1351351351352,4.584084084081308,0.9066339066339932,321.57621621621615,13.15901948459626,62.45056898998782,159.34270270270318,1.0,36.722358722356205,78.23085
-2139929710,A,3728.5019550339593,607.2119039858867,227.2336265884015,3234.6187683284456,56.566122049996245,182.15014662756613,43.88654692082111,1329.7970674486785,6.74260197280758,44.211485632832485,1118.5505865102639,4.38864450961033,0.7651292988537132,320.96539589442847,11.803178067239811,57.88007408544945,160.21583577712644,0.5953079178885631,32.50333244467626,67.059
-2137929706,B,2241.6666666648393,522.7633685561165,173.07289998943193,3177.615994236311,33.09866886234555,101.1181556195965,25.906880403458214,830.1492795389055,3.994236311244521,26.581027667971536,672.5,3.193643932116397,0.5003929787791959,169.21844380403454,14.685342805436553,57.0919915060821,159.93544668587955,0.5734870317002881,18.438564317530545,76.2096
-2137929694,A,3436.5883190867216,590.1719953570038,193.85037459136674,3223.1168091168092,34.63980463979013,107.26837606837604,28.479344729344728,819.3444444444439,4.035742035742993,40.75005911959952,1030.9764957264956,3.133111744221592,0.5024605024605525,173.52820512820506,14.35831180016673,56.6437996700602,160.35555555555598,0.11965811965811966,20.235690235681812,63.66765
-2137929690,B,3821.8738615683073,611.6494636711243,310.1194090265791,3237.6140710382515,35.43455633618549,110.3442622950819,28.628756830601095,870.0516393442633,4.358171882769886,45.31866239012045,1146.5621584699454,3.191408621735819,0.5240933929459038,185.08306010929013,13.794001779128639,62.50287604250056,159.93879781420816,0.11748633879781421,19.974333498925976,61.46865
-2137929686,A,1794.7862001959202,499.4374257640022,109.38775510196818,3162.0,33.69151742328695,104.87930029154516,27.914540816326532,833.906413994169,3.9936390140483122,21.282049804683027,538.435860058309,3.136540330417463,0.49827723297116033,171.11836734693853,10.49427079801513,57.44859597968897,159.73877551020445,0.12536443148688048,19.921371145852262,68.4723
-2137929682,A,1771.4801699701964,498.1481481480004,88.66645682510652,3161.0,33.85808714419612,105.01189801699708,27.884206798866856,868.208498583568,3.9661344321410206,21.00569371508328,531.4440509915014,2.685316336165215,0.512490342518722,173.90141643059516,14.193293365829131,53.655881914361046,160.11784702549605,0.09631728045325778,19.926173920505345,73.75395
-2135929472,A,5853.658892127288,146.80380088562956,214.19069214983105,2923.8637026239066,37.745383867822206,111.15568513119526,29.032434402332363,960.7189504373182,4.177047442354581,69.41097500548801,1756.097667638484,4.561467444119503,0.6228465412139492,179.21632653061224,18.75788189029507,58.73408009814603,160.02798833819287,0.5072886297376094,20.889654563125326,77.1156
-2135929468,A,5983.815789473684,153.3333333330006,329.7834091400936,2928.25,67.18184349761029,206.95789473684192,54.97624269005848,1662.0385964912286,7.778575225945194,70.95433742458356,1795.1447368421052,5.73099415204514,0.9090909090909962,319.34736842105207,14.634842921250648,59.01969836867012,159.98128654970822,0.16666666666666666,39.33545986176584,74.92005
-2135929464,B,6106.509831460316,161.48148148100105,103.34373699539351,2933.75,64.81674692348103,196.1528089887644,50.251053370786515,1621.337359550562,7.7271450459780375,72.40920748768524,1831.9529494382023,5.699516229711399,0.9065372829418641,328.221348314607,14.177554220010466,59.9319929035424,160.3146067415735,0.5786516853932584,35.733741913523346,82.5075
-2135929452,A,5636.595588236383,136.57407407397045,21.233115468404336,2916.939705882353,43.20308123248735,128.11411764705875,33.388786764705884,1041.770294117646,4.829144385027115,66.8371308997943,1690.979411764706,4.872957516338313,0.6898395721925806,225.18588235294155,18.35567715458155,58.20936532502465,160.05647058823567,0.611764705882353,25.128342245976114,79.38405
-2135929448,B,6125.669556839798,162.39456219232045,120.40248340830357,2934.366329479769,64.71924029726918,193.32485549132977,49.55653901734104,1621.3630057803475,7.609169732019831,72.63639790718413,1837.700867052023,5.645070648682336,0.9064634787179009,320.1306358381506,14.514719720387264,58.87169151197228,160.12023121387335,0.1791907514450867,35.2198283412195,87.30135
-2135929440,A,5911.31591337113,149.43398200464097,265.3797865661835,2925.619350282486,65.48426150119073,200.02033898305103,53.1541313559322,1643.4203389830523,7.505906522858612,70.09471092649385,1773.3968926553673,5.352322661642731,0.9090909090909961,311.74124293785246,14.16173958743515,56.238849241688264,159.7016949152548,0.2062146892655367,37.90361239511506,73.88445
-2135929432,A,5904.769705603277,149.0629946184874,259.53149730927356,2925.368945868946,66.59476326140887,207.0495726495731,55.07923789173789,1651.1111111111115,7.8053613053643325,70.01703208224419,1771.4309116809118,4.924817980371771,0.9039109039109905,321.05071225071146,14.517988471471005,56.8522267205954,159.84501424501477,0.1452991452991453,39.231632564941044,77.40675
-2135929432,B,6312.345410628287,172.03005904452192,286.3467525495855,2941.0,65.61076604553449,198.42434782608694,51.76268115942029,1691.1643478260896,7.640447957847371,74.84994558058122,1893.7036231884058,5.427938808371503,0.9011857707510745,321.6591304347833,14.674081563864412,59.156369183775816,159.8423188405802,0.1855072463768116,36.98726394378209,83.61255
-2135929428,B,6456.396072796929,181.28884631729397,72.43720732226468,2947.121408045977,66.23700054734152,200.8482758620693,51.47180316091954,1609.6129310344832,7.930381400221181,76.5580561991778,1936.9188218390805,5.65174010216913,0.9064785788924589,336.49885057471306,14.677225340812418,58.52389594670349,160.25747126436826,1.0,36.587425983980516,77.97375
-2135929424,A,5890.223393574126,148.3400267739391,246.58188308785205,2924.8802710843374,69.25129087777513,211.6012048192772,56.2867093373494,1651.0156626506023,7.960980284777616,69.84454616887353,1767.067018072289,5.105003346718235,0.9036144578314121,327.26265060241025,9.655365648637614,55.525523145147716,160.33734939759074,0.572289156626506,40.17068273090353,72.7296
-2133929500,A,4889.547689282478,94.81481481479953,60.60089588113083,2888.75,65.65107458910808,201.2884955752211,53.47345132743363,1642.889380530975,7.572405470636563,57.97882635511469,1466.8650442477876,5.6079973779072505,0.9037275408957692,318.34100294985217,14.824037867867919,60.274802049313905,160.1793510324488,0.5929203539823009,38.28640386160902,78.58245
-2133929492,A,5000.5685131193,99.79915775832544,159.36507936507877,2892.1151603498542,66.4362071358951,204.28338192419807,54.24471574344023,1613.4402332361524,7.718128809966924,59.295278811700705,1500.17055393586,4.9105118237750265,0.9064404982773199,322.02448979591793,14.826767916463996,58.303667331533745,160.14927113702666,0.13994169096209913,38.88329357717029,78.50115
-2133929492,B,5560.245940783152,130.909476812146,300.354451873103,2913.1138968481378,65.564197025509,198.98681948424058,50.86765759312321,1666.6186246418333,7.792654337075922,65.93177004881294,1668.073782234957,5.562718879336668,0.9038812190675521,326.5008595988535,14.633837542471328,55.9821293921997,160.39426934097474,0.5759312320916905,36.22297473300446,80.89845
-2131929482,A,7566.452991452968,244.9825894270496,58.06900918012031,2990.1139601139603,66.49843983175161,205.3435897435896,54.48896011396011,1646.9111111111104,7.717560217561756,89.72078645992424,2269.9358974358975,4.869816397592116,0.9065009065009934,321.1544159544154,14.319220830841434,56.45186684655382,159.78119658119704,0.5897435897435898,38.9286022619331,71.1417
-2131929478,A,7027.025529864977,212.96724470138207,232.72104474414718,2968.615606936416,85.93724194865798,280.95260115606936,67.64631502890174,1831.5684971098265,10.176300578038967,83.32441339760679,2108.1076589595377,5.246467565829761,0.9064634787179009,326.81502890173493,14.622261056586506,57.99931548519744,160.12023121387318,0.1936416184971098,45.71904011211556,74.5983
-2131929468,B,8838.608776844607,313.5428986408684,155.09077705163293,3036.5238095238096,50.62958516739061,176.6521008403366,41.246498599439775,1359.4285714285702,6.589763178004739,104.80563767008636,2651.5826330532213,6.394724556489077,0.8607079195315315,315.9372549019612,14.35606800859122,58.0775468081389,159.44425770308175,0.20448179271708683,29.80731686614852,71.2935
-2131929464,A,8460.656130267958,292.01894423156904,161.1579395487272,3021.862787356322,67.35084838530899,208.62413793103465,55.40050287356322,1613.3672413793092,7.831765935216867,100.32401412934196,2538.197557471264,5.5882822477634155,0.9090909090909962,324.18850574712604,14.545576049179003,57.776769509922104,160.35862068965557,1.0,39.45315221174697,71.7369
-2131929452,B,8486.828391733638,293.122691424453,184.46441050205672,3022.6084905660377,69.9435245796347,213.90080862533716,54.81047843665768,1557.5191374663093,8.41901494732211,100.63432875574658,2546.0485175202157,4.684785864030514,0.9090909090909959,347.8792452830183,14.411082555000245,55.50503617528997,161.64743935310022,0.09973045822102426,38.55100873969369,80.4066
-2131929448,A,7752.444923371812,254.6189868027492,223.38441890168994,2996.6185344827586,66.81308155444731,206.106896551724,53.411458333333336,1495.1008620689652,7.899164054339641,91.92622438781419,2325.7334770114944,4.999201787992818,0.9064785788924589,336.6436781609196,14.502806736161556,58.39647610400173,159.97241379310407,0.5459770114942529,38.339428770452336,70.9506
-2131929428,B,449.09684684683765,414.60660660644135,62.7567567567514,3104.6094594594597,68.19562419561822,209.52648648648653,53.61317567567568,1498.264054054053,8.269041769043016,5.325259053520633,134.72905405405405,4.627252252250433,0.9066339066339932,340.2227027027034,13.521684475168172,52.46372688472738,160.29405405405447,0.572972972972973,37.908271908273804,62.51955
-2131929416,A,8971.718137254698,319.80392156882317,273.4226579521115,3040.6183823529414,67.2787114845715,207.96705882352956,55.31617647058823,1556.1573529411778,7.847058823532174,106.38400953262342,2691.5154411764706,4.916666666665656,0.903743315508108,325.45882352941084,14.733242134059676,58.70085139313685,160.2258823529417,0.5411764705882353,39.41889483063715,73.7868
-2129929722,B,6901.678537511594,205.35718054247252,121.25989237100018,2963.3668091168092,67.01126034458585,206.59487179487164,52.88817663817664,1501.4111111111115,8.13908313909445,81.83808542505244,2070.503561253561,5.512820512818824,0.9065009065009934,347.0165242165244,14.300006625583247,56.03538761428394,159.8541310541316,0.5612535612535613,37.43676077009739,70.425
-2129929714,A,7608.183139534621,246.84216192952718,95.20241171406597,2991.3691860465115,66.07558139532884,203.54302325581384,54.10519622093023,1633.2610465116284,7.6432346723060665,90.21563907527299,2282.4556686046512,5.01251614986928,0.9038054968288393,324.9058139534891,14.50581395348309,57.76889534877977,160.21395348837245,0.5901162790697675,38.62843551796117,70.611
-2129929706,B,6402.620396600507,178.32546427462546,24.641695519883097,2945.1203966005664,65.93956562793738,200.71614730878176,52.287535410764875,1638.5082152974526,7.7124645892494925,75.92039995968337,1920.78611898017,5.542178155490617,0.9065155807366307,327.6555240793195,14.087225772443905,58.52318473233383,160.16317280453305,1.0,37.09073740234681,80.031
-2129929698,A,6624.533045977311,190.0,221.89442315875309,2953.0,65.44608648055035,201.3172413793102,53.50395114942529,1648.164655172416,7.572622779519608,78.55177524873892,1987.3606321839081,4.967672413791299,0.9038662486939215,324.6712643678165,14.347767976473051,59.03622202050256,160.4229885057477,0.6005747126436781,38.28544061302774,72.6846
-2129929504,A,5977.608161258555,153.1344914234429,324.258712990195,2928.1157817109142,66.80854052533255,206.63716814159275,54.83130530973451,1694.4522123893817,7.768302493968163,70.88072918487764,1793.2824483775812,5.6731399541108205,0.9090909090909963,309.7345132743358,14.706729779782052,58.28714485322746,160.08495575221272,0.584070796460177,39.09806024848562,72.59925
-2129929504,B,6355.749036609041,173.88353671602312,324.87261828296585,2942.121387283237,65.61794660060072,199.80693641618484,51.139812138728324,1636.173988439306,7.884524435126937,75.36461308230578,1906.724710982659,5.45279383429433,0.9038360483448055,335.1179190751444,14.393735717160183,58.91770611494751,160.2312138728327,0.5751445086705202,36.323349097913585,81.63585
-2045929446,A,1125.565134099483,275.73967645832704,88.12260536398266,3517.367816091954,63.65353037767545,197.83103448275887,52.6715158045977,1676.6637931034466,7.454545454546973,13.34662214347099,337.66954022988506,4.727809706256282,0.9064785788924589,311.63678160919545,14.351777599565732,57.06405021168655,160.06436781609258,0.1724137931034483,37.53134796237099,78.26415
-2045929442,B,1392.0748299322154,289.42986718499986,325.02969441739117,3526.370991253644,64.37317784254421,196.26822157434398,50.2332361516035,1648.699416909618,7.73654916513837,16.506816165201226,417.6224489795918,5.500890832521741,0.9090909090909962,331.28163265306057,14.60505797002589,58.909774436039825,160.00000000000037,1.0,35.81235091438316,89.28975
-2045929236,B,1538.653470185778,299.06375583788326,113.58314326062163,3533.0,64.08602150535475,194.5126099706747,49.78189149560117,1625.9225806451605,7.64569448149018,18.2449028085202,461.5960410557185,4.773541870314239,0.9037589976007265,316.5395894428144,14.5897838095818,57.78901064973933,160.24398826979507,0.5865102639296188,35.44743623922382,95.66055
-2039929274,B,5762.3410535873,727.5658492278413,315.868402462389,3315.8576294277927,66.21123653818559,211.26866485013656,54.13061989100817,1475.0501362397815,8.286970522680708,68.3281547856202,1728.7023160762942,4.663563427185521,0.9066138221452439,354.9057220708457,13.625245548440517,54.40377169075033,160.0087193460496,0.11716621253405994,37.79621831392598,57.86805
-2039929212,A,6550.301681503431,23.511374876340827,324.8378942740273,3347.0,68.86675144837224,219.5608308605343,58.326224035608305,1576.0397626112756,8.26841111411053,77.67156144073945,1965.0905044510387,5.281899109789019,0.9063933099542278,347.1501483679535,11.868746118275986,60.70904263622743,160.33234421365023,0.5578635014836796,41.52414351225513,72.7194
-2039929184,B,6867.974470134624,40.543780774991795,276.4654249625519,3358.6134393063585,65.50096339111322,201.87745664739882,51.65462427745665,1581.9346820809228,7.916053599590612,81.43846101122182,2060.3937861271675,5.567196531789442,0.9038360483448055,339.78728323699414,14.549670654651676,58.496729540556984,160.18497109826637,0.15028901734104047,36.82168505867444,80.3745
-2033929470,A,9814.862689393978,208.69107744138654,66.40993265993674,3472.111505681818,67.62445887445462,215.25681818181818,57.19815340909091,1498.3201704545443,8.06521177686153,116.38177102043784,2944.458806818182,5.466777146462548,0.9065082644628967,342.1409090909086,14.338662790692933,56.03618421046281,159.9727272727279,1.0,40.782541322306955,69.57765
-2033929450,A,9646.661998132278,199.79665940470557,262.3695404087336,3465.8711484593837,65.46885420835154,203.2168067226891,53.11537114845938,1637.6831932773093,7.8320600967735405,114.38729642057096,2893.9985994397757,5.247432306254164,0.9065444359562874,336.760784313725,14.22513191322406,56.367389060836175,160.1613445378158,0.5714285714285714,37.80494015787358,73.62825
-2033929438,B,8084.9283667618965,110.1772259363616,32.85790088082066,3405.6131805157593,68.46500204664012,211.99770773638977,54.30068051575931,1523.603724928365,8.375488408454933,95.86871581140511,2425.478510028653,5.148439987262719,0.9064860640792741,347.05558739255065,14.301992403540464,57.601794601068605,160.17421203438448,0.11461318051575932,38.54215507510572,73.20885
-2033929434,A,75.84778420038765,213.13637336745052,144.45086705195092,3475.0,66.01706578585792,207.07976878612723,55.05057803468208,1637.842196531791,7.803468208093713,0.8993808403208329,22.754335260115607,5.411046885033923,0.9012086179717101,328.6115606936419,14.520768920549193,57.845299665302754,160.22196531791946,0.5838150289017341,39.27220178664177,69.1461
-2033929430,A,9620.40592168097,198.6851321238422,239.14040114612922,3465.25,66.68031109292674,211.37191977077373,56.232091690544415,1619.3716332378233,8.012633498308094,114.07595954565892,2886.121776504298,5.549586119068935,0.9064860640792741,337.7730659025796,14.439261677877113,56.70223194082827,159.89914040114664,0.1489971346704871,40.184075714155355,71.89785
-2033929418,B,8213.551470588434,115.73093681944103,147.14814814809122,3409.25,66.89915966384233,206.20941176470635,52.8795955882353,1600.1011764705886,8.135294117671647,97.39389095560786,2464.065441176471,5.195261437906646,0.903743315508108,331.78352941176416,14.545827633372632,59.08978328167668,160.51764705882397,0.1323529411764706,37.61675579322479,84.2412
-2033929414,A,7826.950811843073,93.50949803669964,129.6020375676474,3394.3631805157593,65.34452176285758,203.36733524355316,52.89577363896848,1598.6982808022958,7.803203959370786,92.80969342105867,2348.0852435530087,5.452881248007697,0.9090909090909962,316.1432664756456,14.420603718259953,55.764967576475094,160.13753581661945,0.18624641833810887,38.118433619857235,69.3573
-2033929414,B,8156.295238094002,113.13227513214328,96.12063492064992,3407.5,33.79047619046458,104.34857142857132,26.683035714285715,835.6474285714294,4.112857142872107,96.71496329758267,2446.8885714285716,3.1686507936492827,0.506493506493557,180.04800000000046,14.259800664446232,57.74172932325147,160.03657142857207,0.5628571428571428,18.962770562768863,74.8554
-1720100542,B,229.7480039920027,221.48148148100032,281.2441783100151,3480.622754491018,67.96977473622162,209.60119760479034,54.61452095808383,1732.5808383233505,8.092270005457134,2.7243142174145745,68.92514970059881,5.000415834993994,0.9063690800218617,328.4467065868266,14.50842501043979,83.70784746288412,159.80838323353345,0.562874251497006,39.10542551261083,81.06
-1720100534,B,473.80341880342206,235.72966128548669,167.647989870171,3490.3639601139603,64.42002441999968,199.4495726495727,50.988247863247864,1591.2666666666673,7.847319347339403,5.618222357351394,142.14102564102564,5.443969610634464,0.9090909090909961,331.0621082621077,14.393427416679666,57.35305143194581,160.10940170940222,0.5754985754985755,36.24190624190536,86.83545
-1720100480,B,2980.6419573640987,387.2103789834216,65.58570198104123,3592.5,64.85880398668914,197.4872093023256,50.506904069767444,1611.062790697674,7.747093023270295,35.34358052209914,894.1925872093024,4.844557493537948,0.9064482029599178,321.29999999999967,14.532855597614782,58.280676254535294,160.13953488372147,0.5465116279069767,35.89940098660732,87.10995
-1720100468,B,2986.827398615134,387.57335970973276,71.08253654248094,3592.620178041543,65.02896707642246,198.82967359050429,50.906899109792285,1519.680712166174,7.815753978978872,35.416925675275024,896.0482195845698,5.632212331024001,0.9063933099542278,329.48605341246275,14.898212683728849,59.25425581752766,159.96201780415478,0.5875370919881305,36.178401222904256,81.8391
-1718100702,B,5430.981104651425,534.4444444440013,56.899224806193054,3691.873546511628,31.66943521593694,96.38372093023256,24.653888081395348,812.8212209302324,3.8091966173382836,64.39901415570101,1629.2950581395348,3.296592377259653,0.4915433403805988,168.28488372093057,14.607220118981136,58.457007343875354,160.2976744186052,0.125,17.55725863283401,82.80285
-1718100544,A,4738.357558139768,486.83462532316025,302.05857019806666,3659.75,64.3992248062287,200.10348837209304,53.2594476744186,1656.2302325581384,7.550475687103907,56.18605800165198,1421.5079941860465,4.8695897932792285,0.9038054968288393,316.1965116279065,14.496349378038925,58.03396572821894,160.10232558139597,0.5959302325581395,38.113107822420105,77.9391
-1718100544,B,5125.473039215382,516.477124183021,118.81917211327946,3679.866176470588,63.411764705862836,191.02588235294107,48.4108455882353,1613.6708823529407,7.515374331565769,60.77636014879895,1537.6419117647058,4.83741830065181,0.9064171122995522,311.84588235294075,14.859097127215666,58.878482972071815,160.00941176470636,0.15588235294117647,34.94741532975569,99.8547
-1718100536,A,4764.090686272733,487.9531590414411,324.993464052426,3660.6125,33.22268907563915,104.79176470588229,27.830882352941178,863.9532352941188,3.9241978609638837,56.491193908388105,1429.227205882353,2.563316993463209,0.5053475935829381,172.04352941176447,14.867305061555388,59.804953560307524,160.07529411764762,0.55,19.859180035656816,80.21895
-1716100476,B,8336.381642510756,121.48148148100087,256.2555018788517,3413.11884057971,33.174603174591034,100.31652173913042,25.714673913043477,830.6999999999998,4.005006587622285,98.8503752076741,2500.914492753623,3.119565217389627,0.4980237154150695,175.14202898550752,14.465116279064263,57.42982456135673,160.38956521739186,0.5478260869565217,18.31532718489023,81.30195
-1716100432,A,6494.623188407233,21.481481481499955,275.2850241545862,3345.6159420289855,33.38026224982818,104.62956521739126,27.798007246376812,894.6260869565226,3.9366271409758853,77.01134215499654,1948.3869565217392,3.2773752012872746,0.5006587615283767,176.578550724638,14.529828109195885,58.770785659748185,160.21333333333382,0.5768115942028985,19.815546772064685,71.0547
-1716100432,B,7236.166194523117,59.42608330711187,280.93379498480215,3371.118271954674,64.88736004314272,204.33314447592093,52.273371104815865,1541.527478753541,8.02163275819156,85.80437022023978,2170.8505665722378,4.763534781237827,0.9090909090909961,331.2963172804531,14.446933263056996,56.63858655131235,160.18130311614786,0.5439093484419264,37.29247145676693,77.9922
-1714100726,B,467.37512007685274,235.55555555599895,161.93403778414148,3490.1152737752163,65.3821874570907,201.74870317002873,51.60842939481268,1521.7530259365976,7.924810060282277,5.5419974712660975,140.21253602305475,5.5471501761110895,0.9090909090909962,334.0069164265126,14.551973728296009,58.289473684151304,160.15677233429446,0.5734870317002881,36.74089599161215,85.57245
-1714100702,B,9075.424976257664,167.2913369208948,96.34483486335307,3444.1118233618236,41.65649165647812,120.66324786324789,30.03116096866097,1062.5555555555559,4.646853146861481,107.61373489633627,2722.627492877493,7.041785375117911,0.7511007511008237,204.92649572649597,17.992446829655368,56.74613885134544,160.4831908831912,0.3418803418803419,21.52292152292166,77.20935
-1714100694,A,8451.68939393766,129.25925925900066,25.97755331088109,3418.3719696969697,34.020202020204906,105.94909090909083,28.198863636363637,841.9863636363646,4.005096418733242,100.21766079757556,2535.5068181818183,2.9196127946119743,0.4848484848485336,168.1781818181821,15.171952078923702,61.60406698558168,160.426666666667,0.5696969696969697,20.173553719005113,82.302
-1714100690,A,8440.437198067364,128.69243156230402,16.006441223834827,3418.0,64.61835748793732,200.85217391304414,53.346014492753625,1571.8695652173913,7.550197628461126,100.08423555020593,2532.13115942029,4.86231884057865,0.906455862977689,316.3594202898557,14.44489383214867,55.20785659795842,160.3339130434789,1.0,38.355731225277594,85.1211
-1714100686,A,8446.84659090884,129.06355218848887,21.702441077437683,3418.127840909091,62.421536796551884,196.84431818181838,52.42365056818182,1500.3809659090896,7.4293646694232285,100.16023625578443,2534.0539772727275,5.331439393938538,0.9065082644628967,306.6159090909097,14.213134249467027,56.72846889945656,160.07272727272778,0.6306818181818182,37.549931129463104,81.37515
-1714100682,A,8821.33809523831,150.54074074065983,21.79047619047218,3432.622142857143,64.76734693879015,201.99085714285732,53.84375,1652.6082857142844,7.638831168832158,104.60084697912308,2646.4014285714284,5.3313492063480545,0.9090909090909961,327.7439999999998,14.566777408633097,55.07894736836724,160.19200000000046,0.18285714285714286,38.320346320333584,73.40895
-1714100682,B,9171.907142856888,172.0253968253716,182.2010582010345,3447.3614285714284,65.51836734691338,203.89714285714274,52.17767857142857,1550.0717142857122,8.020519480537262,108.75782044041428,2751.572857142857,5.403968253966506,0.9038961038961905,341.192000000001,13.969435215943683,56.52443609016777,160.24685714285764,0.14857142857142858,37.070129870128014,78.89835
-1714100536,B,8275.704022988326,118.32375478942181,202.44572158362655,3411.114224137931,64.56486042691087,198.2103448275868,50.845905172413794,1636.341379310347,7.821969696978685,98.1308777429405,2482.7112068965516,5.493694125157493,0.9064785788924589,331.69540229885126,14.47808072707076,57.18693284930147,160.18390804597766,0.5804597701149425,36.15290839429112,82.1631
-1714100524,B,8280.69845857422,118.68657675047368,207.107685720434,3411.25,33.581062482786436,101.18843930635825,25.961885838150287,818.4702312138729,3.9760903836090438,98.19010029929939,2484.2095375722542,3.191634553627367,0.5018392012612166,176.262427745665,14.56983465519007,57.09119257675891,159.87976878612767,1.0,18.418286915399218,82.3443
-1714100520,A,7820.294540229708,93.33333333329956,123.71221796506617,3394.1170977011493,66.22468527642168,207.5724137931038,54.966774425287355,1667.2499999999966,7.7900992685490476,92.7307652991578,2346.0883620689656,5.534402937418131,0.9090909090909962,324.1724137931037,14.309676557065837,55.26882940103824,160.07356321839129,0.15804597701149425,39.719609892013004,70.3704
-1714100520,B,7980.797516714441,102.77087976251285,266.5138490925475,3400.614613180516,31.626415609212927,96.11690544412602,24.65616045845272,835.0916905444121,3.803464443872289,94.63399096230756,2394.239971346705,2.4872652021640143,0.4975253972389139,162.35186246418368,13.529686146459655,62.902277182867266,160.55014326647608,0.10888252148997135,17.691239037944978,78.3654
-1696100360,A,7844.091591589894,567.9557335113333,50.43487932379412,4237.115615615616,33.00443300443696,101.94954954954954,27.142454954954953,817.7468468468476,3.8316953316965194,93.01297344773376,2353.228228228228,3.4134134134124006,0.49413049413054366,169.6732732732735,15.26922271107626,59.54678362566806,159.91351351351406,0.12612612612612611,19.476749476748044,76.45965
-1690100610,A,5781.9384615384,435.3743589744947,58.51396011395983,4147.621538461539,64.06739926740408,207.60000000000068,52.925,1645.7279999999964,7.711888111889758,68.56053511705372,1734.5815384615385,5.2141025641009975,0.9034965034965904,333.32061538461573,7.6415026833588655,57.13765182180276,159.34030769230802,0.13538461538461538,35.50209790211362,74.38995
-1690100608,B,5746.218130310395,433.87052775167473,26.51977756790929,4146.5,34.14272224469178,102.62549575070814,26.209277620396602,850.5093484419273,4.028714911152435,68.13697387722755,1723.8654390934844,2.5995435945852723,0.512490342518722,175.79716713881,14.524013439613848,56.76830177421186,159.85495750708276,0.5382436260623229,18.55695767876638,83.39745
-1193530880,A,373.00422705313423,407.6301663982535,331.55931293612343,3100.0,111.44582470638522,383.85217391304354,87.31997282608695,1931.0652173913065,13.672595520426096,4.422975024347105,111.90217391304348,4.975342190015719,0.9057971014493633,325.1449275362324,10.485338725980759,72.78747139580808,160.3246376811596,0.18115942028985507,56.98067632854918,152.3616
-1193530852,A,1515.8333333299972,480.3703703700008,33.333333333300025,3149.0,0.0,0.0,0.0,0.0,0.0,17.974308300399944,454.75,0.0,0.0,0.0,0.0,0.0,158.24290909090925,0.4618181818181818,0.0,153.5973
-1193530682,A,2498.9533560891155,538.8029326256566,61.25395019594364,3188.442832764505,14.53274825288363,35.70511945392491,9.162755972696246,479.24744027303745,1.4868135277699306,29.631857977328913,749.6860068259385,2.7261092150164505,0.28234564070744395,50.476450511945394,7.54901182633236,59.63714747614076,159.3993174061436,0.3583617747440273,7.365808253182935,154.33335
-1193530674,A,1551.666666670003,481.85185185199964,65.1851851852003,3150.0,0.0,0.0,0.0,0.0,0.0,18.399209486199982,465.5,0.0,0.0,0.0,0.0,12.939058171729965,158.27087719298277,0.5228070175438596,0.0,149.74545
-1193530654,A,1515.8333333299972,480.37037037000096,33.33333333330003,3149.0,0.0,0.0,0.0,0.0,0.0,17.974308300399947,454.75,0.0,0.0,0.0,0.0,0.0,158.1294117647061,0.625,0.0,150.48345
-1193530650,A,1551.666666670003,481.85185185199964,65.1851851852003,3150.0,0.0,0.0,0.0,0.0,0.0,18.399209486199982,465.5,2.905052264806698,1.2686094393411391,13.736585365853658,0.0,0.0,158.3275261324044,0.3519163763066202,0.0,150.56655
-1193530646,A,1507.5,479.62962962999967,25.92592592589991,3148.5,0.0,0.0,0.0,0.0,0.0,17.87549407109998,452.25,0.0,0.0,0.0,0.0,0.0,158.16027874564486,0.4076655052264808,0.0,150.9651
-1193530642,A,1515.8333333299972,480.3703703700007,33.333333333300025,3149.0,0.0,0.0,0.0,0.0,0.0,17.97430830039994,454.75,0.0,0.0,0.0,0.0,0.0,158.42888086642623,0.41155234657039713,0.0,149.961
-1193530634,A,1515.833333329997,480.37037037000033,33.333333333300004,3149.0,0.0,0.0,0.0,0.0,0.0,17.974308300399933,454.75,0.0,0.0,0.0,0.0,0.0,158.32701754385988,0.3157894736842105,0.0,147.0042
-1193530630,A,1515.8333333299972,480.37037037000067,33.33333333330002,3149.0,0.0,0.0,0.0,0.0,0.0,17.97430830039994,454.75,0.0,0.0,0.0,0.0,0.0,158.11223021582745,0.5323741007194245,0.0,150.02415
-1193530626,A,1658.670212764679,488.88888888900277,160.61991069083695,3154.75,42.39108409319361,132.48510638297864,34.05695921985816,1013.806382978723,5.18649258543521,19.668026238323304,497.6010638297872,2.779255319147806,0.6318504190845246,242.87517730496486,8.714332838525856,32.67963792455659,158.1163120567379,0.450354609929078,23.362346872989395,150.68295
-1183530654,A,1313.9432989690367,660.1947308130888,236.4693903527043,2751.3831615120275,51.883488790622685,110.35051546391759,32.53651202749141,984.6494845360822,4.3892533583238835,15.580355323738763,394.1829896907216,4.128006872851754,0.5217119650109868,129.3484536082475,9.0457923759257,33.380358111752244,159.3951890034367,0.2611683848797251,22.76892637717733,144.801
-1183530626,A,2747.81286549779,736.4418453540801,289.52826510726675,2802.85,89.6023391810818,293.4568421052632,65.27850877192982,1719.475789473685,10.30366826155897,32.582761250934084,824.3438596491228,3.09600389863327,0.90590111642752,320.28070175438626,17.22399020807067,30.03878116339965,159.14666666666682,0.25263157894736843,42.35725677832054,143.36115
-1183530624,A,9920.331541217367,377.03703703699733,12.722686844530418,3079.25,31.443932411644813,76.25376344086018,18.918010752688172,500.0247311827958,2.955848810688531,117.63238981682758,2976.0994623655915,0.9956192751881744,0.40729879439561034,105.78781362007173,15.865633074938007,124.53735144303506,163.7046594982081,0.0931899641577061,21.766047572480293,145.548
-1183530620,A,2922.170981662202,752.0316432937414,10.830636461710734,2813.3729773462783,29.46216674370357,76.1165048543689,19.213187702265373,781.2368932038833,2.944983818769063,34.65024879442454,876.6512944983818,1.186623516719421,0.48543689320393263,156.0478964401294,8.174155189294048,33.157894736811336,159.28543689320412,0.6375404530744336,21.553398058235153,143.5344
-1183530612,A,2303.102339180595,712.2222222219956,129.36972059780697,2786.5684210526315,31.908103592316095,137.08210526315793,27.14144736842105,878.0336842105252,4.83827751196169,27.30951390334288,690.930701754386,7.3815789473663305,0.7017543859649815,246.66526315789466,15.593635250911195,70.26177285312089,160.2694736842108,1.0,21.961722488033676,141.7074
-1183530608,A,9940.833333330052,378.1481481480004,31.111111111100183,3080.0,0.0,0.0,0.0,0.0,0.0,117.87549407099942,2982.25,0.0,0.0,0.0,0.0,0.0,158.65507246376836,0.40217391304347827,0.0,151.70085
-1183530604,A,9940.83333333006,378.1481481480004,31.111111111100193,3080.0,0.0,0.0,0.0,0.0,0.0,117.8754940709994,2982.25,0.0,0.0,0.0,0.0,0.0,158.69342560553648,0.40484429065743943,0.0,148.833
-1183530596,A,9906.545848825455,374.0740740740002,44.33429712236265,3077.25,19.70437245528178,48.539776951672884,12.04460966542751,265.22899628252793,1.924129773571747,117.46892310833402,2971.9637546468402,0.4708798017343491,0.19263264616426382,68.49070631970261,8.664303622382748,60.393269418839935,160.26171003717477,0.24907063197026022,14.179339867059484,147.31785
-1183530592,A,10059.166666700028,384.81481481500214,136.29629629600032,3084.5,0.0,0.0,0.0,0.0,0.0,119.278656126,3017.75,0.0,0.0,0.0,0.0,0.0,157.99402985074647,0.34701492537313433,0.0,148.788
-1183530588,A,10013.414071516961,382.64898116144496,95.55042932206763,3083.1608996539794,85.4176964901478,290.1508650519031,66.33434256055364,1764.1494809688597,10.333123623783129,118.73616942707604,3004.0250865051903,5.661764705881376,0.9090909090909971,262.04705882352926,10.00563289610827,68.73201602616152,160.5314878892737,1.0,43.3857607214382,148.3368
-1183530584,A,10095.83333329997,386.66666666700206,168.8888888889997,3085.75,0.0,0.0,0.0,0.0,0.0,119.71343873500071,3028.75,0.0,0.0,0.0,0.0,0.0,158.29859154929605,0.352112676056338,0.0,150.78345
-1183530580,A,9919.2434584759,377.01807609655344,11.444823663252494,3079.25,36.544774906525234,85.36382252559721,21.465443686006825,667.9382252559727,3.4258454855742686,117.61948764981607,2975.773037542662,5.527588168370968,0.8532423208191955,97.97133105802054,20.600841336605335,94.30617927061931,162.59931740614383,0.37542662116040953,23.14303443994847,143.94315
-903170202,B,5375.302171860369,119.80589654830023,136.0130101773201,2905.619688385269,65.58478348845992,198.83626062322932,50.88792492917847,1569.4572237960347,7.831831058472613,63.73876093114567,1612.5906515580737,4.906358199557482,0.9039402523822653,327.02889518413537,14.003557546603444,57.92082898458503,160.09971671388166,0.546742209631728,36.08035024466017,82.5801
-903170198,A,4376.494510978174,66.47704590820204,251.57684630740994,2869.622754491018,68.89934416878572,214.04191616766454,56.77675898203593,1694.433233532933,8.040555253132933,51.89522141488374,1312.9491017964071,5.105622089152492,0.9009254218835923,335.5808383233529,7.49686673164937,29.724235739016404,159.25269461077875,0.5748502994011976,40.62964979131682,68.30775
-903170194,A,4901.725317692873,95.36005213427387,71.4956011730278,2889.1187683284456,65.53972908809601,199.91788856304973,53.15432551319648,1643.9586510263957,7.514262863237581,58.123254088758486,1470.5183284457478,5.570625610946329,0.9037589976007265,319.7173020527865,14.578190002041588,57.081725574887244,160.27214076246366,0.6041055718475073,37.86812405579076,80.55015
-903170176,B,5360.39039039024,119.07240573900027,122.7071515960181,2905.1246246246246,68.578578578571,209.4198198198197,53.612049549549546,1626.0072072072073,8.271908271923131,63.561941388026305,1608.117117117117,5.127627627625022,0.9063609063609934,343.3069069069063,7.527061945663728,29.991702228517436,159.33693693693738,1.0,38.11720811720843,80.6286
-903170172,A,4696.083093179856,83.88195111539055,206.38915572626797,2881.5,67.18402634827038,207.20230547550412,55.03422190201729,1582.9391930835745,7.787791459263341,55.6847797610151,1408.8249279538904,4.965577969899053,0.9064710505633564,328.38270893371697,14.604249044964826,57.04193841947938,160.1014409221907,0.12968299711815562,39.310977207224724,69.6849
-903170172,B,5042.008236433895,101.66343669233405,196.19939707149993,2893.5,66.30952380951022,197.09651162790698,51.53070494186046,1593.4107558139547,7.584963002126501,59.78668765512602,1512.6031976744187,5.83777454780139,0.9064482029599178,318.07674418604597,14.684964845859252,54.15621175025602,160.49302325581434,0.5959302325581395,36.988195912602755,82.75185
-903170168,A,4787.057142857372,87.59259259259949,287.1830687830177,2883.875,64.92789115644526,194.48571428571447,51.669642857142854,1654.836857142859,7.3266233766246165,56.76352343309581,1436.1171428571429,5.140079365076995,0.9012987012987876,330.1920000000002,7.172093023253455,49.17556390971453,159.21371428571462,1.0,36.91948051946247,72.966
-903170160,A,5060.639705882088,102.59259259299941,212.7320261437885,2894.0,67.89215686272392,208.55647058823524,55.315257352941174,1648.300588235295,7.8342245989317245,60.0075854452475,1518.191911764706,5.671568627449228,0.9090909090909963,327.55882352941126,14.512311901499652,58.95007739933077,159.93411764705942,0.15588235294117647,39.55971479499042,76.61475
-903170160,B,6575.713296399079,187.7777777779994,178.48568790392807,2951.5,66.7484500725439,198.48531855955665,50.85612880886426,1577.8795013850415,7.850415512488338,77.97288493752608,1972.7139889196676,5.328177900891487,0.90405439435919,336.5351800554019,14.777427043735445,55.41040968066123,159.85817174515282,1.0,36.00520439856071,80.28585
-903170156,A,5099.2982456137715,104.24734676172005,247.09768247775165,2895.1176900584796,67.14564188246324,205.635087719298,54.57236842105263,1604.2798245614051,7.771531100480082,60.465987102133894,1529.7894736842106,6.163499025340113,0.9064327485380986,320.57543859649087,14.676322589414971,62.89704524462489,159.79415204678418,0.5818713450292398,39.46305156829984,80.20785
-903170156,B,5863.9975490196175,147.21677559891245,223.27668845315915,2924.122058823529,67.81512605041243,208.87411764705868,53.474264705882355,1513.3261764705894,8.19786096258312,69.53356777494426,1759.1992647058823,4.9930555555537985,0.903743315508108,338.64352941176384,14.59644322844809,58.50928792564008,160.38588235294168,0.11176470588235295,37.87522281640017,84.30255
-903170152,A,4732.583579155901,85.36217633565607,239.06478750154656,2882.3702064896756,34.728192161810654,109.49380530973441,29.14915191740413,840.9734513274335,4.1517833199261975,56.11759184769814,1419.7750737463127,3.1026712553252844,0.4987932421561239,175.02890855457213,11.800782053914395,58.62094395273397,160.38702064896782,0.10324483775811209,20.762492178416775,75.98775
-903170148,A,4928.814919735779,96.6677158745483,95.57444129681849,2890.0007082152974,65.40401996490543,200.50538243626053,53.35251416430595,1592.4263456090675,7.555369559619386,58.44444568856227,1478.64447592068,5.534309096630133,0.9065155807366307,318.8668555240791,14.245338955129982,55.102132100738864,160.435127478754,0.5977337110481586,37.96291527168184,77.5974
-903170144,A,5005.639534883663,100.0,163.7252368646399,2892.25,33.43438538204858,102.25465116279064,27.15297965116279,820.6552325581389,3.866675475687324,59.355409504535665,1501.6918604651162,3.956314599481069,0.8086680761100146,166.44534883720934,18.50865332612176,57.71611077105971,160.19534883720985,0.5843023255813954,19.426532769555482,78.3189
-903170140,A,4863.33094555894,93.49888570516951,37.302345325275155,2887.8617478510027,66.82903533904214,206.5306590257878,54.81823065902579,1524.5759312320934,7.744725188852769,57.667955876176066,1458.9992836676217,4.829274116520983,0.90127637405583,326.4527220630368,14.372626107811096,55.39247473981006,160.16504297994308,0.5444126074498568,39.132586611094666,78.0135
-903170140,B,5288.965517241321,115.73329076229294,59.27841634738444,2902.8706896551726,65.58976464148314,200.06206896551714,51.148527298850574,1551.4267241379316,7.879440961355146,62.71500613328741,1586.6896551724137,5.649744572155971,0.9064785788924589,336.00000000000074,14.524191392671012,58.42937084084317,159.93563218390872,0.5747126436781609,36.318355973528455,81.90435
-903170136,B,6093.866567460775,160.91931216939273,92.11419753086417,2933.3712797619046,69.43027210883675,204.0249999999999,52.21075148809524,1685.7169642857148,8.042207792226224,72.25928736120183,1828.1599702380952,5.589451058199206,0.9090909090909963,327.5916666666655,7.337347729787467,61.166979949811136,158.37142857142902,0.5595238095238095,37.70923520923495,83.79975
-903170132,A,5065.730952380772,102.7693121695428,217.1682539684362,2894.12,39.858503401346276,132.80914285714286,33.87410714285714,1054.4708571428569,4.914025974026822,60.0679559570677,1519.7192857142857,3.417460317458984,0.6181818181818788,246.81600000000006,14.187375415276927,58.0056390976891,160.155428571429,0.12857142857142856,24.26320346318996,76.81305
-903170132,B,6582.440814393956,187.95244107748857,184.46969696962222,2951.6178977272725,65.86985930735297,198.71249999999998,50.84073153409091,1622.6769886363663,7.816632231429858,78.05265787818044,1974.7322443181818,5.432054924239937,0.9039256198347974,332.1897727272733,14.246168076103986,58.052108253539636,160.09090909090958,1.0,36.06921487603335,77.1237
-899170202,A,1953.3039215687056,694.4444444440012,146.83442265789705,2774.5,69.02521008401254,208.122352941177,55.220588235294116,1822.355294117649,7.855080213905379,23.161706579861452,585.9911764705882,5.673202614377325,0.9064171122995522,318.14588235294065,14.84062927496021,57.102941176407384,159.8682352941181,0.6,39.92602495541542,65.35665
-899170198,A,2077.3587570637305,700.1757689891463,256.96379995844177,2778.3686440677966,34.09604519772999,105.15593220338972,27.979343220338983,782.9966101694923,4.027606574217941,24.63271253432197,623.207627118644,3.9477401129924727,0.8397534668721917,169.00451977401138,18.556037314412514,55.40402914059637,160.19887005649773,0.53954802259887,20.0017120356155,63.6546
-899170186,A,2001.1016144351854,696.4672364672341,189.24976258311955,2775.866096866097,67.1116537782989,208.98803418803465,55.59205840455841,1605.8111111111123,7.845247345248994,23.72850579372191,600.3311965811965,5.522317188981445,0.9065009065009934,334.50826210826244,14.258265421052084,56.756635177626414,160.03646723646784,0.15669515669515668,39.570059570053694,65.36175
-899170156,A,2136.4022662888956,702.766761095611,309.55618508019825,2780.1175637393767,67.51517604206491,209.6634560906523,55.873760623229465,1586.6923512747878,7.938964718002393,25.33283319709431,640.9206798866855,5.58073654390764,0.9039402523822653,334.84985835694044,14.43968640884472,56.73065453998129,160.36260623229526,0.5779036827195467,39.809425701761086,59.2407
-899170148,B,2999.3036529697274,755.9259259260075,79.39928970066767,2816.0,35.358121330720216,108.12821917808203,27.643835616438356,867.1569863013698,4.241344956426021,35.5648654502163,899.7910958904109,2.4840182648394835,0.5255292652553446,185.751232876712,13.673781459058038,54.24801730348139,160.1315068493154,0.09041095890410959,19.550020755496455,59.8281
-899170132,B,3454.8217592590554,9.793209876543425,158.3477366255251,2831.3611111111113,66.96957671957016,209.34333333333376,53.63975694444444,1483.0400000000018,8.21805555557328,40.96626592006855,1036.4465277777779,5.089120370368659,0.9065656565657433,336.29555555555544,13.931524547796807,55.88157894731419,160.0711111111116,0.5527777777777778,37.93686868686862,69.28185
-899170124,B,3461.7893518516385,10.0,164.5349794237917,2831.5,67.76984126983345,208.47000000000043,53.390625,1450.4858333333336,8.193181818200474,41.048885595083185,1038.5368055555555,5.354938271603269,0.909090909090996,334.3433333333331,13.921834625317656,57.35818713444651,160.08888888888941,0.5638888888888889,37.897306397309656,68.8011
-897170414,A,4277.087087085794,61.29462796129828,163.26548770974216,2866.1246246246246,48.99184899183233,152.70270270270265,40.02533783783784,1151.0387387387382,5.811629811634774,50.71644767295505,1283.126126126126,3.6207040373692623,0.6825006825007491,265.0918918918918,11.385571618125788,59.97905800532498,160.4420420420424,1.0,28.06533806533611,83.55975
-897170406,B,4755.809859155099,86.46426708400264,259.42410015649006,2883.114084507042,66.13682092554635,200.45070422535218,51.276408450704224,1661.6636619718322,7.86094750321648,56.39300228246606,1426.7429577464789,5.662363067290782,0.9039692701665398,336.0473239436619,13.183753684894148,57.08005930314119,160.1712676056343,0.16056338028169015,36.35936833120348,80.2437
-897170374,B,5203.204393505502,109.79624323484238,339.41419929958465,2898.8624641833812,65.04707327058118,197.2366762177651,51.331482808022926,1626.8475644699129,7.882521489990203,61.6980758123177,1560.961318051576,5.587392550141485,0.9064860640792741,333.0957020057316,14.292663423730152,57.2029105714994,160.45845272206356,0.5873925501432665,35.45801858122359,84.3513
-897170370,A,4389.057971014435,67.0370370370001,262.76543209873336,2870.0,67.5307108350357,208.84521739130423,55.58423913043478,1607.4782608695648,7.8733860342583455,52.044194306017616,1316.718115942029,5.558373590979847,0.906455862977689,331.39014492753654,14.583754634304695,59.819221967907,160.41739130434826,0.1565217391304348,39.68994290731806,78.9837
-879170270,A,306.46198830394513,603.5120207926915,25.83712367337706,2713.25,36.70426065161876,112.85614035087714,30.099597953216374,885.6877192982448,4.246278575227667,3.6339366202041554,91.93859649122807,2.59543534762623,0.4970760233918626,182.96608187134498,10.741874065002763,58.87080640191483,160.36491228070216,0.543859649122807,21.35300372142803,60.4995
-879170258,B,1105.636025998385,649.0642731867765,51.263798617561434,2744.0,68.45735508687399,207.50306406685291,53.23380919220056,1544.26963788301,8.175614079527108,13.110308608673753,331.6908077994429,4.651810584955914,0.9090909090909961,333.9877437325914,14.570188508122836,58.59991203630016,160.14261838440152,0.10584958217270195,37.574913480205126,77.03805
-879170254,A,523.062189054707,614.6235489219202,218.46545052519411,2720.6216417910446,69.48685145697677,216.36895522388048,57.64085820895522,1624.2510447761201,8.134464043422268,6.202318447288903,156.9186567164179,5.05306799336386,0.900949796472271,336.74388059701465,14.438736549803853,85.81500392764893,159.9522388059706,0.12835820895522387,41.09271822703289,66.07485
-879170112,A,736.8158143939119,627.2138047135924,71.01851851852062,2729.120028409091,67.45941558439405,209.36250000000047,55.67915482954545,1624.2613636363642,7.853822314052601,8.736946415738622,221.0447443181818,5.490451388887096,0.9039256198347974,330.5909090909083,14.368393234666256,57.111617822918895,160.33636363636404,0.5681818181818182,39.69783057850288,65.77155
-879170108,A,829.6438746439045,631.6513664659874,153.4641764271736,2732.1146723646725,67.01261701259747,207.52478632478645,55.16025641025641,1599.855555555557,7.803030303031956,9.837674402892809,248.89316239316238,4.8520101297862475,0.9065009065009934,326.28376068376076,14.278142185114199,57.243214874736985,160.29173789173845,1.0,39.34645601311773,68.5827
-879170108,B,1372.318435753882,663.3333333329957,288.37575005172044,2753.5,66.96461824952496,205.09944134078253,52.66323324022346,1539.9008379888269,8.083417978687319,16.272550621588294,411.695530726257,5.256052141525242,0.9014728288472168,338.20558659217824,14.056125763278175,56.67303734189367,160.02681564245867,0.5642458100558659,37.369222955814614,73.7268
-879170104,A,1148.920612811948,651.2813370470681,89.6378830083461,2745.365598885794,33.2643586682474,101.90640668523665,27.17966573816156,823.2476323119768,3.863256520639251,13.623564578820254,344.6761838440111,2.4868461776528443,0.5115219042796152,165.73816155988865,14.020211180923907,56.71785661921547,159.91086350974982,0.5571030640668524,19.393095298377673,72.73455
-879170100,A,769.3852065321591,628.6860924328024,99.95730600915793,2730.114553314121,67.94153972826588,211.87780979827124,55.32150576368876,1482.1461095100872,8.152213780458256,9.123173218210356,230.81628242074927,5.488712776175035,0.9064710505633564,345.3844380403454,14.50841096440715,57.38207189436867,160.1106628242079,0.5590778097982709,39.303117631634905,65.36535
-879170100,B,1139.8409306744736,650.5444760999546,81.54901340086535,2744.8682336182337,38.384208384206715,113.89743589743581,30.30181623931624,968.1777777777772,4.564879564890736,13.515900363708234,341.9522792022792,6.09251345362256,0.6423206423207051,179.34358974358977,18.622540250438696,56.37726795616565,160.13675213675262,0.7008547008547008,21.017871017871585,72.7671
-879170096,A,756.4571428571437,628.1481481480004,88.39576719576871,2729.75,67.48299319725807,210.2571428571431,55.964285714285715,1593.785142857143,7.908701298704344,8.969847543761055,226.93714285714285,5.551190476188963,0.9064935064935933,333.50399999999934,14.349501661125803,58.77067669166699,160.72228571428627,0.5742857142857143,39.865800865790085,64.4553
-879170092,A,843.6610486890235,632.3897211819155,165.69080316245294,2732.6137640449438,33.821562332787124,103.47977528089876,27.640449438202246,837.7879213483146,3.899387129725736,10.0038859528446,253.09831460674158,2.5909019975018843,0.5132788559755361,170.88651685393245,14.048210086223346,56.27698107622734,160.19775280898904,0.5337078651685393,19.565032345918215,71.59845
-879170088,A,743.4041548631023,627.580526702231,76.81460497324873,2729.3675637393767,67.17523269929207,209.0277620396601,55.54089943342776,1617.2515580736567,7.83350502189323,8.81506902999795,223.0212464589235,5.554375196724382,0.9065155807366307,331.61359773371026,14.296066934575295,56.980393618561486,160.108781869689,1.0,39.60511631898622,66.2058
-879170084,B,2551.861111110861,726.1018518517507,115.35802469138052,2795.8694444444445,66.70238095237293,205.61666666666727,52.666666666666664,1466.5408333333341,8.06603535355142,30.259222661390545,765.5583333333333,5.447530864195407,0.9040404040404906,342.52555555555483,13.985788113689232,55.365862573051494,160.28444444444494,0.5694444444444444,37.29377104377139,65.9394
-879170080,B,2055.5260707633524,699.0647630870503,237.56259052337015,2777.75,33.67384942803601,101.31284916201103,25.998603351955307,822.3117318435744,3.9958100558769494,24.37382692606263,616.6578212290502,2.4487895716930472,0.5002539360081757,172.48938547486006,14.136027023511732,55.78322552186464,159.9195530726263,0.09217877094972067,18.40697477568975,70.7364
-879170076,A,1994.4785714283714,696.101587301486,183.41375661378012,2775.6192857142855,67.6299319727643,211.22742857142876,56.1625,1495.6165714285714,7.940779220780267,23.649999999997725,598.345,5.474999999997934,0.9038961038961905,335.46399999999966,14.318936877071659,56.71578947362118,160.0731428571434,0.14857142857142858,39.99480519479671,65.5623
-879170076,B,2785.277777777778,737.943415637917,322.70781892985053,2803.8625,40.8267195767191,124.40666666666661,32.81944444444444,984.0674999999986,4.9876262626325225,33.02700922266272,835.5833333333334,3.3942901234551597,0.5858585858586434,220.7255555555557,14.074289405680444,56.78399122801414,159.99111111111173,0.11666666666666667,22.531144781141773,58.98405
-879170072,A,814.3862134088483,630.9096632043754,139.97272059598015,2731.6154390934844,67.19681640359207,208.9801699716716,55.69405099150141,1564.507648725213,7.8665979912456026,9.656781511380636,244.31657223796034,4.860324205222894,0.9039402523822653,328.7104815864025,14.285526055729418,56.65349634704147,159.98186968838584,0.12464589235127478,39.70212035366797,71.253
-879170072,B,1379.1852367683007,663.509749303586,294.4165892913171,2753.6204735376045,67.4267144183475,209.3080779944295,53.72823816155989,1505.7802228412263,8.246138262873425,16.353975139549277,413.7555710306407,5.300216651189486,0.9014940491264474,343.1442896935931,13.882878797687994,58.232297317044086,160.6685236768808,1.0,37.993584873809105,72.5385
-879170068,A,1638.330952381,678.329100529263,197.64021164028856,2763.75,68.34965986392639,210.16457142857203,55.95982142857143,1625.6202857142882,7.916623376624558,19.426849237728796,491.4992857142857,5.4575396825367655,0.9038961038961905,331.9359999999998,13.229235880393974,57.990977443557476,160.10057142857187,1.0,39.841558441545644,63.34515
-877170366,A,1514.1762728127649,673.3333333329957,87.37965631337553,2760.25,33.909702209402646,105.36829971181544,28.061959654178676,848.0308357348694,3.984149855908501,17.954659361435322,454.2528818443804,3.2272654498872906,0.4977731202515561,174.3100864553318,14.622344346889285,58.91286212643801,160.03688760806966,0.11815561959654179,20.044537594957884,69.8253
-877170366,B,2202.6977401130225,707.9472693032544,40.087884494659164,2783.61511299435,66.64783427494673,203.8745762711867,52.19367937853107,1467.3915254237272,8.01746276325028,26.118945534931655,660.8093220338983,5.5065128687987475,0.9039548022599736,336.8067796610163,14.316121403224919,56.977029437941916,160.28022598870112,0.1440677966101695,37.04074644752462,69.8028
-877170358,B,1971.7765042971046,695.1851851849952,163.14549506513217,2775.0,51.51589575657356,159.65157593123223,41.50698424068768,1172.1232091690554,6.198879916650714,23.380749062829974,591.53223495702,3.7109996816287447,0.7033081531649551,278.8928366762176,14.183381088819148,57.81857939972397,159.67908309455646,1.0,28.964139967004872,71.14995
-877170350,A,1917.77698863642,692.7683080810444,115.17887205396282,2773.369318181818,68.37797619045284,213.58295454545498,56.88121448863637,1513.0670454545443,8.050878099174476,22.74043860041985,575.3330965909091,5.454940025250047,0.9039256198347974,340.4227272727272,14.176136363631565,57.23235645928055,160.05454545454592,0.13636363636363635,40.60864325067605,61.56015
-877170346,B,2208.0840455839607,708.3138123880227,44.91716788014237,2783.8618233618236,34.033374033372056,102.50940170940163,26.27938034188034,850.4555555555561,4.037425537437856,26.18281476975002,662.4252136752136,3.1948401392834747,0.5050505050505554,176.32022792022784,14.321871066051516,56.99767581340646,160.18233618233666,0.5669515669515669,18.632478632479007,72.50895
-877170338,A,1748.8521126746741,683.3333333329957,295.97496087651234,2767.1098591549294,35.13749161635328,108.46985915492947,28.864436619718308,867.5247887323939,4.1272727272728424,20.737376830138484,524.6556338028169,3.7507824726110908,0.9090909090909961,179.72056338028162,17.70782836554124,56.1623424758511,160.17126760563414,0.09295774647887324,20.525821596246438,65.424
-877170330,A,1924.3833333331143,693.1312169310849,121.04338624337734,2773.615,68.42312925167687,213.29828571428612,56.89196428571429,1519.529142857146,8.051948051949275,22.81877470354657,577.315,5.426190476187935,0.9038961038961905,336.2159999999995,14.443189368764356,57.227819548818545,160.02742857142914,0.5685714285714286,40.46233766232274,61.5486
-877170326,A,1911.143192488451,692.5925925929973,109.29577464791534,2773.25,68.27632461433014,212.37971830985967,56.53697183098591,1512.3430985915513,8.002944942382156,22.661804821008715,573.343661971831,5.440923317681626,0.9039692701665398,337.0805633802813,14.091713069107639,56.26130467008328,160.0090140845076,0.14366197183098592,40.330345710618744,61.2159
-877170322,A,1688.92142857077,680.5417989417169,242.45714285723957,2765.1164285714285,43.67074829931757,157.98171428571456,39.47857142857143,1170.9805714285712,5.720909090909572,20.02673630715984,506.6764285714286,3.8492063492046347,0.7012987012987695,304.28800000000024,14.606644518266236,57.05488721798808,160.09142857142916,0.13142857142857142,28.49264069263916,65.90055
-877170322,B,2196.0481586404817,707.5836743257814,34.1852901059742,2783.5,67.17658168082335,205.69971671388097,52.647839943342774,1484.9167138810205,8.120654133427166,26.040096742763822,658.814447592068,5.508734655333562,0.9065155807366307,337.8560906515579,14.297384544430464,57.17123900396013,160.22662889518475,0.5722379603399433,37.419520988922415,70.4697
-877170314,B,2581.208920187972,727.5722483045207,141.48356807505934,2796.8612676056337,67.39771965123225,206.3459154929582,52.85475352112676,1457.0839436619717,8.130217669674368,30.60722039747358,774.362676056338,5.430359937400551,0.9065300896287679,341.4501408450699,14.076645922040063,55.46034099328934,160.18028169014113,0.5690140845070423,37.40845070422257,65.7627
-877170272,A,2046.649999998198,698.691005291312,230.02539682546555,2777.367142857143,34.22040816325319,105.57599999999987,28.126785714285713,808.7485714285709,3.9709090909094855,24.268577075095635,613.995,3.1726190476184555,0.4961038961039456,173.35199999999995,14.257142857136555,57.026691729265046,160.1280000000005,0.11714285714285715,20.027705627697955,65.0508
-877170268,A,1324.2454632280226,660.7407407409981,245.658495171361,2751.75,69.02169463771735,214.09512893982824,54.8307664756447,1414.1020057306614,8.085699400899031,15.702515374243221,397.27363896848135,4.736150907352783,0.9038812190675521,339.4659025787958,14.601852468841727,58.12471723715101,160.45845272206338,0.5472779369627507,40.58174871927943,69.24525
-877170268,B,2034.869047619085,698.1481481480004,219.24444444444276,2777.1121428571428,66.8857142857061,205.28914285714282,52.57053571428571,1501.9234285714285,8.093116883142967,24.12888198757719,610.4614285714285,5.563888888887106,0.9064935064935933,340.8079999999996,14.261129568100072,57.68984962399855,160.15542857142904,0.5657142857142857,37.3861471861426,72.0123
-877170264,A,1721.2168560608814,681.8518518519996,271.3468013468321,2766.0,67.83820346318215,211.75909090909133,56.30770596590909,1577.7715909090934,7.989927685950952,20.409686040232355,516.3650568181819,5.445075757573855,0.9039256198347974,332.53977272727167,14.37962473572553,57.64391447363778,160.15454545454602,0.5795454545454546,40.06973140494751,60.30495
-877170264,B,2346.3736791532833,714.0740740739933,167.84075141441446,2787.75,34.458624948536,104.62824207492783,26.80115273775216,880.7031700288185,4.107414199643739,27.822612796311194,703.9121037463977,3.1844380403450447,0.5056326958344753,182.54870317002923,14.692714965478658,58.07143940537333,160.36887608069222,0.5590778097982709,19.04200506505917,68.8746
-877170260,A,1885.6460674154773,691.2817311690856,86.65626300457815,2772.365870786517,66.16773675760204,207.06741573033753,55.13254915730337,1559.8685393258406,7.7808988764057165,22.35943953458705,565.693820224719,5.354244694130833,0.9090909090909961,321.88988764044865,13.991377057743234,56.10474571253473,160.1528089887646,0.1853932584269663,39.185393258412134,57.82185
-875170112,B,9918.201164874989,569.7949024295156,60.0816407805641,2690.3622311827958,67.13389656937056,212.39032258064543,54.37079973118279,1503.3346774193544,8.326857282508362,117.6071284372983,2975.4603494623657,4.727075866187648,0.9066471163246222,361.7569892473109,13.585896474111893,55.26209677413437,160.06021505376384,0.5752688172043011,38.008308895405676,63.42225
-875170052,B,9570.197858473033,549.789985516452,117.93916821858639,2676.858240223464,66.63740356476879,208.64245810055885,53.43837290502793,1480.5184357541903,8.182453021841233,113.4806070174054,2871.0600558659216,4.282278088142149,0.9090909090909961,348.26368715083737,13.90736650642562,56.30329314902295,160.25027932960967,0.09217877094972067,37.56560013542303,65.91045
-873170366,A,9937.356081709437,570.5467863405861,77.032910347669,2691.0,47.65486138743878,146.7877437325906,39.11559888579387,1141.5267409470744,5.49126361104288,117.83426183835377,2981.2068245125347,3.568167749921596,0.6761205368448366,275.5387186629523,13.807086869204694,63.61274006737761,159.27799442896995,1.0,27.48628344727891,59.68785
-873170366,B,188.23515981740536,596.4667681379979,250.2242516488795,2708.5,66.99412915850426,209.33917808219212,53.75599315068493,1455.6509589041095,8.235740971363159,2.232064540581279,56.47123287671233,5.460806697106786,0.909090909090996,350.8131506849309,13.726664542843245,52.03929343902794,159.9473972602744,0.1178082191780822,37.99999999999818,59.37135
-873170362,B,316.71703296700537,604.0740740739943,35.02238502238929,2713.609203296703,67.32208267921443,211.3450549450555,54.183550824175825,1440.7928571428574,8.289835164836987,3.7555379403208313,95.01510989010988,4.50740231989997,0.9065934065934933,353.7999999999993,13.780347559412144,57.15080971653537,160.09670329670368,0.07967032967032966,38.20346320346357,69.61065
-873170354,A,9894.543981480934,568.8888888889994,39.08436213992016,2689.75,66.15740740738529,210.1600000000007,56.072048611111114,1492.7466666666674,7.878914141417359,117.3266633728941,2968.3645833333335,4.324845679010155,0.8712121212122047,352.34111111111025,13.746124031002923,56.02083333327978,159.98222222222276,0.11666666666666667,39.270202020177386,60.59415
-873170354,B,114.7430555555444,593.7037037039992,184.89300411514995,2706.5,65.912698412691,200.80333333333385,51.607638888888886,1573.953333333333,7.891919191922035,1.3605895915692232,34.422916666666666,5.398919753084325,0.9065656565657433,333.7288888888886,14.104005167953348,56.50986842100105,159.92000000000058,1.0,36.46717171717669,65.79675
-873170346,A,9958.359082397239,571.4814814809964,95.74698293798862,2691.5,66.94087747456355,205.7191011235955,54.72612359550562,1575.4904494382045,7.7219101123620195,118.08333703416594,2987.508426966292,5.616807116102971,0.9065372829418641,331.0842696629212,14.046903579822427,56.067415730287976,160.25168539325884,0.16853932584269662,39.02366360230381,63.01095
-873170342,B,9985.908882784111,572.39112739119,120.26048026051383,2692.25,67.01857666142318,211.8923076923078,54.223042582417584,1492.6500000000005,8.323926073935935,118.40998675240115,2995.772664835165,4.8214285714269955,0.909090909090996,363.9461538461548,13.753513927926996,55.342322151490535,160.00879120879168,1.0,37.98701298700913,63.5892
-873170338,A,10190.857487912743,580.8341384864813,302.4025764894931,2697.813768115942,38.020703933736556,113.33913043478243,30.911231884057973,999.5982608695646,4.315810276681572,120.8402073665414,3057.2572463768115,3.8941223832514393,0.6245059288538162,212.24811594202907,18.26491405459924,57.99885583519529,160.1113043478267,0.2,21.352657004818585,61.75965
-873170334,A,344.40891472865366,605.1851851849956,59.62316968131046,2714.25,68.57558139532858,212.06511627907022,56.5234375,1704.0845930232567,7.966569767445054,4.083900174646917,103.32267441860465,4.777131782943951,0.9038054968288393,335.2511627906972,14.504461871277277,51.9048347612689,160.12093023255844,0.561046511627907,39.77977448906763,60.5967
-873170318,A,10006.281492250293,573.3333333329961,138.40869939709867,2692.75,67.72978959023233,209.82209302325612,55.86936773255814,1583.422674418605,7.877510570827529,118.65155919665996,3001.8844476744184,5.632267441859382,0.9064482029599178,333.1755813953485,14.601135749047245,60.39473684205065,160.27906976744234,0.15406976744186046,39.826462297369595,64.5318
-873170318,B,121.36600378790617,593.8773148149317,190.7638888888862,2706.6178977272725,66.53544372293536,203.94204545454576,52.36594460227273,1531.5144886363646,8.013429752071316,1.4391225745610492,36.40980113636363,5.33577967171545,0.9065082644628967,333.79659090909075,14.287130021136653,58.60047846884749,160.18181818181856,1.0,37.12379476584231,66.2457
-873170306,A,145.8238904627478,594.9826880705225,212.46458923514137,2707.363314447592,67.60690678535647,209.8878186968844,55.86225212464589,1620.0577903682731,7.901364924030937,1.7291370410592584,43.7471671388102,5.56735914384461,0.9065155807366307,333.1682719546732,14.050332696484007,62.46048904123983,159.79150141643103,0.1558073654390935,39.72186453770806,60.16635
-873170306,B,418.0787037036891,609.2592592590015,125.06378600836057,2717.0,34.70502645502108,105.90666666666651,27.1484375,841.013333333333,4.148358585859748,4.957454984629574,125.42361111111111,3.007330246912304,0.5050505050505553,176.90555555555528,14.308139534876922,55.0756578946876,160.10666666666717,0.5666666666666667,19.255892255893343,70.986
-873170272,A,9591.540114611747,550.7407407409994,136.91393399158653,2677.5,35.400463910506836,108.73581661891102,27.836676217765042,848.1214899713469,3.912216723104983,113.73367724822269,2877.4620343839542,3.2071792422788796,0.5105496222975241,179.56905444126048,14.400613047239611,56.53257427230868,160.0916905444131,0.5587392550143266,20.662498914651824,55.08765
-873170272,B,9925.562386157117,570.1619105442574,66.6160696215311,2690.6099726775956,85.39422326295008,277.422950819672,66.1005806010929,1780.680327868854,10.241306507696681,117.69441564606777,2977.6687158469945,5.07172131147401,0.9066070541481244,335.93879781420696,13.794637183879958,54.54091170543481,160.22732240437216,0.18032786885245902,44.600099354211416,64.89795
-873170256,B,9752.954132607209,557.9372287819781,280.3834897567769,2682.358310626703,66.89762553521265,206.36403269754766,53.81641689373297,1531.127247956404,7.926430517714129,115.64767746177932,2925.886239782016,4.72752043596507,0.9066138221452439,331.01035422343375,13.770990431525028,55.27606482140606,160.25286103542282,0.5994550408719346,38.17108413838412,58.8924
-873170248,A,9532.949438202217,547.9504785685054,84.81481481481437,2675.61797752809,68.45104333871224,212.05280898876447,54.274929775280896,1577.0570224719108,7.638151174668014,113.03895390140472,2859.8855337078653,5.528245942570217,0.9065372829418641,336.26741573033615,13.95675463809094,56.87241277346111,160.26067415730392,1.0,40.22046305753696,55.66965
-873170248,B,9991.844223486385,572.7493686871235,125.4566498314381,2692.356534090909,36.81141774891329,112.5374999999999,28.833451704545453,880.834943181818,4.431947314053633,118.48036628625654,2997.5532670454545,3.3333333333323023,0.5423553719008801,196.39772727272782,14.31752114164285,52.563172846848374,160.10909090909146,0.5909090909090909,20.340048209365357,63.10665
-873170244,B,10130.96929825027,578.5565302148707,249.17933723197368,2696.2763157894738,55.78195488720642,200.4473684210529,45.3297697368421,1486.4336842105274,7.477272727273924,120.1300707301471,3039.290789473684,5.510599415202647,0.8995215311005643,353.92,15.53671970623423,53.36703601102767,160.3284210526323,0.23684210526315788,33.15311004784467,68.45265
29494096,A,8315.004901960772,597.2135076250597,137.9760348584616,4256.7507352941175,64.3739495798293,200.74588235294132,53.35294117647059,1680.7508823529392,7.545588235295898,98.59689607067942,2494.5014705882354,5.521650326795491,0.903743315508108,312.3399999999995,14.80848153214182,58.39086687299703,160.20705882352993,0.18529411764705883,38.078431372536315,74.44695
29494096,B,8796.176035503007,624.0740740739948,240.1687486303102,4274.869822485207,63.696816004486266,195.5360946745563,50.11556952662722,1627.3846153846143,7.699435180219238,104.30248263441992,2638.8528106508875,5.67102235371387,0.9064012910167626,326.7218934911247,14.704830053663253,59.33782310801334,160.2556213017756,0.591715976331361,35.57199211044976,87.43395
29494108,A,8251.488095236662,593.1437389769269,81.46604938273693,4254.115327380952,33.43679138322028,102.68928571428557,27.416294642857142,858.4642857142865,3.872835497836789,97.84373235458546,2475.4464285714284,3.330853174601962,0.4978354978355477,170.59166666666658,14.91348283498995,58.74765037590148,160.1904761904767,0.5416666666666666,19.55717893217862,74.1564
29494108,B,8644.213930348118,616.2962962960008,105.08347153117622,4269.620149253731,64.31982942428557,194.414328358209,49.73787313432836,1649.734925373133,7.635413839896338,102.50056043891642,2593.2641791044775,5.631840796017665,0.9036635006785129,320.34507462686616,15.006594932311101,59.273369992077036,160.1719402985079,0.5970149253731343,35.33514246947016,88.94865
29494116,A,8321.153846153866,597.579443348563,143.4341442033846,4256.875,64.4026486334242,200.20118343195293,53.204511834319526,1702.8923076923063,7.531468531470263,98.66980845241812,2496.346153846154,5.61801446416671,0.9064012910167626,313.93136094674503,14.982110912337646,59.06882591087088,160.24615384615427,0.5887573964497042,37.9496144880584,75.30645
29494116,B,8711.717836257132,619.799653454824,165.1440329217691,4272.0,65.4650515176874,199.9228070175438,50.15533625730994,1632.6061403508777,7.708931419458782,103.30100201089762,2613.5153508771928,5.613628979856833,0.9064327485380986,326.1672514619888,14.653202774371296,58.72883964291194,160.02807017543915,0.17543859649122806,37.14424951266568,85.6857
29494128,B,8790.034516765274,623.8735481044379,234.7074293228873,4274.75,63.95463510845997,194.81538461538497,49.91031804733728,1634.8846153846155,7.667428725135713,104.22965830150876,2637.0103550295858,5.562541091386062,0.9037116729425289,319.7467455621303,14.727535434150834,60.47921208340202,160.0946745562134,0.5828402366863905,35.48323471400062,87.93255
29494136,A,8363.425925926074,599.6296296300042,181.03963612728086,4258.37134502924,64.37482595378091,201.18947368421087,53.490497076023395,1661.4000000000005,7.54997341839719,99.17105841019001,2509.027777777778,4.935428849900945,0.9064327485380986,316.44093567251423,14.454644362841465,60.04693751917715,160.3742690058484,0.5584795321637427,38.17384370013735,75.8166
29494136,B,8757.107843137448,622.3943355120506,205.4400871459291,4273.623529411765,63.83053221286316,193.47529411764737,49.51930147058823,1629.9705882352948,7.616176470603036,103.83922343636473,2627.1323529411766,5.549428104574464,0.9090909090909963,333.4800000000002,14.710670314631246,59.101393188795086,160.33882352941208,0.5970588235294118,35.22103386809144,87.8307
29494140,B,24.73205506391504,634.2532503001954,54.738337157217885,4281.865781710914,63.513133867093664,191.150442477876,48.85324483775811,1611.792920353982,7.492223116129887,0.29326547506620415,7.419616519174041,5.136020976726937,0.9090909090909963,315.2601769911501,14.668999108179,58.93533612787071,160.10383480825993,1.0,34.77160990434652,91.3503
29494154,A,219.01397515512735,644.6296296295038,227.3936047849509,4288.873447204969,33.6172729961547,105.57763975155277,27.99398291925466,836.4652173913045,3.946075663468514,2.597003657967458,65.70419254658385,3.137508626639042,0.4743083003953048,164.4260869565214,12.528528094752561,58.62741091852281,160.41739130434814,0.09006211180124224,19.98588368153598,75.9921
29494154,B,638.4433962264314,668.8888888889992,250.77335196833366,4305.125,68.3632824198631,209.39622641509456,53.68514150943396,1496.1773584905654,8.256718124658027,7.570475054066512,191.53301886792454,5.572152341019622,0.9090909090909965,329.6163522012584,15.926575983612022,62.87322078775382,160.4729559748433,0.559748427672956,38.43910806175165,86.64645
29494162,A,8632.257053291796,615.7424822944681,94.51991176129599,4269.371473354232,65.99641737571899,198.06394984326022,51.71140282131662,1859.8109717868313,7.6070105443166,102.35877928810972,2589.6771159874606,4.8715604319045145,0.9033912795669151,320.15673981191213,7.807100677986931,46.999670021398,159.20752351097227,0.18808777429467086,36.46622969505996,77.14635
29494170,A,8375.698924730983,600.1781253392329,191.9561203432755,4258.75,65.00628403855737,201.53313782991262,53.618035190615835,1676.977126099705,7.578778992270671,99.31658804029554,2512.7096774193546,5.710329097424128,0.9037589976007265,321.8521994134897,14.681170292566968,59.45554869573488,160.38475073313822,0.592375366568915,38.17204301073,74.8374
29494170,B,8933.861434107193,632.962962963005,31.591300602911012,4280.868459302325,34.49197120707385,108.8302325581394,27.84702034883721,830.4505813953493,4.267441860465609,105.93511581957573,2680.158430232558,2.6170865633068345,0.5047568710359912,173.46162790697664,15.543537047046582,58.09784271720476,160.03720930232598,0.09302325581395349,19.677589852007856,94.43955
31494168,A,240.6181998021485,645.7346961207231,246.64029014173263,4289.61646884273,65.06570580755421,200.75608308605374,53.350333827893174,1639.9442136498506,7.531831669816583,2.853180234809371,72.18545994065282,5.662298054729964,0.9063933099542278,312.44510385756683,14.9782623697412,59.73020459153792,160.3418397626118,0.5905044510385756,38.184515780949454,75.1479
31494172,B,161.08120868748426,641.657748399775,175.9227783024191,4286.769830028328,74.87387022784745,243.69178470254957,58.17103399433428,1615.6827195467413,9.019701261919169,1.9100538579549358,48.32436260623229,4.843405728674042,0.9065155807366307,287.2419263456092,14.183411291910438,57.43141493955826,160.08158640226682,0.5524079320113314,39.32612241395882,81.77625
31494350,A,617.5812017864448,667.9970226011542,232.0341047502695,4304.594397076736,31.87112116466883,109.41778319123014,29.823005481120585,828.5006090133955,4.2886169859400844,7.323097254386643,185.27436053593178,2.560732169440164,0.4750304506699598,181.56004872107195,8.388522221903942,24.286492723874,158.98660170523857,0.38246041412911086,20.36503893994409,73.61865
31494354,A,354.9703264096377,651.6584240024558,348.2052972855602,4293.614985163204,33.375724176906,103.16439169139461,27.42303412462908,852.4566765578641,3.868357162127215,4.209134305251585,106.49109792284867,3.2595614902729673,0.49635824116541255,166.73709198813077,13.697467393549855,58.16960799620609,160.20890207715172,0.5400593471810089,19.570182537540706,72.08775
31494362,A,252.93756145523017,646.2962962960008,257.59204632361326,4289.870943952802,64.93187245400786,201.9610619469026,53.62463126843658,1648.526548672565,7.60445159560311,2.999288770739553,75.88200589970502,5.614142903964007,0.9064092249933827,317.96106194690236,14.108527131777642,64.96079801266897,160.0471976401185,0.18289085545722714,38.37758112093109,73.8966
31494370,A,246.71597633134303,646.0968660967695,252.0666228358901,4289.75,65.23809523810701,202.17159763313626,53.71486686390533,1668.8076923076947,7.651828940292147,2.9254858853542047,74.01479289940828,5.600756081524225,0.9037116729425289,315.63786982248484,14.870648135400945,58.97422921202219,160.1704142011838,0.5946745562130178,38.463331540242585,74.36985
31494374,A,228.46323529413527,645.3551198258097,235.88017429194994,4289.122058823529,64.33473389356693,199.6976470588237,53.04044117647059,1641.7279411764682,7.533422459894696,2.7091083468959374,68.5404411764706,4.81413398692596,0.9064171122995522,301.9305882352939,14.716826265383602,59.24148606805332,160.12235294117693,0.1676470588235294,37.99108734402189,76.6848
31494378,A,258.9707341270002,646.4869929453305,262.95634920627987,4290.116071428572,56.743197278919624,219.9142857142861,62.04892113095238,1416.071428571429,8.918560606068164,3.070828627891975,77.69196428571429,7.291253306875712,0.9090909090909963,335.0500000000001,14.341085271313037,67.72478070168465,159.92380952381,0.19642857142857142,40.07034632034516,73.24275
33494116,A,305.8211500974881,648.6917912067175,304.5917262290854,4291.5,64.40267335004579,200.5438596491227,53.32785087719298,1648.9929824561389,7.53508771930111,3.6263377481896826,91.74634502923976,5.0328947368410875,0.9064327485380986,309.02339181286516,14.579763361887666,58.80116959058768,159.7941520467841,0.14912280701754385,38.049796207688395,74.0394
33494120,A,392.76262626262155,655.7340067342777,32.374859708196205,4296.127272727273,50.28138528140802,157.24727272727276,39.83143939393939,1218.9509090909091,5.873002754821784,4.657264343033489,117.82878787878788,5.410774410772365,0.7520661157025524,265.1006060606063,14.895701198023254,61.18102073358682,160.04848484848517,0.6181818181818182,27.22865013773631,74.68125
33494136,A,573.0312185297622,666.0053709298397,192.7044869644135,4303.172960725075,53.01395482664569,167.23504531722048,44.6327416918429,1248.895468277945,6.27107937380104,6.794836583356986,171.90936555891238,3.6505538771393766,0.7195825322714241,277.03927492447167,20.584557015379705,52.903879790074825,160.44471299093706,0.7854984894259819,31.121486771031215,72.76305
33494140,B,644.6749755620936,669.0659280981249,256.2962962963222,4305.365102639296,64.6376204440483,197.04985337243414,50.492118768328446,1641.556891495601,7.731404958678397,7.64436729915413,193.4024926686217,5.683447376995123,0.9064249533458614,318.5923753665693,14.990111164146988,58.42105263152131,159.98123167155472,0.16129032258064516,35.804674309071764,85.26705
33494166,A,566.6366366366276,665.7279501726719,186.9113558001863,4302.873123123123,66.04747604748727,207.67927927927917,55.258070570570574,1686.9783783783764,7.8390663390684345,6.7190115016199945,169.99099099099098,5.2715215215203655,0.9090909090909964,308.7147147147151,12.154480061452569,71.00403034606597,160.35555555555604,0.5705705705705706,39.310219310205426,73.33245
35494162,A,619.6944444444879,667.9539842873635,234.07631874302976,4304.615151515151,56.75757575758579,217.71636363636375,61.371212121212125,1437.929999999999,8.826997245188126,7.348155467721794,185.90833333333333,7.2950336700326135,0.9063360881543571,327.19272727272767,15.396758280472158,58.698564593248165,159.64121212121253,0.23636363636363636,39.657483930210674,74.6139
35494392,A,578.0587949466019,666.100853039528,197.1428571430226,4303.364431486881,51.37859225323201,196.05481049562678,54.658345481049565,1274.6632653061235,7.918632388025881,6.8544521139921555,173.41763848396502,3.9002267573676384,0.7553670818977674,328.2857142857145,14.73388026306409,50.12045419666577,159.74810495626872,0.5422740524781341,35.86005830903998,74.4534
37494370,B,7785.781710914839,562.7695837432697,330.87949306259526,4233.614306784661,32.77426604859,99.5716814159292,25.469210914454276,854.3761061946909,3.917270045602634,92.3215222638104,2335.734513274336,3.2681907571275497,0.49611155805851037,169.09852507374612,14.583247581802135,59.48610464208696,160.10383480826013,0.12389380530973451,18.08348976490303,86.4036
37494378,B,7478.657945736425,544.6220930231171,101.54177433242823,4221.364825581395,64.19573643408685,195.97325581395353,50.15625,1638.827616279068,7.687235729391784,88.67973848699131,2243.5973837209303,4.936611757104195,0.9038054968288393,322.77325581395263,14.371281773926686,57.53212974291799,160.06511627907,0.13372093023255813,35.58668076109411,89.3127
37494386,A,7156.321078431373,524.4444444440012,131.38562091507941,4207.619117647058,63.528011204485495,197.99294117647048,52.552389705882355,1691.969117647055,7.457620320858822,84.85756219484992,2146.896323529412,5.039624183005479,0.9090909090909963,312.90823529411716,14.661422708612003,58.56617647051344,160.30117647058867,0.16176470588235295,37.522281639928345,75.91605
37494386,B,7484.968869731664,544.992550021291,107.17113665385641,4221.5,67.36042692939573,209.49310344827626,52.53681752873563,1641.160344827588,8.059299895514346,88.75457157784705,2245.49066091954,5.468151340994214,0.9064785788924589,334.4873563218385,15.822641005072121,56.91470054441865,160.12873563218457,0.15517241379310345,38.77568791360514,87.5946
37494400,B,7455.539940828254,543.5020819635727,80.76484768791056,4220.5,32.15553677091098,98.50295857988161,25.214497041420117,850.4076923076924,3.8752017213567735,88.40561194655857,2236.661982248521,2.620397764627518,0.5002689618074734,167.3538461538462,14.731663685145607,58.98707567730519,160.27455621301806,0.5532544378698225,17.96754527523224,89.34975
37494408,A,7176.767156862584,525.3660130720161,149.50980392155574,4208.3661764705885,63.93137254903081,198.72705882352952,52.887867647058826,1669.085294117647,7.46296791444144,85.10000581259506,2153.0301470588233,5.578431372547109,0.903743315508108,312.3399999999997,14.712722298214649,58.77089783275181,160.01882352941234,0.5882352941176471,37.810160427804206,73.31025
37494416,B,7833.068627450727,567.5784313724358,40.84313725490423,4236.75,64.03221288513284,194.39294117647069,49.74080882352941,1633.8820588235292,7.637165775417152,92.8822366891343,2349.920588235294,5.707107843134554,0.903743315508108,321.9752941176467,14.835841313263186,59.34249226000597,160.3388235294122,0.5911764705882353,35.27540106951795,83.7024
37494420,A,7343.437803693119,534.8148148150042,297.7216283339473,4214.617346938776,64.8535332500325,204.2588921282797,54.26749271137026,1662.537026239065,7.6602173336897375,87.07633759320976,2203.031341107872,5.084629089729013,0.9064404982773199,318.8816326530615,14.697945623427376,57.94844253485911,160.1959183673474,0.5889212827988338,38.818800247367975,76.55505
37494420,B,7780.828460039179,562.592592592999,326.3374485596049,4233.366959064328,63.95293790028176,194.49824561403503,49.779788011695906,1644.4429824561403,7.648192450838732,92.26278806370985,2334.248538011696,5.056855100713605,0.9037745879852009,319.0771929824559,14.553923568605795,58.37180670971361,160.27134502924028,0.14619883040935672,35.378344852025094,87.52425
37494428,A,7160.928143712875,524.6251940561984,135.56442670216768,4207.866766467066,32.32534930139855,101.32814371257484,26.875935628742514,874.1488023952103,3.8370985302141363,84.91219142741562,2148.2784431137725,3.501330671988351,0.4953728905825211,170.18802395209565,14.949867706442765,60.005515285160314,160.29700598802444,0.12874251497005987,19.157140264924813,76.7448
37494428,B,7421.790306626138,541.6529288930942,51.07594241125827,4219.122403560831,61.868023173563,197.37685459940653,47.068805637982194,1287.2198813056377,7.1541677906745225,88.0054186556462,2226.5370919881307,3.6811737553566894,0.685190180739209,266.8890207715132,14.869229176726064,70.45291269710296,160.6362017804159,0.5370919881305638,31.860444204663853,87.23535
37494432,A,7257.404970761544,530.5468919210902,221.26489062163265,4211.8640350877195,32.86271233640237,101.83157894736836,27.13267543859649,822.5236842105268,3.828548644339712,86.05618542402489,2177.22149122807,2.6445743989586292,0.5023923444976578,166.4198830409357,14.615123079010177,58.47914742992374,160.25263157894796,0.5526315789473685,19.317738791424024,73.3692
37494444,A,7394.980620155291,539.8018949183717,26.97243755383297,4218.113372093023,36.5393133997768,111.54767441860457,30.018168604651162,1066.2078488372094,4.233086680762795,87.68754596008037,2218.4949127906975,5.100936692505233,0.6474630021142282,205.57209302325566,18.85951865872913,57.25979192161453,160.41860465116326,0.9011627906976745,21.400634249463614,77.51025
37494444,B,7962.205882354361,574.249455337442,155.48366013073823,4241.3625,33.35574229690649,101.32588235294118,25.899816176470587,836.3435294117652,3.9947860962630846,94.41350848641086,2388.6617647058824,3.2761437908485567,0.502673796791494,173.63294117647047,14.813269493838773,57.76547987611276,160.24470588235343,0.12352941176470589,18.394830659537437,81.41025
39494146,B,7938.3333333336495,573.3333333329961,134.39427900532263,4240.618155619596,63.52682859885007,196.0876080691648,50.20893371757925,1465.9279538904884,7.731726486773412,94.1304347826084,2381.5,4.599743836053739,0.8697930311764,323.00057636887595,7.04041284095908,59.12824207487871,80.45187319884718,0.11239193083573487,35.52004191773726,84.94215
39494162,A,7566.377245507642,549.2592592590003,179.29474384583182,4224.36751497006,32.74736241802132,101.54011976047903,26.96014221556886,838.7919161676648,3.834512792597939,89.7198882866967,2269.9131736526947,2.6538589487677573,0.5008165487207905,167.2455089820358,15.02994011975505,59.4496533248694,160.06706586826377,0.09580838323353294,19.27054980947032,80.87775
39494162,B,7928.8896987353,572.7675197065319,125.86545729379365,4240.363702623907,32.83354157988573,100.2577259475218,25.645043731778426,881.0930029154523,3.9281738669512807,94.01845492573958,2378.666909620991,3.279883381923234,0.5009276437848367,169.94285714285706,14.476913689058263,58.187432867824675,160.2705539358605,0.12244897959183673,18.199487587240903,77.36895
39494170,A,7574.2534722204255,549.7993827162494,186.65343915334552,4224.75,32.3497732426292,99.88571428571426,26.54296875,835.0991071428567,3.765827922078362,89.81328227933193,2272.2760416666665,2.667410714284467,0.4978354978355477,165.39166666666654,14.892718715387863,59.74114974931555,160.31428571428614,0.5565476190476191,18.944805194801745,79.3761
39494170,B,7970.608237547786,574.8148148150043,163.31204767971292,4241.616379310345,32.89682539681295,101.2931034482758,25.85039511494253,840.393965517242,3.961598746091576,94.51314115668117,2391.182471264368,2.6392879948898598,0.506792058516247,171.51609195402298,14.596364608386201,56.9075166363599,160.10114942528782,0.5402298850574713,18.325496342736784,85.68105
39494174,B,7945.313432835993,573.5257048092673,140.60143725817028,4240.872388059702,63.88059701490136,196.7176119402986,50.36847014925373,1631.2826865671634,7.754952510179949,94.21320276090312,2383.594029850746,4.844112769484053,0.9063772048847546,308.5683582089556,14.231863936126539,86.90809112325456,160.89791044776166,0.5850746268656717,35.66983265491011,85.0875
39494182,B,7951.091091091292,573.8783227673284,145.71682793900916,4241.0,66.30344630342454,201.8558558558561,51.69575825825826,1655.696396396396,7.942260442275739,94.281712542586,2385.327327327327,5.50091758424919,0.9090909090909964,323.58918918918846,14.97381102031535,60.31096886354126,160.1345345345349,1.0,36.628446628450746,86.2092
39494368,A,7307.512291053505,532.7641210534464,265.86255872368014,4213.25,33.38952100014426,103.86548672566366,27.603244837758112,838.8336283185847,3.911772593190004,86.65037252089625,2192.254424778761,3.3402982628632434,0.5014749262537375,171.46076696165167,14.612746106874996,58.12723179625462,160.41533923303862,0.5811209439528023,19.691606328776068,69.88185
39494376,A,7348.326001955395,534.991854024118,302.15270989482076,4214.864369501466,33.22999581063907,103.98475073313776,27.574230205278592,875.1096774193554,3.8893628365783917,87.13430041843155,2204.49780058651,3.4380091234916397,0.5038656358304956,171.48973607038116,14.70367591897505,58.887945670570474,160.30967741935538,0.12903225806451613,19.708522171863006,73.35615
39494376,B,7839.247787610449,567.777777778004,46.3104992898536,4236.8687315634215,63.95139766820375,195.58230088495583,51.0591814159292,1610.6654867256627,7.518905872897067,92.95553651170921,2351.7750737463125,5.648967551620202,0.9037275408957692,315.83834808259616,14.87617479590555,59.240412979291975,160.1982300884962,0.18584070796460178,36.47447930633615,83.3088
39494380,A,7322.465277779133,533.7037037039992,279.16005291025465,4213.869791666667,32.688492063494095,100.67142857142859,26.766183035714285,818.1875000000006,3.7913961038974744,86.82765151517545,2196.7395833333335,2.607060185184289,0.4978354978355477,164.84166666666658,15.046373200435008,59.11223370921419,160.22857142857188,0.09821428571428571,19.181998556996984,75.64485
39494388,A,7302.656402736986,532.4003475617177,261.466275659777,4213.114369501466,65.07471023600458,203.09912023460402,53.956195014662754,1640.9049853372437,7.621700879768094,86.59279264659898,2190.7976539589445,5.10834147930675,0.9064249533458614,322.985337243401,14.64707085861746,57.76045686057663,160.36598240469252,0.592375366568915,38.53905625166304,71.3997
41494386,B,8225.659420290172,592.0203972087775,58.559312936128464,4253.25,62.61697722565032,192.9634782608701,49.42300724637681,1440.7391304347811,7.55744400527169,97.53746348168883,2467.6978260869564,4.671095008049672,0.8695652173913879,322.99826086956506,7.247724974720664,56.46147978638189,78.655072463768,0.11304347826086956,34.912604303906875,91.94895
41494394,A,7666.1281676413455,555.5555555559987,268.16980723413127,4228.619883040936,64.36368699527067,199.7894736842105,53.00986842105263,1637.144736842105,7.492690058481335,90.90270554514947,2299.8384502923977,5.018274853799512,0.9037745879852009,313.4853801169591,14.655922752612236,59.64450600179244,160.29005847953275,0.5964912280701754,37.88676236043812,77.26905
41494398,B,7957.133431085261,574.0740740739955,151.10459433043388,4241.118768328446,65.01466275657441,199.041642228739,50.9283357771261,1624.5501466275634,7.817515329266835,94.35336084291082,2387.1400293255133,5.729879439555065,0.9064249533458614,328.01876832844476,14.539998636016461,58.362787467142816,160.24398826979527,0.5806451612903226,36.11836843508601,85.40175
41494428,A,7810.873253493324,566.4703925482398,21.277445109796336,4236.0,33.357570573141075,102.53173652694606,27.230538922155688,838.5116766467072,3.8720740337509856,92.6190504366486,2343.2627245508984,3.4277278775766438,0.5035383777899252,170.42275449101794,14.902520540309562,68.34502048528364,160.00958083832396,0.12874251497005987,19.424786790048763,73.0863
41494444,B,8829.274827925099,625.7314541683057,269.5750027313394,4276.0,65.89549093971408,199.3628318584073,51.090523598820056,1701.331858407078,7.878251541984696,104.69498758263107,2648.783185840708,5.288020321204098,0.9064092249933827,324.3952802359878,11.998353570687897,68.81113181175115,159.96224188790623,0.5722713864306784,36.21524984356507,89.39055
41494452,A,8087.504859086853,582.0278587625199,267.03163805199716,4246.5,65.95862834932,200.3125364431489,53.37099125364431,1752.475801749271,7.5962099125395905,95.89926710379193,2426.2514577259476,5.1737123420775495,0.9064404982773199,318.0000000000002,14.822021831984154,59.417293233018164,160.0186588921289,0.17201166180758018,37.902641576084854,74.2878
41494452,B,8763.183382497227,622.5925925929982,210.8860482901976,4273.869469026548,64.08343868520792,196.32566371681477,51.254609144542776,1662.5734513274313,7.5783051756533855,103.91126540510919,2628.9550147492623,5.588741396262945,0.9090909090909963,341.02182890855414,14.836386087667913,59.31687626139178,160.21710914454334,0.18584070796460178,36.47447930632821,86.4978
41494456,B,8638.067846607375,616.0963618484782,99.67223861024934,4269.5,64.1129372102595,193.1646017699116,49.42754424778761,1640.8876106194693,7.61665325824939,102.42768197562552,2591.420353982301,5.598983939690525,0.9037275408957692,316.3256637168143,14.80482952595919,58.4687936655159,160.1415929203543,0.5811209439528023,35.107714311253794,88.36095
43494150,B,8422.415674604466,602.7623456792543,233.3531746032954,4260.371279761905,34.82709750565868,103.98928571428574,26.380208333333332,902.5482142857147,4.052759740260891,99.87054159608095,2526.7247023809523,2.8067129629623246,0.5411255411255949,197.40833333333327,15.040143964556053,59.226190476123065,159.9904761904766,0.09523809523809523,18.56691919191882,91.42185
43494158,B,8722.582089553696,620.179104477428,174.84134881137354,4272.364179104477,32.693674484708986,99.41731343283587,25.42070895522388,827.9292537313431,3.9614654002861127,103.42982714890721,2616.7746268656715,3.2558043117741473,0.49660786974224785,173.52477611940296,14.973273169031614,59.20542026703019,160.3056716417915,0.582089552238806,18.034373586611725,88.5447
43494166,A,8194.89962651753,590.1753293908354,31.270878721867017,4252.1134453781515,62.65973055890831,194.52773109243756,51.811974789915965,1632.1773109243682,7.320346320347689,97.172722844085,2458.469887955182,6.157018362899012,0.9065444359562874,326.5098039215684,13.812780926318709,58.12361786814196,161.30868347338978,1.0,36.92725575076881,77.00475
43494170,A,8240.404339250203,592.7613412231226,71.6348893272032,4253.75,64.8238940546626,202.78224852071065,53.999630177514796,1603.9269230769205,7.632463690158306,97.71230441798174,2472.121301775148,4.968770545693267,0.9037116729425289,315.10769230769273,14.785330948117519,58.688881968177476,160.1420118343198,0.591715976331361,38.525192755948574,77.0565
43494170,B,8699.241763565667,619.2592592590013,154.05254091307535,4271.617005813953,65.15227021041184,198.28953488372096,49.76744186046512,1628.3747093023246,7.6469344609123855,103.1530643901279,2609.7725290697676,4.935400516793908,0.9064482029599178,320.63255813953464,14.71809085991955,58.48569461438419,160.21395348837248,0.14825581395348839,36.877202255105075,88.18395
43494178,A,8104.716417911859,582.7661691544669,282.16473189625043,4247.0,33.26794598437405,102.90626865671635,27.34328358208955,825.6474626865675,3.9056987788346014,96.1033567340949,2431.4149253731343,3.3515754560519393,0.49932157394848964,173.54985074626893,15.080180492877094,59.77494108399115,159.85671641791114,0.582089552238806,19.47263681591787,73.3785
43494178,B,8454.81884058088,604.2374051067336,262.15780998406177,4261.5,34.26501035195687,103.98260869565216,26.58288043478261,900.0279503105594,4.066911349523103,100.25476886056599,2536.445652173913,3.430814354727141,0.5223037831734006,178.8521739130431,15.433338148195475,49.81243870541953,160.62608695652204,0.5714285714285714,18.891398456615303,94.39935
43494194,A,8207.421568627682,590.9117647059736,42.38126361655655,4252.5,65.07983193279522,202.8847058823534,54.012867647058826,1651.1797058823518,7.6250000000025855,97.32120437108878,2462.2264705882353,5.6123366013054925,0.903743315508108,325.2200000000006,14.864569083440239,58.91756965939122,160.2541176470592,0.17058823529411765,38.46434937608921,75.6015
43494198,B,8744.774709302594,621.6634366923332,194.5241171404736,4273.367005813953,63.2848837209089,191.36860465116277,48.95348837209303,1641.7979651162805,7.507003171262445,103.69298074265406,2623.4324127906975,5.069444444443029,0.9090909090909962,311.68720930232547,14.54705246078628,59.031135250868374,159.91627906976797,1.0,34.71370683579806,91.86645
43494206,A,8369.595588235481,599.8115468411465,186.46623093676183,4258.616911764706,64.73529411766135,201.49411764705886,53.607536764705884,1682.3223529411737,7.581684491980404,99.24421646129097,2510.8786764705883,5.592320261436056,0.903743315508108,316.73764705882337,14.571135430912332,60.84868421046018,160.25411764705933,1.0,38.185383244181274,74.8647
43494206,B,8750.8854166669,622.027116402084,199.90520282187498,4273.5,64.38775510201896,195.07857142857134,49.930245535714285,1658.9624999999994,7.716585497862859,103.76543972331861,2625.265625,5.726273148146954,0.9090909090909963,324.1000000000001,15.035991140634186,59.81085526309746,160.12380952381005,1.0,35.420274170271796,89.87895
43494368,A,8381.841715976252,600.5413105412291,197.41179048877513,4258.872781065089,66.23978585519234,201.97988165680528,51.74741124260355,1651.8230769230759,7.598305540615077,99.38942746217562,2514.5525147928993,5.636916502298575,0.9037116729425289,320.7076923076928,14.67111600384668,59.830270943583905,160.54911242603583,0.17751479289940827,38.32167832165424,75.34065
43494392,B,8464.57115009773,604.6242148579979,270.9096816114532,4261.866228070176,64.10609857975986,194.29122807017623,49.906798245614034,1674.1377192982432,7.6597554492305715,100.37040889449132,2539.37134502924,4.987410656268634,0.9090909090909962,323.0315789473679,14.691282469732792,58.19829178203098,160.09356725146242,0.5906432748538012,35.284423179166986,91.93665
319446604,A,4474.166666670003,73.7037037037004,8.88888888889004,2874.5,0.0,0.0,0.0,0.0,0.0,53.05335968379988,1342.25,0.0,0.0,0.0,0.0,0.0,158.2260869565219,0.391304347826087,0.0,151.12455
319446612,A,6436.32456140379,180.53671215065947,54.59909031839962,2946.6140350877195,67.45530492896552,215.2842105263159,57.20285087719298,1261.1231578947377,8.01993620414839,76.3200540877937,1930.8973684210525,4.75048732943313,0.9027113237640428,357.4961403508769,17.286005711947805,26.054016620495375,159.66315789473717,0.11929824561403508,40.02339181284183,149.53875
319446616,A,5238.60409145527,113.4536702766459,14.416365824309816,2901.4819494584835,55.51315110880407,170.10541516245496,45.38357400722022,1293.4624548736458,6.393665900887916,62.117835076553995,1571.5812274368232,3.9600882470900296,0.902527075812362,301.854151624549,16.295860968844366,26.303439103147653,159.41083032491002,0.24548736462093862,31.543594792672014,149.46675
319446628,A,6959.166666670003,210.0,172.59259259299918,2966.5,0.0,0.0,0.0,0.0,0.0,82.51976284580056,2087.75,0.0,0.0,0.0,0.0,0.0,158.24947735191674,0.5087108013937283,0.0,158.1276
319446648,A,7079.166666670003,215.55555555599904,278.51851851900017,2970.25,0.0,0.0,0.0,0.0,0.0,83.94268774699965,2123.75,2.9507881583983466,1.3091118800465709,15.540484429065744,2.154985113064013,49.86159169544412,159.37993079584803,0.24567474048442905,0.0,155.37075
321446688,A,3211.6666666700035,765.5555555559988,268.1481481480004,2822.75,0.0,0.0,0.0,0.0,0.0,38.08300395260015,963.5,0.0,0.0,0.0,0.0,0.0,158.23768115942042,0.41304347826086957,0.0,144.6135
321446716,A,4033.333333329997,44.07407407410017,307.4074074069992,2854.5,0.0,0.0,0.0,0.0,0.0,47.82608695650011,1210.0,0.0,0.0,0.0,0.0,0.0,158.41696113074207,0.5265017667844523,0.0,146.4642
321446850,A,5112.877128952261,105.04460665037264,259.03757772365327,2895.663321167883,6.47028154328212,20.84671532846716,4.786724452554744,330.7171532846715,0.8563370935632478,60.62700152909209,1533.8631386861314,3.5386253041354387,0.3284671532847048,70.80729927007299,12.637073501946425,64.52218593922812,160.47883211678848,0.916058394160584,2.9562043795610577,148.0254
321446858,A,3804.166666670003,31.851851851900125,103.70370370399984,2846.25,0.0,0.0,0.0,0.0,0.0,45.10869565219991,1141.25,0.0,0.0,0.0,0.0,0.0,158.53285198555983,0.48375451263537905,0.0,149.5467
321446862,A,3776.8081180839513,30.0,79.38499384997196,2845.0,14.164470216123608,37.96605166051662,10.163745387453874,256.8099630996311,1.4724924521971963,44.7842859851959,1133.0424354243542,4.260967609677309,0.2180476350218264,0.0,0.0,0.0,158.34686346863478,0.17712177121771217,9.436430727942433,148.9725
321446870,A,7196.851535835767,223.9324990520206,54.81228668943298,2975.9078498293516,78.80383552726892,253.67098976109227,61.93259385665529,1746.9204778157005,9.260937015202991,85.33816050397803,2159.0554607508534,5.493932499050507,0.909090909090997,292.5761092150172,10.95959996824686,69.25678103100269,161.6819112627991,0.2627986348122867,42.1108697900571,150.92355
321446874,A,3804.166666670003,31.851851851900104,103.7037037039998,2846.25,0.0,0.0,0.0,0.0,0.0,45.1086956521999,1141.25,0.0,0.0,0.0,0.0,9.63231248852613,158.68432055749147,0.6132404181184669,0.0,149.0052
321446878,A,4094.166666670003,48.51851851850005,317.03703703699813,2857.5,0.0,0.0,0.0,0.0,0.0,48.547430829999946,1228.25,2.908841940530008,1.2876120358518142,15.47887323943662,0.0,0.0,158.2985915492961,0.5563380281690141,0.0,144.37395
323446592,A,3037.5,568.8888888890015,209.62962962999924,3208.75,0.0,0.0,0.0,0.0,0.0,36.01778656130026,911.25,0.0,0.0,0.0,0.0,0.0,158.4228571428574,0.3607142857142857,0.0,146.9262
323446596,A,3037.5,568.8888888890011,209.62962962999922,3208.75,0.0,0.0,0.0,0.0,0.0,36.01778656130027,911.25,0.0,0.0,0.0,0.0,0.0,158.62698961937747,0.5363321799307958,0.0,147.8013
323446600,A,3057.374708625036,569.4250194250436,227.3115773115912,3209.111888111888,7.277722277717487,19.61958041958043,5.19340034965035,460.29545454545456,0.751748251747798,36.25345504297557,917.2124125874126,0.6138306138300005,0.2511125238398217,76.72587412587413,0.0,0.0,158.45594405594434,0.5594405594405595,4.980928162743464,150.0252
323446604,A,3037.5,568.8888888890014,209.62962962999924,3208.75,0.0,0.0,0.0,0.0,0.0,36.01778656130027,911.25,0.0,0.0,0.0,0.0,0.0,158.43985765124575,0.498220640569395,0.0,145.2105
323446608,A,3272.3539518902403,581.481481480997,47.70268550337136,3217.25,44.843724431333996,137.10515463917523,35.23410652920962,1487.9237113402069,5.363011558893638,38.80261603030993,981.7061855670103,3.4154257350116555,0.8216182442987366,273.7457044673541,6.853672180931242,34.95614035083909,159.53814432989716,0.2852233676975945,26.341768197437606,148.91535
323446612,A,3287.7470238096785,582.201058200855,61.33597883597194,3217.7366071428573,32.80782312925842,101.68285714285703,21.838169642857142,1018.8192857142853,3.7836038961030347,38.98514257480593,986.3241071428571,4.666170634919573,0.7467532467533201,242.71999999999997,7.165282392023857,36.51644736838856,159.3485714285717,0.5892857142857143,18.26839826838265,148.91565
323446616,A,3349.3865740736455,585.7947530866278,116.18055555568377,3220.1623263888887,44.36673280421458,132.43333333333314,34.13953993055556,1439.3166666666657,5.2035984848520105,39.716080643391,1004.8168402777778,3.6270254629614618,0.8617424242425079,266.7291666666671,7.15762273901386,31.91063596488576,159.73333333333352,0.25,25.638678451178954,147.3105
323446620,A,3310.4035087725615,583.0955165691048,81.5074723846677,3218.340350877193,76.74686716774004,248.59789473684225,57.33662280701754,1624.3431578947354,8.986921850087354,39.25379654670561,993.1210526315789,3.1769005847936223,0.90590111642752,319.091929824562,17.284373725002823,29.982456140312237,159.21403508771957,0.2736842105263158,37.26103136630313,152.268
323446628,A,3284.8455710982544,582.0111370111229,58.49261849263208,3217.6083916083917,12.504162504160366,35.752447552447556,8.407998251748252,613.8954545454542,1.38239033693542,38.95073799715848,985.4536713286714,1.0101010101000025,0.4132231404959102,134.99720279720282,2.8890876565279364,0.0,158.47832167832198,0.6223776223776224,7.493112947652904,151.3083
323446636,A,3438.3333333299965,590.3703703699982,195.55555555599912,3223.25,0.0,0.0,0.0,0.0,0.0,40.77075098810015,1031.5,0.0,0.0,0.0,0.0,0.0,158.22608695652204,0.5833333333333334,0.0,147.07185
323446644,A,3290.8333333299965,582.2222222219982,64.44444444439992,3217.75,0.0,0.0,0.0,0.0,0.0,39.02173913040004,987.25,0.0,0.0,0.0,0.0,0.0,158.25239852398548,0.4870848708487085,0.0,147.64155
323446690,A,3290.8333333299965,582.2222222219982,64.44444444439992,3217.75,0.0,0.0,0.0,0.0,0.0,39.02173913040004,987.25,0.0,0.0,0.0,0.770617008495203,35.75937075157031,159.24428044280458,0.34317343173431736,0.0,151.01055
323446702,A,4303.235653232708,640.6756206757694,42.85442952112775,3257.20695970696,8.611547182978384,15.199999999999994,3.907967032967033,360.1142857142857,0.6555111555112454,51.02650972217325,1290.970695970696,2.864774114774287,0.2197802197802416,15.27179487179487,9.042507879712566,57.509157509085476,159.4256410256412,0.23809523809523808,3.997113997116485,151.6815
325446696,A,2066.8240093239515,514.0080290080195,17.459207459211193,3171.7062937062938,33.62137862139714,196.40979020978978,39.72792832167832,1332.1363636363649,6.425619834709914,24.507794576972152,620.0472027972028,7.2261072261077075,0.905912269548721,384.05034965034946,10.231744999183283,66.78965771063217,160.3580419580423,0.5629370629370629,31.643356643329987,145.82835
325446704,A,1873.3090024327369,503.8550959720282,179.12408759131736,3164.853102189781,63.190823774772724,204.16642335766429,54.42974452554745,1353.243065693429,7.6524552090259235,22.21315022648242,561.992700729927,4.180859691807322,0.9057730590578186,349.795620437956,18.089458496001026,22.449097195531294,159.67299270073016,0.4854014598540146,37.32360097320617,150.9264
325446708,A,2071.8817204292827,514.074074073999,21.969998672514244,3171.75,33.04659498209381,198.9462365591391,40.15793010752688,1259.5602150537622,6.267025089605075,24.56776743594272,621.5645161290323,8.079948227797576,0.9025741283806675,364.1706093189962,10.579311494535416,71.98217317478779,160.68817204301095,0.5878136200716846,31.741066579754403,148.70145
325446716,A,2347.262345677146,528.1481481480004,266.5843621396668,3181.25,53.14638447957259,181.79111111111115,41.47453703703704,1032.2433333333333,6.482491582493991,27.83315034403047,704.1787037037037,2.301954732509298,0.4781144781145273,149.37481481481484,12.646856158480833,53.17933723193354,160.63999999999993,0.6296296296296297,26.98540965209851,146.60235
325446850,A,2745.0,551.4814814809971,280.0,3197.0,0.0,0.0,0.0,0.0,0.0,32.5494071146002,823.5,0.0,0.0,0.0,0.0,0.0,158.2993006993008,0.8496503496503497,0.0,153.28695
325446858,A,3216.3062283742915,576.7807253622589,329.9448929899742,3214.076989619377,44.28241884990407,158.75709342560563,51.66198096885813,941.3439446366791,7.226014469959516,38.138018518264204,964.8918685121107,8.725009611688618,0.6888958792073658,213.2166089965397,8.94825782569823,33.65734838824637,160.67543252595198,0.643598615916955,33.09636153928197,149.5515
325446862,A,3037.5,568.8888888890011,209.62962962999922,3208.75,0.0,0.0,0.0,0.0,0.0,36.01778656130027,911.25,0.0,0.0,0.0,0.0,0.0,158.30068965517262,0.5551724137931034,0.0,152.5515
325446866,A,2637.5,545.925925926002,183.70370370399948,3193.25,0.0,0.0,0.0,0.0,0.0,31.274703557300075,791.25,2.531189083818324,1.0943646996277097,7.407719298245613,0.0,0.0,158.70877192982474,0.43157894736842106,0.0,151.1547
325446870,A,2267.5,524.4444444440012,195.5555555559991,3178.75,0.0,0.0,0.0,0.0,0.0,26.887351778699866,680.25,0.0,0.0,0.0,0.0,0.0,158.2473498233218,0.5335689045936396,0.0,149.9733
325446890,A,2841.666666670003,558.8888888890016,36.29629629629995,3202.0,0.0,0.0,0.0,0.0,0.0,33.6956521739,852.5,0.0,0.0,0.0,0.0,0.0,158.34838709677433,0.3225806451612903,0.0,148.5657
325446902,A,2841.666666670003,558.8888888890012,36.296296296299936,3202.0,0.0,0.0,0.0,0.0,0.0,33.69565217389998,852.5,0.0,0.0,0.0,0.0,0.0,158.07108013937315,0.4355400696864111,0.0,149.25915
325446910,A,2637.5,545.9259259260019,183.70370370399948,3193.25,0.0,0.0,0.0,0.0,0.0,31.274703557300082,791.25,2.7463682764014243,1.1427883070993978,9.557597173144876,0.0,0.0,158.43957597173141,0.4840989399293286,0.0,151.06125
327446592,A,2061.643192487499,699.5200834639339,243.114241001405,2777.9392605633802,45.868544600936204,134.1295774647885,34.648987676056336,1474.9552816901387,5.308898847639958,24.4463619662711,618.4929577464789,4.183783255084863,0.9090909090909972,281.2816901408446,7.159351457579899,35.25667160855881,159.35774647887348,0.29577464788732394,26.166239863423623,142.24515
327446596,A,2057.5,699.259259259001,239.25925925900026,2777.75,0.0,0.0,0.0,0.0,0.0,24.397233201600088,617.25,0.0,0.0,0.0,0.0,0.0,158.14158075601387,0.584192439862543,0.0,138.55335
327446604,A,2058.3510638296098,699.3380614655977,240.05516154427724,2777.804964539007,17.311719013843998,51.22553191489359,13.35438829787234,701.9585106382975,1.9846872985191133,24.407324867566253,617.5053191489362,1.0401891252944706,0.4255319148936607,148.49929078014185,4.377370938477271,0.0,158.5248226950357,0.41843971631205673,10.615731785942545,142.20915
327446608,A,1347.4051008305337,661.7951759589286,266.5374983527333,2752.4635231316724,9.25944755126833,16.51387900355872,4.220418149466192,361.5758007117438,0.6784212229051957,15.977135582997143,404.22153024911034,2.8420324238824923,0.22646392753156566,20.357295373665483,8.719688818998542,47.796403820888116,158.66761565836322,0.7544483985765125,4.205758654159787,147.71025
327446612,A,1344.8039215683395,661.6057926435832,264.0932974498208,2752.3356401384085,37.767342231004136,117.58754325259501,30.133001730103807,986.9429065743949,4.613085876076465,15.946291560119011,403.44117647058823,4.095059592463499,0.6794589493552102,223.69965397923914,16.71280276816014,19.685394281539217,159.32456747404865,0.5121107266435986,20.85351787774291,148.31265
327446616,A,1506.982060184653,673.023405349772,80.95421810699622,2760.042534722222,55.12400793649212,163.7750000000002,43.708767361111114,1600.3947916666684,6.208491161616735,17.869386802797923,452.0954861111111,5.7537615740720645,0.9059343434344311,285.9111111111111,15.259205426351322,25.385599415179374,159.37777777777808,0.7777777777777778,30.960648148127056,148.4082
327446640,A,3109.951515150035,761.2767676764869,177.8612794612288,2819.6581818181817,32.45367965366516,105.01963636363624,26.013636363636362,862.6374545454534,3.9307438016555634,36.87693136903306,932.9863636363636,1.470707070705605,0.6016528925620438,237.88799999999998,8.939534883717416,4.154545454544728,159.70909090909112,0.7418181818181818,19.990082644609053,143.66955
327446644,A,2008.333333329997,697.0370370369953,195.55555555599912,2776.25,0.0,0.0,0.0,0.0,0.0,23.814229249000103,602.5,0.0,0.0,0.0,0.0,0.0,158.58550724637686,0.2572463768115942,0.0,143.9568
327446648,A,2008.333333329997,697.0370370369953,195.5555555559991,2776.25,0.0,0.0,0.0,0.0,0.0,23.814229249000103,602.5,0.0,0.0,0.0,0.0,0.0,158.37697841726663,0.4136690647482014,0.0,145.8369
327446690,A,1515.372023806997,673.3333333329962,88.45502645503244,2760.25,21.423469387748916,63.03857142857139,16.667410714285715,628.944642857143,2.4238636363639654,17.96883822699172,454.61160714285717,3.182539682539143,0.37987012987016866,95.87999999999995,7.187707641194611,71.60197368413924,160.50285714285732,0.18571428571428572,12.639610389605345,146.95845
327446706,A,1315.8333333299972,660.3703703699969,238.51851851899897,2751.5,0.0,0.0,0.0,0.0,0.0,15.602766798399925,394.75,0.0,0.0,0.0,0.0,33.47074971597691,158.2388489208635,0.23741007194244604,0.0,143.4168
327446710,A,1247.5,657.0370370369955,177.77777777799946,2749.25,0.0,0.0,0.0,0.0,0.0,14.792490118600083,374.25,0.0,0.0,0.0,0.0,0.0,158.21075268817216,0.35125448028673834,0.0,148.0974
327446714,A,1114.505649717391,649.6296296300036,58.87507846832568,2744.25,9.092816787736611,21.92949152542373,8.263771186440678,218.77016949152537,1.0411402157164742,13.215482012457533,334.35169491525426,8.609698681732237,0.41602465331283167,34.738983050847466,16.782026014970736,65.94826048165679,162.35389830508507,0.2440677966101695,4.706728299944069,140.7813
327446718,A,1115.4523809522857,649.629629630003,59.77248677251315,2744.25,28.056122448973266,85.17857142857133,21.956473214285715,633.2067857142853,3.3621753246881028,13.226708074519957,334.6357142857143,0.8730158730150018,0.3571428571428935,192.72,6.774916943519396,71.64520676684653,160.82285714285743,0.0,14.562770562771979,146.526
329446692,A,9899.586397058458,569.0005446623109,43.450435729836606,2689.826286764706,42.281162464973214,130.01029411764685,34.631204044117645,1072.6863970588226,4.887533422461881,117.386436294022,2969.876838235294,3.812806372547981,0.6283422459893676,223.9073529411763,15.785738714086202,61.057952786326204,160.9647058823531,0.3897058823529412,24.695855614958408,147.8967
329446704,A,10260.833333299972,586.2962962960008,31.85185185190013,2701.5,0.0,0.0,0.0,0.0,0.0,121.66996047399951,3078.25,2.9510101010080803,1.322589531680493,15.425454545454546,0.0,37.27224880379126,159.53454545454568,0.3018181818181818,0.0,147.94095
329446708,A,10072.466422466667,576.065662732264,197.14557047879885,2694.596153846154,40.33315890457946,127.54285714285703,32.723214285714285,1055.0428571428558,4.958041958044321,119.4363607407003,3021.739926739927,2.818986568985061,0.6393606393607031,240.33846153846156,17.927421415787574,21.517254675140624,159.16776556776585,0.6996336996336996,22.092352092354346,151.45845
329446712,A,9850.833333330058,564.8148148150037,0.0,2687.0,0.0,0.0,0.0,0.0,0.0,116.8083003950006,2955.25,0.0,0.0,0.0,0.0,0.0,158.3227586206899,0.4793103448275862,0.0,147.66225
329446850,A,10283.038847091699,587.3057644107208,51.58730158734012,2702.1823308270677,18.234872896530433,46.71879699248122,12.008928571428571,529.227067669173,1.9321599453183445,121.93326696160898,3084.9116541353383,4.677318295737446,0.9090909090909975,72.45263157894735,12.699772687537113,72.3783142064989,160.5172932330828,0.17669172932330826,9.423558897245107,148.9476
329446854,A,667.5,624.0740740739963,8.88888888889004,2727.0,0.0,0.0,0.0,0.0,0.0,7.915019762850038,200.25,0.0,0.0,0.0,0.0,0.0,158.18408304498294,0.20069204152249134,0.0,147.8196
329446858,A,261.95392491464435,599.6738718243696,315.76033371263725,2710.5307167235496,40.372176174224535,169.86348122866926,33.93664675767918,1174.6986348122873,5.774899162270068,3.1061730227020456,78.58617747440273,8.643818733408715,0.9059882097425636,354.462798634812,9.71346932295823,89.26216992985402,160.33856655290106,0.8430034129692833,27.385458682385522,148.55745
329446866,A,331.67559523842624,604.8148148150038,48.166666666620074,2714.0,5.032312925169644,13.212857142857146,3.5424107142857144,141.2775,0.48603896103914285,3.932912196498517,99.50267857142858,2.222222222220009,0.9090909090909972,47.53999999999999,16.915282392038673,103.76832706758942,160.74285714285742,1.0,2.34307359307225,145.78785
329446870,A,330.86757990887844,604.6676813799496,47.50126839164532,2713.9015410958905,26.226353555120188,76.29452054794511,19.59867294520548,699.4756849315069,3.0376712328772246,3.923330987059574,99.26027397260275,4.470129375949648,0.909090909090997,126.4506849315067,12.316024211536726,70.39068132654076,160.9753424657537,0.6952054794520548,14.362806143630797,147.02025
329446874,A,10283.33333329997,587.4074074069994,51.85185185189989,2702.25,0.0,0.0,0.0,0.0,0.0,121.93675889299996,3085.0,2.9675925925902296,1.3308080808082612,15.866666666666667,10.596037898373996,104.52923976597309,162.1807407407409,0.014814814814814815,0.0,149.9172
329446878,A,338.16784869972327,604.994746519572,54.10559495666414,2714.122340425532,69.67578520767542,225.80425531914952,60.159574468085104,1464.159574468084,8.44052224371726,4.009895439127114,101.45035460992908,4.263691883370143,0.9090909090909972,337.7177304964528,8.596404420253156,16.571015304205496,159.06950354609953,0.5425531914893617,42.465076294848195,148.90305
329446886,A,1123.8811188811892,649.9559699560124,67.433307433304,2744.4737762237764,54.60206460206453,150.7594405594405,38.75,1500.9681818181814,6.007310870961704,13.326653583561571,337.1643356643357,6.695804195801662,0.9027336300064448,252.31328671328657,7.293055781424761,34.87302171510069,159.3510489510493,0.3321678321678322,28.454121635943064,147.83265
329446898,A,1118.524061033134,649.7326551906685,62.66040688576643,2744.3213028169016,55.809859154924844,161.5394366197185,41.63182218309859,1410.9760563380291,6.425896286833089,13.263131158482834,335.55721830985914,4.175469483565445,0.8034571062740862,317.00140845070416,5.940058958398559,14.796145292788731,158.17464788732423,0.1619718309859155,29.11011523687984,145.96965
329446902,A,333.64175563479296,604.8148148150038,49.99604586791236,2714.0,37.77834265377654,114.04697508896781,30.350311387900355,938.6092526690388,4.282918149467976,3.956226351398906,100.09252669039147,3.7183669434533844,0.9090909090909972,189.70249110320253,4.973102706288507,73.28338640189374,159.8177935943063,1.0,21.700636255783337,147.288
329446906,A,1150.8333333299975,651.4814814809968,91.11111111109969,2745.5,0.0,0.0,0.0,0.0,0.0,13.646245059299966,345.25,0.3284671532846715,0.013271400132715327,6.3459854014598545,9.226786623659814,23.022954283499853,159.29927007299298,0.8978102189781022,0.0,148.7034
329446910,A,1149.2241379293084,651.2771392078927,89.87739463600708,2745.362068965517,37.35960591131797,117.79448275862059,31.283405172413794,920.8975862068955,4.417868338559313,13.627163690886144,344.76724137931035,2.6819923371636913,0.5015673981191732,168.99448275862073,15.184442662384791,51.205989110671,160.3862068965519,0.5551724137931034,22.416927899674437,146.1354
331446628,A,3211.6666666700035,765.5555555559988,268.1481481480004,2822.75,0.0,0.0,0.0,0.0,0.0,38.08300395260016,963.5,0.0,0.0,0.0,0.0,0.0,158.55483870967757,0.4050179211469534,0.0,145.3266
331446632,A,3117.5,761.8518518519996,184.44444444400088,2820.0,0.0,0.0,0.0,0.0,0.0,36.96640316209977,935.25,2.940147881692922,1.3096795291041297,15.601438848920862,2.497072109757195,51.589360090812754,159.47050359712247,0.26258992805755393,0.0,145.0794
331446658,A,3750.8333333299965,28.888888888899835,56.29629629629972,2844.25,0.0,0.0,0.0,0.0,0.0,44.47628458500002,1125.25,0.0,0.0,0.0,0.0,0.0,158.2394052044612,0.5092936802973977,0.0,151.53825
331446662,A,2920.3494623655915,751.8518518519996,9.207487056951674,2813.25,7.588325652842296,20.172043010752706,5.365143369175628,494.01397849462364,0.7743564679044451,34.62864975140662,876.1048387096774,0.6690561529264524,0.2737047898338496,80.91899641577062,0.0,0.0,158.31397849462377,0.4874551971326165,5.142826110565092,147.03675
331446670,A,2965.2886904742486,754.3201058197866,49.4444444444284,2814.916964285714,28.95068027212173,77.72142857142863,19.440848214285715,849.1692857142846,3.123538961033161,35.161525974003936,889.5866071428571,3.484623015870899,0.8798701298702154,222.56,5.382059800662788,21.03947368418521,159.71428571428586,0.3892857142857143,17.764069264070447,148.44345
333446656,A,2673.4750566891835,731.8694885362847,223.50718064996954,2799.888605442177,99.78943958509058,338.21224489795924,77.11309523809524,1974.0765306122453,12.028447742726637,31.701285257190357,802.0425170068028,4.862528344670131,0.9059987631417079,293.16190476190417,11.581237146016962,67.96902971709883,160.63129251700695,0.2755102040816326,50.15666872813653,148.5384
333446660,A,3659.288548751086,21.296296296299946,295.9788359788349,2839.125850340136,34.47035957238984,107.39591836734687,28.552295918367346,833.2602040816322,4.042517006803435,43.390773305371475,1097.7865646258504,2.8150982615251725,0.5009276437848375,159.46666666666687,14.780098085741793,48.86725742924732,160.92517006802743,0.14285714285714285,20.44423830137479,148.2864
333446668,A,2862.8941034905424,744.5166466101899,64.39898382136491,2808.2996389891696,51.4681107099741,155.012274368231,41.38650722021661,1382.4584837545117,5.860026255333791,33.94736091095845,858.8682310469314,4.560268752503787,0.902527075812362,289.30974729241854,12.237427587938196,33.80248907464584,158.44043321299668,0.8086642599277978,29.989060277852396,146.6874
333446672,A,3211.6666666700035,765.5555555559988,268.1481481480004,2822.75,0.0,0.0,0.0,0.0,0.0,38.08300395260016,963.5,0.0,0.0,0.0,0.0,0.0,158.5433691756275,0.3835125448028674,0.0,144.4905
333446858,A,2923.9893617047546,752.2222222219951,12.44024166010885,2813.5,30.60621411683122,74.88085106382977,18.579343971631207,472.605319148936,2.9094132817521285,34.671810613088546,877.1968085106383,0.5988967691089366,0.24500322372665242,96.49078014184393,9.8367144977871,70.81606942881437,160.26099290780155,0.6595744680851063,21.885880077350713,147.1098
333446862,A,3117.5,761.8518518519996,184.44444444400088,2820.0,0.0,0.0,0.0,0.0,0.0,36.96640316209977,935.25,2.9324831949369834,1.3054027822712504,15.434875444839857,10.724985516852461,93.04691889858361,162.0042704626337,0.08896797153024912,0.0,146.7081
333446882,A,3114.1118800461245,761.5391516080495,181.56350121744342,2819.810553633218,41.840500906235675,124.62560553633202,30.69636678200692,1038.101730103805,4.7268008807838395,36.92629621019431,934.2352941176471,4.407920030755214,0.9090909090909971,223.3217993079587,14.318821920008226,26.688672372947405,159.2802768166094,0.8062283737024222,23.740169864720365,147.61455
333446910,A,4457.542892156691,70.74074074070047,323.73366013098473,2872.5,4.338235294116911,12.066176470588239,3.218060661764706,258.37499999999994,0.4642379679140441,52.856239827949075,1337.2628676470588,0.36764705882316157,0.15040106951873153,55.38235294117645,0.0,0.0,158.5647058823533,0.5955882352941176,3.077094474153309,154.2093
343446890,A,4261.200117371162,638.4480959835442,5.422535211267556,3255.7042253521126,87.59054325950471,199.65211267605613,54.05149647887324,1380.2978873239429,7.932618437896472,50.52809942659701,1278.3609154929577,4.912949921751135,0.905889884763212,250.3732394366197,14.39076318375771,66.83283914004414,162.06197183098627,0.5950704225352113,46.98356807510682,152.52525
343446894,A,4265.0,638.8888888890004,8.872785829308734,3256.0,4.963768115942391,10.839130434782607,2.839673913043478,119.98152173913041,0.461956521740761,50.57312252960024,1279.5,2.108997584540254,0.14822134387353253,0.0,10.040444893837495,83.52116704796126,159.55942028985532,0.7753623188405797,2.2463768115956526,151.54785
343446912,A,4265.0,638.8888888890006,8.888888888890039,3256.0,0.0,0.0,0.0,0.0,0.0,50.57312252960024,1279.5,0.0,0.0,0.0,0.0,0.0,158.27058823529433,0.5220588235294118,0.0,156.06375
343446916,A,5186.666666670003,695.5555555559988,134.0740740740002,3294.25,0.0,0.0,0.0,0.0,0.0,61.50197628460008,1556.0,0.0,0.0,0.0,0.0,0.0,158.0823529411767,0.2757352941176471,0.0,152.2017
343446920,A,4245.037593987446,635.5555555559988,321.4035087720613,3253.75,52.171500178986875,117.48721804511281,32.92293233082707,771.1736842105263,4.653964456591539,50.33641415790938,1273.5112781954888,2.5892857142857153,0.4135338345865085,129.94736842105266,3.1640146878807904,0.0,158.24360902255646,0.2669172932330827,24.158122579180855,151.01475
343446924,A,4291.380952381251,640.0,32.17195767195402,3256.75,61.151360544199164,180.84428571428577,46.268973214285715,1657.5557142857142,7.149188311705667,50.885940146808906,1287.4151785714287,6.1587301587286865,0.9058441558442437,281.66000000000014,7.362126245845114,71.05404135332714,160.19428571428583,0.7428571428571429,33.5974025974076,155.97645
343446928,A,4300.974310775713,640.4970760232363,40.75744917851086,3257.0864661654136,39.09595417112484,121.86315789473682,31.18890977443609,1045.3906015037587,4.782809295973719,50.999695384711686,1290.2922932330828,4.2486424394308315,0.6561859193438795,228.10526315789474,18.384332925327158,31.115453106423498,159.5669172932333,0.21052631578947367,21.576668945093235,151.70385
343446932,A,4265.0,638.8888888890001,8.88888888889004,3256.0,0.0,0.0,0.0,0.0,0.0,50.57312252960025,1279.5,0.0,0.0,0.0,0.0,0.0,158.60000000000014,0.4201388888888889,0.0,153.2667
343446936,A,4303.333333329997,640.7407407410001,42.96296296299992,3257.25,0.0,0.0,0.0,0.0,0.0,51.027667984200356,1291.0,0.0,0.0,0.0,0.0,36.88596491223918,159.62490842490868,0.3882783882783883,0.0,151.902
343446940,A,4585.833333329997,655.9259259260042,294.0740740740002,3267.5,0.0,0.0,0.0,0.0,0.0,54.377470355699664,1375.75,0.0,0.0,0.0,0.0,0.0,158.6816901408453,0.47183098591549294,0.0,147.16635
343446944,A,4505.761548064606,651.8213344431932,222.86863642637883,3264.7294007490636,6.176208311034459,18.332584269662927,4.846676029962547,401.232584269663,0.7008852570646821,53.42800254622057,1351.7284644194756,0.624219725342697,0.25536261491320217,84.79700374531835,0.0,0.0,158.5138576779029,0.3258426966292135,4.640789921688016,149.45925
343446948,A,4265.0,638.8888888890006,8.888888888890039,3256.0,0.0,0.0,0.0,0.0,0.0,50.57312252960024,1279.5,0.0,0.0,0.0,0.0,0.0,158.60000000000028,0.5661764705882353,0.0,155.30595
343446956,A,5058.033216783636,689.3628593628417,19.510489510494715,3290.0716783216785,97.87712287682184,321.09230769230766,70.79763986013987,1797.3000000000009,11.237444373810447,59.97667845987832,1517.4099650349651,3.8383838383825473,0.905912269548721,319.5230769230773,17.036103431446783,32.5703901361525,159.60839160839186,1.0,44.98198770927707,152.23575
343446960,A,7843.333333330008,94.81481481479958,143.70370370399962,3395.0,0.0,0.0,0.0,0.0,0.0,93.00395256920007,2353.0,0.0,0.0,0.0,0.0,0.0,158.41142857142881,0.475,0.0,146.58195
345446666,A,3828.0090909095643,612.191245791052,315.51515151510563,3237.98,34.54718614713677,81.26836363636365,20.23409090909091,643.8261818181817,3.205619834710904,45.39141214515236,1148.4027272727274,2.9449494949492037,0.5752066115703058,118.95418181818177,14.393234672312031,65.92392344491277,161.0356363636365,0.3418181818181818,23.247382920091283,148.9194
345446690,A,5178.738344987307,695.1385651384222,126.69256669261182,3293.9694055944055,50.374625374637404,237.99860139860147,72.32736013986013,1305.6545454545437,10.460108073740134,61.40796456508261,1553.6215034965035,9.056915306914389,0.9027336300064448,346.89650349650395,9.171409985360484,23.059440559420697,160.45874125874136,0.2097902097902098,44.1110404746831,149.15655
345446694,A,4264.0791062807975,638.7453032745436,8.022007514763134,3255.9039855072465,38.542097998578996,84.41304347826083,22.238451086956523,737.8913043478265,3.3990447957824643,50.562202841247256,1279.223731884058,4.048409822865839,0.5830039525692285,114.32318840579714,16.523424334346025,113.2160564453413,161.99420289855095,0.7789855072463768,23.877909530062688,155.0574
345446710,A,4244.166666670003,635.5555555559988,320.7407407410012,3253.75,0.0,0.0,0.0,0.0,0.0,50.32608695650012,1273.25,0.0,0.0,0.0,0.0,0.0,158.27428571428592,0.5285714285714286,0.0,156.747
345446880,A,3218.996415773229,576.9693349263506,332.4093986463021,3214.2043010752686,14.225977129206822,40.348387096774196,13.659274193548388,244.79139784946244,1.8059628543501791,38.169917973569845,965.6989247311828,4.355336519315557,0.23786249592703573,33.2989247311828,4.698674668665916,45.49518958682075,159.26594982078876,0.33691756272401435,8.510915607693905,148.6416
345446884,A,3290.3687050334865,582.2222222219979,63.932853716996355,3217.75,20.741692360407185,67.62302158273377,13.694919064748202,394.573381294964,2.4594506213206837,39.01622970395938,987.1106115107914,3.668565147881655,0.33028122956183864,108.88776978417275,4.743182198426226,72.58424839069546,160.25323741007224,0.30935251798561153,10.929801613244257,150.40245
349446658,A,5398.038194446392,705.7394547327754,321.8287037037105,3301.1241319444443,57.61408730142018,199.2458333333334,45.38953993055556,1113.5583333333327,7.09627525252721,64.00835803687028,1619.4114583333333,2.478298611110107,0.49558080808085847,161.53472222222194,14.395994832035026,51.33680555551569,161.0444444444445,0.14583333333333334,29.673821548846533,153.5061
349446662,A,7946.666666670003,100.74074074099946,236.29629629600058,3399.0,0.0,0.0,0.0,0.0,0.0,94.22924901189984,2384.0,0.0,0.0,0.0,0.0,0.0,158.577777777778,0.2988505747126437,0.0,148.91175
349446666,A,7806.479089790994,92.75249419162886,111.45004783388158,3393.75,67.25882973116646,220.33505535055383,58.77306273062731,1280.10664206642,8.226098624624882,92.56694572873513,2341.9437269372693,4.38704387043706,0.9057363300906617,363.33874538745386,18.336050802360084,25.879296950846605,159.7874538745389,0.12546125461254612,40.92474561106903,152.18235
349446670,A,7843.333333330005,94.81481481479958,143.70370370399962,3395.0,0.0,0.0,0.0,0.0,0.0,93.00395256920005,2353.0,0.0,0.0,0.0,0.0,0.0,158.63682310469335,0.6137184115523465,0.0,153.87015
349446674,A,5186.666666670003,695.5555555559988,134.0740740740002,3294.25,0.0,0.0,0.0,0.0,0.0,61.50197628460006,1556.0,0.0,0.0,0.0,0.0,0.0,158.0057971014496,0.3695652173913043,0.0,152.16435
349446678,A,5198.053527980438,696.0286563935919,143.84428223834306,3294.5702554744526,85.94369134491762,288.90218978102195,65.75843978102189,1880.4547445255464,10.268082282683704,61.636998355497234,1559.4160583941605,6.017335766421806,0.9090909090909973,272.4890510948906,15.176540485479602,56.881482904263905,158.22481751824853,0.3686131386861314,43.13647423139808,155.9079
349446682,A,5186.666666670003,695.5555555559988,134.0740740740002,3294.25,0.0,0.0,0.0,0.0,0.0,61.50197628460004,1556.0,0.0,0.0,0.0,0.0,0.0,158.1665480427049,0.3416370106761566,0.0,152.28525
349446686,A,5340.399061034896,702.7895148671944,270.51121544101466,3299.1329225352115,35.62038900062077,89.04929577464783,22.319542253521128,816.0475352112685,3.4900768245816547,63.3248900517479,1602.119718309859,1.236306729263243,0.5057618437900642,149.40563380281688,4.642155257131373,0.0,158.23098591549316,0.39436619718309857,25.506828851875362,152.1492
349446690,A,7996.585213032101,103.47535505421,280.4706209968723,3401.0883458646617,60.76799140707497,200.38195488721828,52.223919172932334,1539.561654135338,7.7262474367798175,94.82116853399098,2398.9755639097743,3.736424394317038,0.9022556390978322,363.75789473684256,18.539954537498808,28.76038781160404,159.639097744361,0.48120300751879697,35.36682615629527,152.679
349446706,A,7982.5,102.9629629629999,268.1481481480004,3400.75,0.0,0.0,0.0,0.0,0.0,94.65415019759983,2394.75,0.0,0.0,0.0,0.0,15.898635477560738,158.0444444444446,0.48518518518518516,0.0,149.4033
349446710,A,8005.0,104.07407407400018,288.1481481480004,3401.25,0.0,0.0,0.0,0.0,0.0,94.92094861660006,2401.5,0.0,0.0,0.0,0.0,0.0,158.60425531914913,0.41843971631205673,0.0,154.54215
349446896,A,6057.718390806278,743.901660281063,228.43167305254428,3327.0,32.87027914614071,103.78758620689645,27.606681034482758,811.4017241379308,3.986677115988036,71.83065285541358,1817.3155172413792,3.275862068965589,0.5078369905956628,162.07172413793108,12.586206896546543,35.10027223226508,159.50344827586238,0.5310344827586206,19.91013584115927,151.1517
349446900,A,6034.166666670003,742.5925925929988,208.14814814800036,3326.0,0.0,0.0,0.0,0.0,0.0,71.55138339920046,1810.25,0.0,0.0,0.0,0.0,0.0,158.41825095057052,0.49809885931558934,0.0,149.21775
371447024,A,9307.651515151469,534.0740740739981,297.5317275317551,2666.375,66.42690642694393,287.00559440559476,85.18575174825175,1501.254545454546,12.494437380811625,110.36740927056992,2792.2954545454545,8.773795648794302,0.9090909090909971,399.31328671328737,6.916571800291614,68.90780272353176,160.38041958041984,1.0,50.477855477863514,149.1309
371447028,A,9356.666666669953,536.2962962960008,341.48148148099887,2667.75,0.0,0.0,0.0,0.0,0.0,110.94861660099946,2807.0,0.0,0.0,0.0,0.0,0.0,158.34405594405632,0.3951048951048951,0.0,152.04915
371447032,A,9841.017478153775,564.0740740739983,15.58607296436038,2686.5,38.4840378098525,95.95056179775288,24.05430711610487,596.4662921348317,3.747871978209362,116.69190685541957,2952.3052434456927,2.661776945484346,0.4698672114402935,122.20374531835209,20.166361815173353,98.17218608309517,161.96554307116116,0.6779026217228464,26.699580070348464,149.99265
371447036,A,9356.66666666996,536.2962962960008,341.481481480999,2667.75,0.0,0.0,0.0,0.0,0.0,110.94861660099947,2807.0,0.0,0.0,0.0,0.0,0.0,158.4927536231884,0.5471014492753623,0.0,151.70175
373446778,A,9841.666666669957,564.0740740739984,16.296296296300067,2686.5,0.0,0.0,0.0,0.0,0.0,116.69960474300018,2952.5,0.1947577276522932,0.017088174982913533,0.0,10.266655009625142,98.65156311822408,160.45714285714317,0.9360902255639098,0.0,148.7994
665222750,A,8015.833333330026,104.44444444400052,297.7777777779994,3401.75,0.0,0.0,0.0,0.0,0.0,95.04940711459956,2404.75,0.11148272017826091,0.04560656734570235,0.0,0.0,0.0,158.26622073578616,0.411371237458194,0.0,151.3224
665222754,A,8245.83333333002,117.03703703700009,175.55555555599915,3410.25,0.0,0.0,0.0,0.0,0.0,97.7766798418998,2473.75,0.0,0.0,0.0,4.830117103743265,34.98553564760426,159.2964539007095,0.2375886524822695,0.0,152.0331
665222758,A,8274.822303921314,118.31154684108765,201.7102396514083,3411.1029411764707,65.01575630249778,210.97941176470647,54.12109375,1287.5735294117653,8.30915775402084,98.12042257613955,2482.4466911764707,4.395424836598983,0.9090909090909974,372.1529411764711,18.17373461011336,33.402186532475774,160.4823529411767,0.48161764705882354,37.44763814616994,150.43815
665222766,A,8060.833333330002,109.25925925900057,11.111111111099955,3404.75,0.0,0.0,0.0,0.0,0.0,95.58300395260056,2418.25,0.050125313283157905,0.020505809979496237,10.31578947368421,5.472110508837635,63.06440443206564,160.9984962406017,0.2857142857142857,0.0,148.81395
665222796,A,6167.857142857736,164.5038069424883,157.89650277474567,2935.7909407665506,48.66268458600521,138.06271777003477,36.08885017421603,1071.4808362369326,5.2795375356344225,73.13664596272271,1850.357142857143,4.111498257839229,0.6271777003484944,205.22926829268303,6.625070901875581,58.788740142969196,159.5205574912894,0.156794425087108,30.02322880369717,153.81675
665222800,A,5414.079558652927,121.8518518519997,170.45296167252252,2907.0,29.4922847187624,87.54564459930313,22.53919860627178,1068.776655052264,3.395787139692996,64.19857184172366,1624.2238675958188,1.540843979867008,0.5986696230599268,215.1609756097561,8.510655538445262,5.02292316156237,159.43135888501772,0.18466898954703834,16.700454017526475,148.4601
665222804,A,5407.5,121.48148148100101,164.4444444440011,2906.75,0.0,0.0,0.0,0.0,0.0,64.12055335969957,1622.25,0.0,0.0,0.0,0.0,0.0,158.48175182481836,0.33941605839416056,0.0,153.69495
665222808,A,5234.371184370879,113.33333333300033,10.625423958760694,2901.3580586080584,35.16134658990884,112.5186813186813,30.028617216117215,980.4571428571437,4.196303696304292,62.06764250244235,1570.3113553113553,1.6035816035800055,0.6560106560107213,268.4205128205131,9.025470653372894,5.7624831309007325,159.54285714285734,0.31135531135531136,21.631701631688568,147.5775
665222812,A,5911.322143698622,149.42939405839903,265.38934694408493,2925.6148409893995,73.37371697793267,235.98021201413462,62.66232332155477,1619.326855123678,8.82733697398356,70.09479881002851,1773.399293286219,4.50775422065018,0.9090909090909972,349.5151943462891,16.061303311689116,50.107401896920855,160.1356890459366,0.0989399293286219,44.453367598216595,152.12115
675222832,A,5512.5,127.7777777779995,257.7777777779994,2911.0,0.0,0.0,0.0,0.0,0.0,65.36561264819998,1653.75,0.0,0.0,0.0,0.0,0.0,158.44740740740758,0.6555555555555556,0.0,152.50275
675222836,A,5895.891812867511,148.73684210552614,251.81806367798922,2925.148245614035,26.04678362572351,78.51789473684208,20.79605263157895,718.0789473684212,2.9684210526324573,69.9117606268674,1768.767543859649,3.097465886938035,0.4210526315789906,116.95157894736843,9.405140758872589,72.18374884571456,159.91017543859672,0.17894736842105263,15.299308878247345,156.47775
675222840,A,8974.852767961453,319.9895301662193,276.3643502160068,3040.7438162544167,49.996634696265104,144.24169611307414,38.19677561837456,1318.8063604240274,5.549469964666017,106.42117906663967,2692.4558303886924,6.410973694542062,0.8705428846772449,253.5434628975261,9.615416221544242,61.6524084061192,159.3102473498236,0.7879858657243817,28.2160830923957,150.52635
1270253678,B,6952.861028684157,510.5528080008191,283.4201560611131,4198.367210682492,64.64038434362543,195.67833827893176,49.80063056379822,1657.627299703262,7.691394658768848,82.44499243499985,2085.8583086053413,5.666831519944712,0.9063933099542278,323.5620178041539,14.935477192735084,59.57715133523751,160.07596439169185,0.5845697329376854,35.68114378202945,87.74865
1270253696,B,6632.547263683063,490.5439469319319,339.2084024324802,4184.75,32.28713574981077,98.14567164179105,25.07929104477612,856.5913432835827,3.8392130257813117,78.64680549818293,1989.7641791044775,3.293117744608686,0.49118046132976434,166.06089552238788,15.084345713289165,59.60997643356736,160.1623880597019,0.5850746268656717,17.88421528719471,94.9866
1270253716,A,6329.885386820115,472.3888358272923,69.83975379391701,4172.560171919771,37.553554373049906,112.30487106017186,29.394699140401148,960.6962750716337,4.1867673873420665,75.05792948796585,1898.9656160458453,4.755253104106187,0.6199531127898498,178.10085959885384,18.06756846804739,57.2719046900394,160.46762177650476,0.335243553008596,21.022835807920387,73.39185
1270253720,A,6358.931051585866,473.8822751323901,95.61728395060359,4173.615327380952,32.04648526077713,100.26428571428572,26.625744047619047,831.3732142857152,3.768939393940927,75.40234448523624,1907.6793154761904,2.6120205026444374,0.4924242424242918,160.58333333333363,14.966085271311076,59.48112468666422,160.22857142857185,0.09523809523809523,18.989898989889543,76.25595
1270253728,A,6494.896142434561,482.9629629630042,216.79964831327288,4179.61943620178,31.565635156147792,101.63323442136497,26.996476261127597,792.0471810089016,3.828432694902435,77.01457876402318,1948.4688427299702,2.6850478074498842,0.49635824116541255,164.3857566765578,14.995514457244157,58.27619865681764,160.52225519287867,0.5370919881305638,19.295027425581562,80.5053
1270253752,B,6940.6040433922135,510.17203594109174,272.5969756738757,4198.0,63.943364327959074,193.56213017751472,49.168823964497044,1647.449999999999,7.577729962347437,82.29965268845733,2082.1812130177514,5.627465483232594,0.9037116729425289,312.72189349112375,14.927067565703203,60.09654313292766,160.45443786982287,0.5976331360946746,35.172135556748266,86.8347
1272253462,B,6609.750247280043,489.4383998242037,318.80206616109535,4184.117952522255,62.821817154140255,194.05816023738896,49.33605341246291,1606.4181008902067,7.630428918263661,78.37648514560591,1982.9250741839762,5.351137487634624,0.9063933099542278,306.9115727002964,14.987233455240604,60.07886927997587,160.5507418397628,0.6201780415430267,35.38710547611823,89.8257
1272253470,A,6443.197064989119,479.44095038439747,170.79897507573259,4177.25,66.68014375562669,205.7660377358492,54.7189465408805,1786.8009433962281,7.739422527161506,76.4015462251732,1932.9591194968552,5.32713137665844,0.9062321326473143,320.1773584905656,7.8228755301990285,32.1561569016669,158.96352201257898,0.16666666666666666,39.182389937088764,78.29085
1272253486,A,6447.54254254396,479.62962963000155,174.75697920130372,4177.372372372372,32.333762333771475,99.79459459459457,26.56906906906907,871.6558558558557,3.7779142779157096,76.45307362698095,1934.2627627627628,3.395478812145193,0.4914004914005407,166.46126126126114,15.040156435497249,58.60755492329893,160.10570570570607,0.5915915915915916,19.004459004448005,74.6979
1272253486,B,6621.864035087553,490.0010829542982,329.5646523716606,4184.37134502924,65.13784461150519,191.09122807017556,48.39912280701754,1713.3201754385989,7.551967038819537,78.52012689827156,1986.5592105263158,5.4381903833634775,0.9090909090909962,311.774269005848,15.033319733438057,58.9954601415142,160.46783625731035,0.5818713450292398,34.860003544211544,88.4877
1276253442,B,7127.239884394533,522.7617212590734,105.61121815431564,4206.5,32.46352876409511,98.83699421965301,25.452492774566473,826.0898843930634,3.9064634787280297,84.51272590188115,2138.171965317919,2.5513808606295125,0.4992117708881213,170.46820809248524,14.604113456102016,57.99589291141412,160.16647398843983,0.09248554913294797,17.940970397617622,88.15185
1276253466,B,6971.275811209456,511.4814814809968,299.7967879383802,4198.870206489675,64.450063211102,195.20000000000002,49.61283185840708,1629.624778761062,7.6594261196130455,82.66334954001991,2091.3827433628317,5.671501147163385,0.9064092249933827,319.10088495575224,14.874802771484726,59.537727060956755,160.1038348082601,0.5870206489675516,35.53052650397161,88.69725
1276253498,A,6984.193786980467,512.2222222219971,311.2119219813452,4199.369822485207,31.9160326852669,99.74201183431951,26.470044378698226,813.946153846154,3.7368208714378146,82.8165271183411,2095.2581360946747,2.5184911242592634,0.48951048951053855,161.0828402366863,14.852759047742861,59.62083463090284,159.93372781065145,0.09763313609467456,18.95373856912431,78.42765
1276253502,A,6845.421717171269,505.3950617285538,187.923681257003,4194.872727272727,55.714285714290625,224.57454545454553,63.59280303030303,1296.9272727272737,9.180027548219249,81.17100850401644,2053.6265151515154,5.975168350166942,0.9063360881543571,345.3927272727276,15.134601832270338,48.71690590107263,160.0000000000004,0.5818181818181818,40.581267217625815,78.8184
1276253672,B,6965.183284457602,511.2838057996474,294.4259802324921,4198.75,63.794162826401084,192.16539589442831,48.79032258064516,1625.808211143695,7.5571847507425005,82.59110613979696,2089.5549853372436,5.7343597262929835,0.9037589976007265,313.7231671554245,14.664802564271799,59.860317950237636,159.96246334310902,0.5982404692082112,34.978228028075364,86.3628
1276253680,B,6720.121890548822,497.9513543394625,76.85572139302654,4189.625373134329,31.758351101623322,95.58447761194026,24.536380597014926,818.5576119402988,3.756309362286296,79.68523980888897,2016.0365671641791,3.2587064676602093,0.48575305291728077,165.4507462686568,15.00520652550604,60.403377847550495,159.856716417911,0.5313432835820896,17.494346449564855,91.86555
1276253684,B,6715.517156862462,497.58169934629655,72.46623093681949,4189.501470588235,63.21568627448814,190.74705882352956,48.90533088235294,1620.5532352941188,7.53061497326895,79.63063822367731,2014.6551470588236,5.71732026143461,0.903743315508108,316.1447058823528,14.743502051978187,58.68188854484057,160.1505882352946,0.5823529411764706,34.826203208549416,89.20785
1276253688,A,6596.876218323826,489.0654104396148,307.42473467617305,4183.627192982456,59.38596491228715,195.58596491228118,49.823647660818715,1448.4736842105265,7.281499202552662,78.22382867576826,1979.062865497076,4.190220922675363,0.8851674641149175,353.5122807017538,15.161838705283625,58.88888888882592,160.2058479532168,0.09649122807017543,33.02675881622205,81.8163
1276253692,B,6958.974926253915,510.9155468153372,288.9085545722767,4198.615044247787,64.52732125296512,194.63362831858416,49.74557522123894,1669.0619469026556,7.627916331478235,82.51748924410894,2087.6924778761063,5.744428056373032,0.9064092249933827,319.373451327433,14.664197022700836,59.786523831633545,159.97168141592968,1.0,35.446500402242314,83.82225
1286253642,B,3623.0990338160286,302.6129898017843,127.91411701551604,4057.8797101449277,77.59696342291812,246.83478260869566,58.755434782608695,1877.7539130434782,9.199604743085235,42.96167726412742,1086.9304347826087,5.482286634457841,0.906455862977689,285.55130434782586,14.356589147283142,65.26735316545098,160.3153623188412,0.6260869565217392,39.73386034256578,86.1993
1286253650,B,3668.6430010071003,304.6167617767338,168.4032673156616,4059.3602719033233,64.53028341243431,200.01933534743262,51.21978851963746,1500.5809667673723,7.869266684978859,43.501725517356306,1100.593655589124,4.854397448806712,0.90634441087622,328.3528700906348,15.209723881116076,53.16346000948686,160.473716012085,0.11782477341389729,36.366382861837685,85.06125
1286253654,A,3378.2128810223594,286.10182453830123,221.99934447717428,4046.8650442477874,65.05267593765595,203.46548672566374,54.010877581120944,1669.4185840707949,7.621346205419764,40.0578602492685,1013.4638643067847,5.6604392002607895,0.9037275408957692,322.3634218289082,14.963298346703317,58.22465455669446,159.9244837758116,0.17404129793510326,38.75212299992307,70.1898
1286253654,B,3695.335305719792,306.1012491780713,192.13017751484307,4060.1257396449705,65.69456184838812,195.62840236686418,50.095229289940825,1726.7769230769215,7.6711941904305405,43.81820520616329,1108.6005917159764,5.555555555553158,0.9090909090909963,321.22958579881606,15.081876978115067,61.33603238859872,160.7952662721899,0.17159763313609466,35.60606060605799,88.69005
1286253712,A,3501.26099706742,297.03703703699756,19.613337677853323,4054.1187683284456,64.40441279153454,200.7413489736074,53.378848973607035,1655.6586510263928,7.54318848307245,41.516928818986344,1050.3782991202347,5.097751710652849,0.9064249533458614,314.0516129032268,14.775284730268698,59.503009723653705,160.3190615835781,0.1466275659824047,38.134719630320305,76.1487
1286253712,B,3870.231755423934,317.0370370369973,347.5893052815831,4067.621301775148,65.1112989574585,199.77159763313657,52.22263313609467,1648.3038461538456,7.700376546546557,45.89207615127358,1161.069526627219,5.653353057197155,0.9064012910167626,317.2449704142015,14.7784505297885,58.63165680467371,160.2840236686394,0.16863905325443787,37.341760803299344,81.3783
1286253720,A,3472.960784313441,293.33333333299834,306.1960784313497,4051.619117647059,64.6022408963855,205.26000000000002,54.545036764705884,1659.2435294117636,7.710561497329324,41.18135317367908,1041.8882352941177,5.703431372547994,0.9090909090909963,315.5847058823535,14.788645690831123,58.742647058757896,160.36705882352982,0.5941176470588235,39.00356506239614,72.1785
1286253724,B,3947.9048964226,323.1335007322346,63.65557648044198,4071.622175141243,64.55609362378482,206.82711864406772,49.105755649717516,1232.8296610169498,7.624807395991997,46.81310153859929,1184.3714689265537,3.795903954800765,0.7113507960966279,285.7740112994354,14.048745237151499,56.70346416884574,160.2350282485883,0.5423728813559322,33.1681218969292,80.83995
1286253728,A,3478.01376597826,293.51250955967834,310.4140718890794,4051.8643067846606,32.777075431954586,104.05663716814156,27.65947640117994,817.7230088495579,3.9263877715220112,41.24126995231941,1043.4041297935103,3.258357915436813,0.4987932421561239,165.86902654867282,14.6971256088316,57.84117373072681,160.3681415929208,0.12684365781710916,19.775632430506743,70.9719
1286253728,B,3802.5023809538015,312.5925925930019,287.4010582011082,4064.625,32.54421768706487,96.79885714285703,24.795535714285716,834.5777142857145,3.8028571428575124,45.08896103896806,1140.7507142857144,2.97380952380869,0.5012987012987513,163.4319999999999,14.63720930232261,57.66842105258612,160.17371428571488,0.5514285714285714,17.662337662333798,87.85875
1286253732,A,3757.4305555569063,310.0,247.33245149916806,4062.870535714286,32.46315192745387,100.27857142857135,26.721540178571427,853.3455357142861,3.805735930737533,44.55451251646232,1127.2291666666667,3.248594576718305,0.48971861471866385,165.35000000000008,14.894795127347694,59.01159147862753,160.19047619047672,0.5863095238095238,19.004329004319395,77.313
1286253732,B,4080.773638968682,331.4814814809981,181.58335986410904,4077.3660458452723,64.32937644969681,195.69627507163366,50.117299426934096,1603.4810888252143,7.693019015371758,48.388620224924885,1224.2320916905444,4.950254695954247,0.9090909090909962,317.5954154727801,14.452588791893074,57.29188659321964,160.05501432664815,0.5931232091690545,35.581314578435105,87.50175
1286253736,B,3701.5686274509712,306.31481481455097,197.67755991290593,4060.3683823529414,58.35434173668969,222.3494117647061,61.814338235294116,1529.7291176470585,9.226336898404321,43.89211811206734,1110.4705882352941,6.978349673201476,0.9090909090909963,341.4682352941179,15.07523939807792,60.20162538692701,160.46117647058873,0.20294117647058824,39.67736185383346,86.13675
1286253744,B,3588.0009633906643,300.9098694070665,96.72018839642986,4056.75,65.400495458278,196.17225433526016,50.127348265895954,1571.869075144508,7.687467157125102,42.545465969066534,1076.400289017341,5.170600513806687,0.9090909090909962,314.76531791907536,14.318456781819028,58.89184666864747,159.574566473989,0.1329479768786127,36.062357680843235,77.5551
1286253752,A,3930.4017857140175,322.2222222220006,47.938712522041236,4071.122023809524,65.22959183676237,201.58214285714314,53.63746279761905,1634.9125000000004,7.612554112555913,46.605554771320314,1179.1205357142858,5.768022486770798,0.9063852813853683,318.69999999999936,15.113510520481327,61.320488721748255,160.40000000000043,0.17857142857142858,38.4081890331874,72.58965
1288253454,A,3280.7490079369054,280.5511463844188,135.37918871252376,4043.1153273809523,33.0881519274512,103.83571428571427,27.526041666666668,825.0241071428563,3.906520562771521,38.90216214945134,984.2247023809524,3.332919973544197,0.4951298701299197,172.74999999999986,14.977851605752155,59.62092731823917,160.2571428571434,0.5386904761904762,19.747474747481508,69.69645
1288253458,A,3290.2843137251466,281.111111110998,143.79520697163247,4043.369117647059,64.36694677873109,201.2717647058829,53.411764705882355,1662.5929411764703,7.596925133690364,39.0152580795219,987.0867647058824,5.069035947711712,0.903743315508108,313.5752941176478,15.0820793433586,58.53057275536412,160.3764705882357,0.14705882352941177,38.37789661320418,74.07225
1288253458,B,3466.705426356366,293.1309216191607,300.6115417743693,4051.5,64.21650055371329,199.06046511627926,51.91042877906977,1664.2569767441857,7.645348837211477,41.10717896865209,1040.0116279069769,4.895025839792657,0.9064482029599178,311.7686046511631,14.62412114655983,58.61612607093367,160.06511627907014,1.0,37.0525017617986,85.31625
1288253462,A,3301.4285714271414,281.6567460315628,153.44135802480636,4043.75,33.29506802721907,102.22142857142845,27.238653273809526,835.5866071428563,3.852408008658572,39.147374364763365,990.4285714285714,3.297371031744969,0.4951298701299197,167.7499999999998,14.865725359906278,59.35307017537786,160.37142857142908,0.12797619047619047,19.45797258297883,69.71775
1288253470,A,3323.2331378296476,283.50494189199696,173.14000217228724,4044.873167155425,64.58455522974418,199.9143695014664,53.183651026392965,1659.741642228739,7.529992002134573,39.40592653553712,996.9699413489736,5.736803519058877,0.9064249533458614,310.1266862170096,14.720725635947572,57.946828214177465,160.0187683284462,0.18181818181818182,38.09917355371903,71.63085
1288253474,A,3184.299903100552,275.73643410879015,49.63824289405559,4039.8662790697676,63.49529346624584,197.10000000000053,52.460029069767444,1646.6616279069797,7.406844608882499,37.75852559977412,955.2906976744187,4.969315245475735,0.9064482029599178,306.95813953488437,14.455786911839892,58.52050183593218,160.36279069767485,0.6075581395348837,37.576638477812864,76.13235
1288253478,A,3317.1075581397968,283.1363049094225,167.64857881133725,4044.75,64.06976744188336,198.31046511627991,52.752543604651166,1651.6840116279068,7.463266384779734,39.33329120324334,995.1322674418604,5.025436046509888,0.9090909090909962,307.7395348837213,13.921038399128856,57.65682374536389,159.98139534883768,0.1569767441860465,37.843551797038906,76.9575
1288253482,A,3171.4239239225208,274.9872094316646,37.873428984564626,4039.123873873874,32.696982696991014,101.14234234234235,26.86936936936937,818.5900900900899,3.790881790883186,37.60581727971247,951.4271771771772,3.3983983983977453,0.49413049413054366,163.7621621621619,14.99965081359844,60.11972498808668,160.07687687687732,0.5825825825825826,19.225589225595456,75.2079
1288253490,A,3269.6400394479288,280.17094017076977,125.5117247424646,4042.75,65.10425471966232,204.76686390532544,54.38886834319526,1628.5269230769234,7.701855836472914,38.77043525036658,980.8920118343195,5.6928007889534555,0.9037116729425289,324.99053254437854,14.654602999858557,58.575599501647346,160.21775147929034,0.5857988165680473,38.90532544379197,69.8931
1288253490,B,3593.1710914451323,301.27826941958233,101.32197093844242,4056.869469026549,33.90785222642569,100.03539823008852,25.553097345132745,853.9619469026553,3.918610887640173,42.60677183530727,1077.9513274336284,3.4103572599134484,0.5014749262537375,161.6648967551622,14.693695547775732,59.89559074672266,159.4997050147497,0.5722713864306784,18.540269956194173,80.5515
1288253494,A,3353.7952101662463,284.9961985445872,200.24980992724926,4046.116568914956,65.22552716103624,201.26920821114362,53.4466642228739,1676.5768328445756,7.544121567584662,39.76835162798376,1006.1392961876833,5.516047572498411,0.9037589976007265,308.09032258064525,14.775966718948458,59.03341565051672,160.18768328445773,0.18475073313782991,38.06895938861553,66.22995
1288253494,B,3679.4836400796917,305.362417632472,178.04817087017824,4059.6280674846626,30.354951796657698,97.21104294478519,24.95782208588957,828.0202453987737,3.8187395426674837,43.63024079148804,1103.8450920245398,1.8341002044984103,0.4740658114891722,174.85398773006125,15.71550863175183,60.64941879232231,160.11779141104324,0.5214723926380368,16.72615727830369,81.3786
1288253502,A,3263.526785714524,279.80709876562463,120.06172839508346,4042.6153273809523,65.3004535147618,203.8142857142857,54.14434523809524,1650.8258928571436,7.645968614721545,38.69797548465715,979.0587797619048,5.569196428571395,0.9036796536797405,318.3916666666664,14.991694352154704,59.71217105256208,160.05714285714336,1.0,38.77254689754945,71.34
1288253648,A,4575.870098039559,360.5468409585387,304.3180827886647,4097.0,32.79271708684327,101.6470588235294,27.032169117647058,829.013823529411,3.8196524064185926,54.25932922577194,1372.7610294117646,3.3807189542474387,0.4946524064171618,170.43764705882353,14.694938440486249,57.96671826619553,160.1600000000005,0.12352941176470589,19.33778966132614,75.90975
1290253650,A,4024.944105692624,327.95844625117064,132.1657633242258,4074.955030487805,37.112369337977185,111.38414634146342,29.976181402439025,966.9146341463407,4.210920177385461,47.72664007517906,1207.4839939024391,5.313770325201616,0.6125277161863132,211.1353658536586,16.274106636410163,87.08520539144739,160.3902439024394,0.4024390243902439,21.493902439030226,81.47955
1290253654,A,4488.950980390704,356.1013071894415,226.7189542482709,4094.114705882353,34.89355742297826,104.61882352941174,27.73988970588235,869.9982352941181,3.9295454545470627,53.22866775168673,1346.6852941176471,2.8513071895408864,0.5481283422460437,200.76823529411755,14.707934336519063,63.16524767794927,159.98117647058876,1.0,19.894830659543725,79.8246
1290253654,B,4861.198830409416,378.8888888890033,226.92224388123697,4109.369152046784,64.43748259535785,194.7543859649127,50.07218567251462,1633.6780701754367,7.702950558240761,57.64267387836251,1458.359649122807,5.653427550355461,0.9037745879852009,318.7906432748544,14.838161294705332,56.87211449672142,160.13099415204735,0.1695906432748538,35.50416445151973,82.5711
1290253662,A,3772.2985074620888,310.74074074100196,260.53731343269584,4063.3716417910446,57.52949538023888,185.69910447761214,48.5009328358209,1322.0301492537296,7.078968792404778,44.7308123414727,1131.689552238806,4.037728026532173,0.8059701492538093,319.3420895522394,15.290524123564506,58.69992144534533,160.2961194029855,0.1253731343283582,33.78923563998005,75.7974
1290253662,B,4094.1354466840903,332.22222222200065,193.74533034500212,4077.864553314121,32.48113078083057,99.35100864553307,25.442182997118156,852.6164265129692,3.89559863767507,48.54706063264251,1228.2406340057637,2.686519372396545,0.5056326958344753,169.6299711815561,14.354265799874415,56.453056271759095,160.47953890489953,0.553314121037464,18.192297615921902,86.5365
1290253716,A,4496.34189325293,356.4719704598913,233.50788855325686,4094.25,64.77485253922468,201.43685800604246,53.470543806646525,1674.136858006042,7.5727822026946825,53.31630703461515,1348.9025679758308,5.190080563946023,0.9035979126614436,324.0725075528703,7.585891941259877,36.79360788674546,159.60362537764377,1.0,38.38872104734589,75.14385
1290253724,B,4810.219806763246,376.4648416532408,181.65539452491032,4107.75,63.58178053827876,193.69391304347832,49.509963768115945,1648.6147826086979,7.616205533625218,57.03817952684881,1443.0659420289855,5.160225442832379,0.906455862977689,314.5008695652181,14.687563195141902,58.231121281414936,160.31536231884104,0.5971014492753624,35.30434782607349,84.19215
1290253728,A,4691.781781781681,369.80202424666624,76.37860082304472,4103.25,62.159302159306975,200.4252252252253,51.14207957957958,1576.946846846845,7.448539448540782,55.63377606855078,1407.5352852852852,5.668585251916185,0.9063609063609934,321.0834834834839,14.903973741178326,61.01035245766264,160.4708708708712,0.5915915915915916,34.220584220599584,75.29565
1290253732,A,4719.128672745957,370.92536305309375,100.69120792523772,4104.118541033435,65.03980315532758,201.8115501519765,53.73860182370821,1776.455927051671,7.5711522520062315,55.958047502908975,1415.7386018237082,4.712512664638848,0.903564520585884,324.8765957446814,12.067576164553177,61.55695088780576,160.45714285714317,0.1702127659574468,38.183660311318015,73.5222
1290253744,A,4360.5098039215,348.6884531593554,112.57516339867664,4089.0,32.59103641455126,102.22941176470576,27.47426470588235,801.4385294117648,3.836764705883798,51.70564984889723,1308.1529411764707,2.709967320260062,0.50000000000005,167.7941176470588,14.192886456901375,59.986455108306494,160.27294117647114,0.1,19.458110516933484,78.55035
1290253748,B,4968.174486803314,384.24568263253445,322.00934071897643,4113.00439882698,63.2690964948832,195.48035190615846,50.0366568914956,1602.0536656891493,7.695147960559741,58.91115992257323,1490.4523460410558,5.476132290646177,0.9064249533458614,310.70146627565913,14.280160949322635,60.01543448057376,160.478592375367,0.20234604105571846,35.542521994131675,80.59335
1290253756,A,4685.724530167922,369.43620178045677,70.99241674909229,4103.115727002967,63.67528613820766,197.09198813056383,52.40263353115727,1611.7994065281903,7.4069328297843295,55.5619509506022,1405.7181008902078,4.918397626111203,0.9063933099542278,303.59643916913944,14.80919191221568,60.84218335149646,160.0854599406532,0.6083086053412463,37.511914396191486,79.75065
1292253506,B,4706.401846452886,370.5377389050033,89.370478350063,4103.75,64.33569346103522,197.10437317784258,50.369897959183675,1587.345481049561,7.726742645125339,55.80713651920095,1411.92055393586,4.9275186264961,0.9037900874636435,317.22448979591843,14.576581463142547,57.713288322797595,160.30787172011705,1.0,35.87154342254949,85.10775
1292253510,B,4842.222222222411,378.1481481480004,210.10582010581263,4108.870535714285,65.09212018138264,198.13571428571447,51.57738095238095,1564.8285714285726,7.8271103896165855,57.41768421796601,1452.6674107142858,5.7072585978819,0.9036796536797405,325.14166666666665,15.024916943515123,60.58074874681049,160.3714285714289,0.5833333333333334,36.31222943721521,78.38415
1292253514,A,3766.780415430149,310.5429168039701,255.63028904274782,4063.25,63.92680514344087,197.6118694362017,52.56862017804154,1611.1860534124637,7.490963042894479,44.66538042013061,1130.0341246290802,5.085311572699028,0.9009981116806908,307.8421364985168,15.096956731758535,58.326956114267645,160.11394658753758,0.16023738872403562,37.5901447711635,75.5943
1292253514,B,4085.762670565702,331.65475416918747,185.93675546868198,4077.6133040935674,33.05068226119622,100.31578947368412,25.68530701754386,821.6798245614035,3.956406166934851,48.44777870233711,1225.7288011695907,4.4558154645851005,0.9090909090909962,173.69005847953204,18.325173398611245,59.01546629727255,159.92514619883096,0.12573099415204678,18.273967747644445,85.3674
1292253518,A,3936.534701857303,322.40360595208176,53.43108504399031,4071.366568914956,64.65577433322072,198.15131964809376,52.73277126099707,1603.734897360706,7.487336710212161,46.678277097126994,1180.9604105571848,5.627647442161928,0.9064249533458614,312.14662756598227,14.908272522671059,60.351906158303564,160.44105571847544,0.5865102639296188,37.71260997068196,75.4989
1292253518,B,4867.369714847759,379.0702501911206,232.45493280894047,4109.616519174041,64.49079926954002,197.68141592920333,51.126474926253685,1617.913274336286,7.82515419686177,57.715846421107386,1460.2109144542774,5.83128482464542,0.9037275408957692,324.2713864306784,14.785621184051875,57.50426952332517,159.94336283185893,0.584070796460177,36.036470903713806,79.16385
1292253526,A,4003.3091085275005,326.0949612402154,113.01894918184279,4073.75,32.62043189369974,102.43604651162785,27.19113372093023,822.9680232558135,3.830470401692882,47.470068480575904,1200.9927325581396,2.5641957364328807,0.49947145877383425,166.16046511627943,14.6051919956678,57.77884026921752,160.00930232558193,1.0,19.470577871748016,83.08275
1292253526,B,4197.762254901706,337.95533769067634,285.5947712418113,4081.864705882353,63.53361344535903,187.64470588235307,48.0670955882353,1723.3641176470614,7.398663101618212,49.77583701465895,1259.3286764705883,5.748366013071284,0.9090909090909963,296.4952941176479,14.883036935697302,68.12770897827177,159.5670588235298,0.17941176470588235,34.67647058823012,88.4625
1292253530,B,4829.877521613833,377.57711602080104,199.13544668588176,4108.5,63.607794702875765,193.9365994236313,50.56376080691643,1572.8014409221873,7.70670683784099,57.27133191331066,1448.96469740634,5.03282100544104,0.9064710505633564,316.0933717579253,14.568058441116664,58.465038677332714,160.0829971181561,0.14697406340057637,35.53576106889062,80.78445
1292253534,A,4658.00542406287,367.78216085930114,46.34889327197358,4101.870562130178,63.802479571715054,197.7692307692308,52.58968195266272,1633.5461538461539,7.435852608932485,55.23326589797076,1397.401627218935,4.923570019721645,0.9037116729425289,304.9266272189349,15.11903123709239,59.38959825594538,160.2650887573969,0.16568047337278108,37.72727272728355,77.997
1292253542,B,4836.200690335355,377.9498137190946,204.7534516764764,4108.623520710059,63.658777120295426,192.8023668639058,51.52181952662722,1617.9576923076932,7.753899946219831,57.34634095003324,1450.862426035503,5.722797501641678,0.9064012910167626,316.56568047337254,15.094261731107053,58.04071940200408,160.15147928994134,0.1804733727810651,35.6508875739514,81.6159
1292253546,B,4203.909313725441,338.32135076267616,291.026143790865,4082.008088235294,62.1162464985966,216.33176470588245,63.393382352941174,1536.7835294117651,9.206417112309673,49.84872704023495,1261.172794117647,6.9546568627449705,0.9064171122995522,337.2517647058819,14.748290013671552,62.572755417893696,159.52941176470628,0.18235294117647058,42.49465240642094,86.37765
1292253550,B,4815.0568743832955,376.6666666670027,185.96109462554668,4107.871661721068,32.922142150616054,99.49673590504449,25.46364985163205,836.3937685459935,3.9426760183584495,57.09553605985509,1444.51706231454,3.397626112758692,0.49905584030218103,169.71157270029698,15.122489821261869,59.39130095262496,160.35133531157302,0.12166172106824925,18.110781404541836,81.88305
1292253562,B,4847.478005866013,378.3208428371202,214.78440317143142,4109.112170087977,51.27077223849471,156.8797653958944,39.84787390029326,1209.0457478005867,6.138096507603927,57.47997635413396,1454.2434017595308,3.9349136526534325,0.7358037856572295,289.2703812316715,12.778421878191853,60.55834233672599,160.93841642228787,0.5542521994134897,27.959655203045017,81.72885
1292253600,B,4712.153808110415,370.7407407410027,94.4785141224426,4103.871661721068,58.341104987986895,187.02551928783413,48.81583827893175,1380.2643916913958,7.130428918264432,55.875341598140096,1413.6461424332344,3.9453511374862,0.8011869436202554,334.61246290801154,14.987233455239979,59.67280962044099,160.50326409495588,0.5311572700296736,33.82249797678767,79.54995
1292253608,A,3513.6028684473,297.5843499284571,30.581382569515824,4054.5,64.99081531725183,201.76023738872402,53.59885014836795,1639.8979228486633,7.577555975184777,41.663275119928755,1054.0808605341247,5.643752060665455,0.9036957108174593,314.8878338278933,14.894762266228438,60.14758706849911,160.18991097922893,0.18100890207715134,38.331984533765066,74.37945
1292253608,B,3857.7793974732062,316.47446280100263,336.5165748839384,4067.3651603498542,64.95071497984603,196.925947521866,50.46191690962099,1625.651895043731,7.722634508350681,45.744419732880125,1157.3338192419826,5.626417233558564,0.9064404982773199,318.6938775510212,14.686419418262624,58.932407549436036,160.29854227405306,0.5860058309037901,35.851223606316196,79.00635
1292253612,A,3507.500000000147,297.21950689670484,25.152601281630957,4054.366568914956,64.35274403019172,200.10087976539626,53.225806451612904,1660.7366568914972,7.515595841111021,41.59090909091089,1052.25,5.5905832518718706,0.9037589976007265,312.26979472140806,14.659346654842171,58.903766013203885,160.25337243401808,0.18475073313782991,37.980982849008555,76.0131
1292253612,B,3864.0310077519484,316.8367786392642,342.0714900947065,4067.5,64.51273532666681,194.48372093023298,49.89825581395349,1609.2941860465114,7.67283298098797,45.81854949903195,1159.2093023255813,5.643168604648888,0.9038054968288393,316.04186046511734,14.618036776631055,57.71611077105729,160.2046511627911,0.1744186046511628,35.52237491190039,80.0799
1294253602,A,4602.492514970239,362.0037702372995,327.98403193607805,4097.936377245509,38.90647276876383,111.82994011976054,29.05501497005988,1085.6011976047898,4.16480675013761,54.5750100589426,1380.747754491018,6.548153692614364,0.7076755579750281,182.82994011976035,18.940259016848866,64.56744405918819,160.20119760479074,0.9431137724550899,20.887316276529898,75.89625
1294253606,B,4955.1950867051155,383.7037037039992,310.5245129522487,4112.617774566474,64.65868428293928,199.78959537572263,51.128973988439306,1657.297109826588,7.8372306884019425,58.757253992553835,1486.5585260115606,5.678387925495163,0.9064634787179009,325.79537572254276,14.752654926730845,59.65241861874503,159.95375722543403,0.16184971098265896,36.41443335083975,77.9223
1294253610,A,4739.5626822159475,372.0235395745366,118.84677680594469,4104.75,64.11772872415504,198.17842565597672,52.644861516034986,1548.5046647230324,7.434799893986648,56.200376819277494,1421.8695335276968,4.9910916747638545,0.9037900874636435,310.35918367346983,14.701335683767407,57.855992020797586,160.43848396501497,0.15743440233236153,37.57222369468527,77.1717
1294253614,B,4889.87031700291,380.1739780124212,252.4581065214723,4110.361671469741,64.20474818166996,197.6714697406338,50.22784582132565,1630.9755043227678,7.741419963330728,57.982651980259675,1466.9610951008644,4.9979987191788515,0.9064710505633564,323.9204610951003,14.450774076797957,56.86561504622025,160.4057636887613,0.13256484149855907,35.995109597403946,82.7115
1294253796,A,4759.023323615248,373.3344131299973,136.14728431055684,4105.620991253644,63.63598500626697,197.32128279883372,52.447157434402335,1627.1072886297382,7.420885237214664,56.43110660413271,1427.706997084548,4.941690962097677,0.9037900874636435,308.5877551020404,14.637602549321898,57.56483044340447,160.40116618075845,1.0,37.50066260270434,76.905
1294253800,B,5130.9429824562285,396.6666666670028,139.31773879139487,4121.36769005848,61.44527986630836,184.40701754386012,46.90332602339181,1885.2280701754373,7.25917065391045,60.84122113583537,1539.282894736842,4.439977257957636,0.9064327485380986,315.2456140350874,14.820481436142552,59.66374268999158,160.6736842105268,0.5935672514619883,32.97625376572026,91.1934
1294253808,A,5453.742937851863,414.98012136431953,96.11006486713868,4133.75,31.40973903686867,97.71525423728805,26.016066384180792,765.8211864406774,3.6720595788404284,64.66888859113202,1636.1228813559321,2.7216729441295793,0.5110426296867483,173.5841807909604,14.289186703448832,57.32456140344775,160.1084745762717,0.096045197740113,18.555041944861824,78.34545
1296253506,A,4744.255424061241,372.3898750822486,123.03528380423745,4104.872041420118,32.56128486898995,101.04142011834315,26.83801775147929,820.338461538462,3.7916890801521634,56.25602240568003,1423.2773668639054,3.124999999999792,0.49488972565900596,161.8698224852074,14.764689693125773,58.815400186799735,160.2934911242608,0.13609467455621302,19.159942621487037,75.6678
1296253510,A,5395.530538302142,411.65976535523936,44.39613526569533,4131.5,73.39100857736084,209.70931677018746,53.70729813664596,1611.0512422360227,7.804065499719199,63.9786229838266,1618.6591614906831,5.229899930985134,0.8977978543196798,351.15652173912997,7.8607540083735685,62.93886891133857,159.29440993788856,0.10248447204968944,38.12064746846964,77.59695
1296253518,A,4664.017223910942,367.9612743442917,51.689744455707846,4102.120820668693,65.52178318137778,203.1720364741646,54.06439969604863,1652.4264437689978,7.644376899699178,55.304552062174956,1399.2051671732522,5.897500844308443,0.9063277148384402,319.52340425531975,15.51495016610676,59.31930891051519,160.1556231003044,0.16717325227963525,38.726167449569985,79.37745
1296253522,B,5057.750000000143,392.22751322730005,74.245502645509,4118.375714285714,61.945578231268755,192.71314285714303,49.388392857142854,1560.857999999999,7.58805194806278,59.973320158108585,1517.325,5.04444444444192,0.9090909090909961,303.25599999999986,14.548837209296492,57.17406015032365,159.99085714285766,0.6314285714285715,35.16883116882722,86.8125
1296253530,B,4961.669068203285,383.88515316480647,316.23012061051867,4112.865273775216,64.70426787427515,197.89971181556191,50.69164265129683,1646.777809798273,7.774692166640436,58.83402057158676,1488.5007204610952,5.703250080048983,0.9064710505633564,323.3556195965412,14.218215937262292,60.90512664942307,160.45187319884784,0.17002881844380405,36.071958780885424,80.27625
1296253534,B,4973.1564102564,384.6165242163759,326.4934472933419,4113.123076923077,34.3589743589634,105.36369230769228,26.927884615384617,892.4759999999997,4.152587412589106,58.97023411373349,1491.946923076923,2.850854700853296,0.48951048951053877,167.83630769230749,15.357423971371334,61.038866396701366,160.20676923076957,0.09538461538461539,19.119813519813228,81.7032
1296253538,A,4585.42906745997,360.9226190476929,312.676366843018,4097.367559523809,63.596938775529104,197.48571428571427,52.451636904761905,1665.3464285714294,7.435606060607785,54.372676689260494,1375.6287202380952,5.143022486770959,0.9063852813853683,310.2249999999996,14.882336655587743,59.76268796986409,160.7523809523813,0.5565476190476191,37.73448773450027,81.09105
1296253538,B,4936.0263929621415,382.9629629630035,293.48756381018745,4112.117302052786,62.19941348972058,198.95014662756614,49.489552785923756,1574.0903225806449,7.561316982139307,58.529957228793954,1480.807917888563,5.513603779731405,0.9037589976007265,324.1677419354845,14.685944213320605,59.08820805674084,159.77478005865157,0.1495601173020528,33.09162001244497,81.31305
1296253546,B,4872.329931974316,379.4298671849996,236.87938667559231,4109.75,32.897403859490694,100.7545189504373,25.76530612244898,862.0250728862968,3.9704479194412183,57.77466322494404,1461.6989795918366,3.2470845481036426,0.5009276437848367,170.17142857142855,14.549460980398496,56.778809268011294,160.15860058309082,0.5481049562682215,18.30020319815519,82.73565
1296253550,A,4591.678885630821,361.2946671008215,318.3012924948943,4097.620967741936,60.74849881303779,187.48504398827015,49.875366568914956,1576.0002932551326,7.035857104773478,54.44681418288972,1377.5043988269795,5.021994134895176,0.9090909090909963,305.3724340175946,14.69412807746857,53.00972372273874,160.54428152492716,0.6334310850439883,35.40300364348325,77.87115
1296253550,B,4948.822674418605,383.5034453057264,304.8557278207884,4112.5,64.72314507195955,199.7197674418604,51.09738372093023,1613.8857558139537,7.825449260057676,58.68169179152372,1484.6468023255813,5.669815891471707,0.9064482029599178,325.5325581395351,14.683612763650814,58.006425948531486,160.06511627907034,0.15988372093023256,36.31166314304837,81.4959
1296253558,A,4571.054067460536,360.1807760139292,299.8963844797199,4096.866071428572,65.70294784582015,204.1892857142857,54.263392857142854,1616.2133928571448,7.666801948054759,54.20222214380179,1371.3162202380952,5.182705026452682,0.9036796536797405,322.05833333333277,14.886489479506618,59.50892857137414,160.01904761904802,0.5922619047619048,38.74098124099381,77.34555
1296253558,B,4894.945919372067,380.54080629294145,256.9758549111985,4110.5,32.79112234863247,100.51681415929201,25.42772861356932,840.9044247787614,3.946902654870588,58.042836988570485,1468.4837758112094,3.2751556866594074,0.4987932421561239,171.5020648967552,14.735542292647153,58.960953268080466,160.4153392330387,0.12094395280235988,18.306963439701473,84.9201
1296253604,B,4854.839471199291,378.68534256667976,221.26114783331178,4109.25,65.84648590312125,197.7416430594899,50.2921388101983,1659.8422096317292,7.775946433186603,57.56726645689667,1456.4518413597734,5.038558388414531,0.9013649240278999,344.4634560906509,7.220502009352498,55.94118085577083,160.64362606232336,0.13031161473087818,35.827968065915435,76.1958
1296253608,A,4455.145259940583,354.0740740740002,196.63608562706384,4092.6292048929663,32.95179845639362,103.64770642201827,27.56307339449541,847.1944954128447,3.8917153183223836,52.82780940639755,1336.5435779816514,2.5832483860002164,0.4670558798999638,162.56269113149827,8.02005547258284,67.43320457099712,159.52048929663638,0.5871559633027523,19.647854693717083,81.66405
1300253506,B,5867.568597562471,439.43992773265916,134.7606142726772,4150.368902439024,33.475609756086,102.61829268292671,26.020388719512194,880.37743902439,4.083287139699873,69.57594235034684,1760.2713414634147,2.6757283197819235,0.4822616407982747,177.88536585365844,11.42725467951898,60.98603979455285,160.25365853658585,0.0975609756097561,18.682557280118896,85.2402
1300253514,B,6183.695238094035,457.95132275137126,90.14179894182055,4162.861428571428,33.346938775496874,102.21599999999985,26.25089285714286,849.921428571429,4.060519480531909,73.32444946355577,1855.1085714285714,2.6873015873000607,0.5038961038961541,169.56800000000018,14.358139534878465,56.88571428565559,160.41142857142896,0.09142857142857143,18.561904761904287,72.7095
1300253518,A,5626.334830339371,424.6207584828929,249.64071856281151,4140.36377245509,64.47676076419964,200.094610778443,53.276571856287426,1654.5691616766467,7.625204137181693,66.71543277082894,1687.9004491017963,5.770126413837538,0.9036472509527269,312.1832335329347,14.878150675388007,60.751654585504895,160.5365269461083,0.18263473053892215,38.21266557794442,73.0692
1300253518,B,5850.513565891133,438.69186046542586,119.50043066322105,4149.75,70.93438538205518,199.747674418605,50.14080668604651,1508.9938953488365,7.605047568712207,69.3736786469419,1755.1540697674418,5.817587209301504,0.9090909090909962,341.42906976744223,14.551784748506467,58.35029069761592,159.79534883720981,0.14825581395348839,35.33562367865109,83.4975
1300253522,B,6029.76995305318,448.5185185190029,278.97339593132597,4156.366197183099,32.94969818912255,101.43887323943656,25.964788732394368,835.7754929577458,4.0298335467501625,71.49924845513951,1808.930985915493,2.7769953051631866,0.5044814340589491,172.8112676056337,14.464461185712622,58.48480355814403,160.1442253521133,0.09295774647887324,18.323516858727608,81.1914
1300253526,A,5620.174927113644,424.4444444440012,244.15073966086044,4140.116618075802,64.45925308899668,199.7912536443153,53.29172740524781,1641.445189504371,7.537635833556728,66.64239044009092,1686.0524781341107,5.039682539681639,0.9037900874636435,312.29387755102096,14.58742965624106,59.92557925419404,160.47580174927148,0.14868804664723032,38.0925876844331,76.26435
1300253526,B,5875.741279070175,440.0,141.98320413452575,4150.615552325581,32.000276854917466,97.52441860465102,25.056322674418606,870.9357558139541,3.85901162790962,69.67282149093992,1762.7223837209303,2.6033591731252055,0.5047568710359912,171.22325581395356,14.721471065433786,57.00313647486068,160.07441860465153,0.5494186046511628,17.76074700493081,85.5468
1300253600,A,5671.79824561386,426.8421052633126,290.03898635476946,4141.863304093567,64.20913394598817,201.8982456140357,53.690606725146196,1618.1236842105272,7.591041998939796,67.2545246515585,1701.5394736842106,5.066195581544946,0.9090909090909962,314.3777777777786,14.734122127017438,57.273776546568655,159.9906432748543,0.5994152046783626,38.50345560871813,73.5165
1300253620,A,4763.947761192566,373.5157545605074,140.52846876714972,4105.868656716418,32.47619047620121,100.97552238805967,26.815298507462686,836.8235820895519,3.795929443692003,56.48949914458941,1429.1843283582089,3.152985074626447,0.48303934871103904,163.67044776119388,14.958694897600372,59.41791044769899,160.46805970149296,0.5343283582089552,19.240162822258768,73.72125
1302253578,A,2239.311274509765,217.2080610019704,218.30936819174414,4000.2573529411766,62.87675070030701,201.32117647058865,53.638786764705884,1633.2052941176444,7.567379679147544,26.553098116720108,671.7933823529412,4.757352941174346,0.9090909090909963,294.5517647058825,15.219562243495682,57.779024767741205,159.95294117647109,0.19705882352941176,38.24242424240564,88.0587
1302253764,A,2245.316004077278,217.4074074070004,223.59044059349287,4000.374617737003,65.8730158730437,204.47706422018388,54.40271406727829,1722.6550458715617,7.682374200725824,26.62430044360886,673.5948012232416,5.492269792726083,0.9063108145677824,309.0874617737004,15.309010738916246,60.825688073336124,160.13700305810428,0.5749235474006116,38.98341210267309,82.6446
1302253772,B,2297.2418879070815,219.80989839415903,269.6165191739806,4002.1165191740415,32.78971765696315,99.28495575221233,25.496865781710916,829.4115044247787,3.9443550549761044,27.24002238623575,689.1725663716815,3.3517699115026818,0.5014749262537375,169.58584070796456,14.749262536869704,60.26859183351006,160.75516224188834,0.12094395280235988,18.128184499862915,88.90305
1302253784,B,2609.2702169623376,237.95857988169817,210.15340784571012,4014.3653846153848,64.27303465762951,194.01301775147957,49.72448224852071,1662.9230769230783,7.663663259838466,30.93996304698304,782.7810650887574,5.608563445100468,0.9064012910167626,310.8828402366875,14.886473097557548,59.46979134219281,160.56804733727847,0.5828402366863905,35.45544199389777,90.11925
1302253792,A,2371.5848214268135,223.8844797179285,335.64594356261904,4004.8668154761904,32.864229024953886,100.85357142857137,26.861049107142858,843.4562500000003,3.8892045454561646,28.12155914736004,711.4754464285714,3.467261904761456,0.4978354978355477,169.70833333333343,15.02353266887495,62.57988721798066,159.52380952381003,0.13392857142857142,19.18921356421493,79.0554
1304253506,B,2457.8792415167663,230.5466844088902,75.61543579508225,4009.122005988024,64.70915312230561,195.33053892215582,49.23559131736527,1708.7137724550896,7.668753402288735,29.144813140521876,737.3637724550898,5.015801729871719,0.9036472509527269,318.8227544910175,15.187996100815935,59.374015127595555,160.18203592814413,0.1407185628742515,35.68045726727592,99.87045
1304253518,B,2615.3908554569025,238.3218616848415,215.607997377897,4014.5,91.93847450466532,301.3769911504425,71.06102507374631,1732.8539823008853,11.057656208106026,31.01253978802963,784.6172566371681,5.206899377252082,0.9064092249933827,339.5103244837761,14.821293819022875,59.004424778694066,160.3115044247793,0.5575221238938053,47.61687673193021,86.9931
1304253534,A,2155.0224550912594,212.03371035703015,187.39853626085613,3996.8667664670656,32.87282577702966,101.78443113772452,27.047155688622755,806.6227544910181,3.8742514970073687,25.553625949658556,646.5067365269462,3.302561543578113,0.4953728905825211,166.37365269461074,14.994429745155154,59.6438701543688,160.1820359281441,0.12574850299401197,19.344039194341367,79.31835
1304253550,B,2265.4893410850286,218.32364341100325,241.5590008612818,4001.1133720930234,64.01439645623628,195.3697674418611,49.77198401162791,1631.9686046511656,7.676268498957648,26.86350997334675,679.6468023255813,4.980620155036201,0.9038054968288393,317.29534883720913,14.54502433747466,57.75130048953952,160.3813953488378,0.13953488372093023,35.64393939393139,91.2012
1304253554,A,2164.7557905338967,212.59259259299955,196.02103614189727,3997.1231117824773,65.32872967920957,203.53232628398803,54.147469788519636,1649.558610271903,7.651881351279572,25.669040994464684,649.4267371601209,5.16238670694717,0.90634441087622,312.92326283987956,15.242043139174983,61.43266020029385,160.26102719033278,1.0,38.76956879977827,84.1734
1304253554,B,2396.301932367073,227.41706924276517,20.818035426732386,4007.123188405797,59.446514837796684,179.77043478260896,45.2536231884058,1595.8460869565224,7.038076416346088,28.414647419366503,718.890579710145,4.048711755231856,0.906455862977689,306.40115942029,14.574317492409932,50.431731502629724,160.25043478260918,0.6434782608695652,32.11506368027295,101.4648
1304253558,B,2271.7986314758946,218.6912132076513,247.14021939824062,4001.25,63.97290881162044,195.1917888563057,50.71206011730205,1621.0961876832812,7.527992535339632,26.938323693396974,681.5395894428152,5.705848810684773,0.9064249533458614,312.63108504398815,14.600695628448944,57.635823429486116,160.1032258064521,0.18475073313782991,36.384075357676174,91.3698
1304253562,A,2144.24441205035,211.6553287980002,177.78857574783365,3996.5,64.15937803694916,199.13352769679352,52.988338192419825,1632.1556851311962,7.528359395708035,25.425823067784478,643.2733236151604,4.974084872042344,0.9064404982773199,307.7632653061229,14.592175740719982,59.51281264378967,160.33586005830935,1.0,37.93091262479515,81.01605
1304253562,B,2401.278269420029,227.5964164753864,25.359991259703108,4007.368731563422,44.954347520699635,143.72743362831898,36.26290560471976,1171.9327433628334,5.611558058469022,28.47365536861423,720.3834808259587,2.81588003933051,0.7052829176723668,270.53451327433646,14.811689648068391,50.386974072309464,160.09439528023645,0.16224188790560473,24.875301689454137,96.76815
1304253566,A,2790.0024801601808,251.8518518519996,29.34744268076987,4023.6168154761904,33.14484126985211,103.79642857142842,27.659040178571427,878.8696428571436,3.957927489178843,33.083033361551735,837.000744047619,3.4387400793646403,0.5032467532468036,171.21666666666667,14.896871539307218,59.00415100244788,160.2857142857147,0.12797619047619047,19.768217893222875,76.1466
1304253568,B,2292.1774193550436,219.62962962999916,265.28293689579493,4001.8702346041055,64.57059069960141,194.5759530791794,49.88819648093842,1607.3832844574788,7.686616902162386,27.179969399471496,687.6532258064516,5.028510915603937,0.9090909090909963,318.87155425219953,14.658664666161549,60.459947522708696,160.78826979472177,0.5894428152492669,35.48209366390887,91.12125
1304253572,A,2150.3486646881006,211.8518518519996,183.22453016816928,3996.6216617210684,64.7279920870661,200.33234421364995,53.278004451038576,1596.3151335311575,7.545589425413078,25.498205510133918,645.1045994065282,5.849406528187441,0.9063933099542278,314.8379821958466,14.830584500717377,60.35178822421658,160.29436201780462,0.599406528189911,38.100890207719374,78.22545
1304253572,B,2463.753623188435,230.74074074100054,80.89533011272121,4009.3659420289855,62.4899930986713,188.54260869565275,47.99184782608695,1602.5495652173936,7.466139657442073,29.214469840185533,739.1260869565217,5.852657004829122,0.9038208168643818,315.9211594202891,14.602628918093691,57.755530129626095,159.86086956521797,0.5942028985507246,34.56389986824046,96.01515
1306253578,A,2545.8309108525577,234.81912144721,153.80921619298823,4012.1170058139537,63.59357696570225,199.36046511627933,53.11954941860465,1564.3421511627903,7.530258985202546,30.187747035563962,763.75,4.793281653746209,0.9090909090909962,299.1116279069763,14.432801514327306,58.55301407583056,160.4651162790703,0.627906976744186,37.982734319937805,77.6058
1306253582,A,3229.178814381106,278.3187560740018,89.58427815569641,4041.5,32.69471053728428,101.89504373177832,27.138301749271136,816.566763848397,3.85886562417292,38.29065787803713,968.7536443148688,2.664399092969332,0.49827723297116033,167.75510204081627,14.696589599288082,56.96064139936655,160.19591836734753,1.0,19.331213004689758,74.0073
1306253590,A,2255.858283433473,217.95298292308976,233.14703925492896,4000.75,32.44083262048296,99.86227544910172,26.634543413173652,860.6973053892225,3.7563962983140464,26.749307708716657,676.7574850299401,3.347055888222214,0.487207403375117,163.80000000000024,15.136471243551483,59.208950519967324,160.12455089820406,0.11976047904191617,19.126292868811642,79.4673
1306253764,A,2556.6592702151756,235.35393381557355,163.5371466139234,4012.5,33.124823894066886,103.61538461538457,27.47965976331361,829.4538461538457,3.9326250672408287,30.316117828634365,766.9977810650887,3.171433267586717,0.49488972565900596,165.1005917159764,14.94151644419469,58.59545312980121,160.1325443786986,0.5443786982248521,19.662004662008542,73.66995
1306253772,A,2920.940233236385,258.8888888890016,145.50048590862116,4028.3702623906706,64.25100652508503,199.95918367346994,53.229774052478135,1630.4615160349877,7.542274052479699,34.63565493956648,876.2820699708454,5.736151603496815,0.9037900874636435,312.27755102040794,14.651162790690455,59.13111861280333,160.24256559766815,0.1661807580174927,38.04929764113595,83.9604
1306253780,A,2925.7739861527302,259.06912847558596,149.66479832942744,4028.61646884273,32.967359050458185,102.69792284866459,27.35997774480712,841.4278931750736,3.862287564069143,34.69297216782868,877.7321958456973,3.227002967358309,0.4909630428918755,165.10029673590515,14.91339452072915,60.48180540366543,160.12344213649905,0.5845697329376854,19.539609747327255,81.7716
1306253800,A,2476.0724852073376,231.28205128176893,91.777339469654,4009.75,65.0845308537863,200.96094674556258,53.53365384615385,1633.0615384615376,7.593060785371001,29.36054330285611,742.8217455621302,5.632396449701441,0.9064012910167626,316.7810650887565,14.775010320620066,58.52148863277273,160.29349112426073,0.1834319526627219,38.35664335664779,73.90005
1306253804,A,2429.050445103977,229.06033630063118,50.02088141554553,4008.123887240356,65.66341670201918,205.8017804154303,54.76632047477745,1627.3646884273005,7.785945508500297,28.802969704789295,728.7151335311572,5.583168480051065,0.9009981116806908,320.77863501483733,14.97067145123912,58.82516008115241,160.3038575667661,1.0,39.084614692925044,75.2157
1308253522,A,2422.7928571427997,228.69100529131495,44.44021164021173,4008.0007142857144,63.69523809526759,199.1348571428572,53.044642857142854,1563.498857142855,7.4894805194835135,28.728769057030586,726.8378571428572,4.775396825395187,0.9090909090909961,307.6160000000009,14.389368770758315,57.22330827061048,160.35657142857178,0.5542857142857143,37.80432900432289,81.32145
1308253526,A,2481.4240196085298,231.62200435705628,96.45969498910635,4009.9308823529414,40.81512605043123,117.50823529411768,30.423713235294116,1136.2076470588238,4.433957219252092,29.424000232499495,744.427205882353,7.246323529411112,0.7352941176471303,192.2364705882351,18.635430916551442,59.67995356032245,160.32000000000045,0.3029411764705882,22.00267379679305,74.93835
1308253542,B,2593.3382352944705,237.21459694967578,196.19172113305837,4013.864705882353,32.35714285713297,97.81058823529409,25.07077205882353,831.3882352941173,3.833021390375586,30.75104626828861,778.0014705882353,2.5816993464044735,0.4973262032086059,165.76823529411772,14.701094391239067,58.930727554114085,160.15058823529463,0.09117647058823529,17.826203208553228,91.52745
1308253546,A,2551.9756838904864,234.99493414387433,159.2344928515016,4012.3670212765956,67.37154436245459,211.17082066869295,56.10372340425532,1719.6273556231001,7.952196739431472,30.26061126661791,765.5934650455927,5.348699763592191,0.903564520585884,316.78297872340397,15.260479253546507,61.160214365638325,159.9221884498485,0.5683890577507599,40.182370820672325,73.7877
1308253550,A,2282.527527528951,219.0712935156662,256.86353019714494,4001.6171171171172,32.58115258116637,101.67567567567556,27.05611861861862,817.8522522522517,3.8587223587225505,27.06554380470102,684.7582582582583,3.396312979644983,0.49413049413054366,170.34594594594572,14.864166492069376,59.28718191870287,160.1633633633639,0.12612612612612611,19.402129402134797,81.63045
1308253554,A,2434.6902654864007,229.25925925899955,54.94591937071325,4008.3672566371683,59.68675375757101,191.89380530973483,51.19100294985251,1395.463716814159,7.1586216143766555,28.86987419404092,730.4078171091445,3.9134709931145077,0.8098685974792952,324.2053097345136,15.18625231528376,58.153237074938275,159.95280235988258,0.5427728613569321,35.63779386788544,74.68635
1308253576,A,2251.157684630779,217.58593923254193,228.7513861166524,4000.615269461078,64.4211576846547,199.63113772455142,53.154004491017965,1715.0892215568842,7.504627109420416,26.693569382976012,675.3473053892216,5.706503659345238,0.9036472509527269,308.8383233532939,15.17615930928019,59.03167349506843,160.27784431137763,0.5958083832335329,38.18091090546794,82.22865
1308253584,A,2361.0788690472914,223.5163139329581,326.54761904756816,4004.5052083333335,64.768990929738,203.33928571428618,54.147135416666664,1547.7428571428577,7.702516233768232,27.996982636918265,708.3236607142857,5.1244212962940265,0.9090909090909963,301.2416666666659,12.882751937978853,58.53148496235363,160.26666666666716,0.21726190476190477,38.668831168821484,77.01615
1308253592,A,2319.8008849572584,221.65519501784092,289.65803561667633,4003.25,32.8332630987652,102.15929203539817,27.225294985250738,841.7787610619472,3.856663984984135,27.50752037498301,695.9402654867257,3.2829400196640677,0.49611155805851037,166.46371681415923,14.872058722639885,61.562257413383286,160.35870206489727,0.584070796460177,19.425225708402323,79.19445
1308253596,A,2440.1656473002777,229.44274549784376,59.99773473780582,4008.619266055046,33.92893548857983,105.51559633027512,28.08868501529052,861.601834862385,3.9642757853782618,28.934800739767635,732.0504587155963,2.7034488617044063,0.48095635251603397,171.69908256880746,12.63423654077975,61.438918396852486,159.93149847094838,0.09785932721712538,20.118617366325125,72.84
1310253570,A,2785.2168615984206,251.65150530628392,24.86463071258054,4023.372076023392,65.24087997774639,202.90526315789543,54.036001461988306,1653.3719298245603,7.645933014356986,33.026286896414454,835.5650584795321,5.678606237815636,0.9064327485380986,317.4479532163744,14.536923704603536,58.521852877758235,160.14970760233976,0.1783625730994152,38.58763069289539,78.8031
1310253586,A,2959.952020203396,260.9180695848163,180.03591470233414,4029.75,32.40115440116304,100.02545454545456,26.543560606060606,801.426363636363,3.823002754821331,35.09824529883176,887.9856060606061,4.327861952860595,0.8787878787879634,163.62181818181844,19.02325581395173,60.08811802227947,159.9418181818186,0.11515151515151516,19.051423324156627,76.392
1310253590,B,4057.297830376274,330.16984440044433,160.65088757383776,4076.5,33.59960552266926,102.87692307692303,26.368343195266274,867.3692307692307,4.069930069931448,48.11028018803938,1217.1900887573966,3.283612754766389,0.5002689618074734,173.4343195266272,11.31966423558159,59.852460292692044,160.2272189349116,0.11242603550295859,18.69912139142287,83.40015
1310253788,B,5135.774161736095,396.84418145971836,143.62919132136722,4121.614644970414,32.73034657648879,98.96094674556205,25.376294378698226,845.5500000000006,3.896853146854081,60.898507846656905,1540.73224852071,3.372781065087897,0.49488972565900596,171.28047337278088,14.713086555657132,60.49283712231952,160.1514792899413,0.12130177514792899,18.032096109018426,85.35075
1310253816,A,2755.858134920982,247.94863315701778,340.648148148042,4020.8727678571427,32.92091836735568,102.16428571428571,27.099144345238095,822.8767857142861,3.862283549784974,32.67815970261121,826.7574404761905,3.2382605820096133,0.4924242424242918,165.27499999999998,15.116279069759452,58.41204573928786,160.12380952380997,0.12202380952380952,19.437229437236358,76.1949
1310253820,A,2798.3455165695614,252.39008013868278,36.76846437079569,4023.870614035088,33.003341687560834,103.02456140350864,27.491776315789473,845.7412280701759,3.8867623604481922,33.181962647078805,839.5036549707602,2.664473684209916,0.4997341839447602,166.34619883040946,14.589963280288927,58.30794090482709,160.34619883040972,0.09649122807017543,19.68279284069464,76.88055
1312253522,A,2677.7168615985966,241.48148148099972,271.0158111327982,4016.62134502924,64.46115288223149,199.13333333333395,52.92489035087719,1556.248245614035,7.497740563532453,31.751583339116642,803.3150584795321,4.97888239116194,0.9064327485380986,306.73918128654947,14.94220046238923,57.41651277311894,160.33684210526357,0.15497076023391812,37.91688818004375,81.8646
1312253530,A,2751.180966469468,247.58273065954444,336.31602016219784,4020.75,65.08030431109104,202.19289940828392,53.66863905325444,1604.1115384615393,7.643356643359379,32.622699207134076,825.3542899408284,5.539529914528161,0.9037116729425289,311.95976331361027,14.931195816699445,58.03098723134013,160.01893491124292,0.1834319526627219,38.404159942634664,75.49515
1312253546,A,2738.8872403561727,247.03703703699856,325.44015825912186,4020.3694362017804,63.96071781830763,199.42789317507408,52.9339762611276,1668.9569732937703,7.546128945241001,32.47692379869677,821.6661721068249,5.07624464226615,0.9036957108174593,307.20237388724075,14.820923331718165,60.071450882350156,160.4842729970331,0.5548961424332344,37.94712705692817,78.15405
1312253554,A,2885.6076388888696,256.84854497369446,114.01455026475222,4027.1168154761904,32.07199546486548,99.10357142857137,26.400669642857142,800.1035714285707,3.7255140692653597,34.21675018822897,865.6837797619048,2.5686177248668485,0.48971861471866385,160.64166666666674,14.964700996672683,60.51535087712889,160.1619047619052,0.5595238095238095,18.836580086582494,82.89015
1312253566,A,2745.0616370807984,247.21893491102279,330.8656585579827,4020.6168639053253,64.89433643281768,202.21065088757433,53.66771449704142,1638.5884615384603,7.604760623993753,32.550137989094445,823.5184911242603,5.655818540432362,0.9037116729425289,312.30769230769306,14.622265033709827,58.15906259726802,160.0378698224858,0.5946745562130178,38.38443607675588,74.89275
1312253596,A,2914.910368217267,258.6983204137396,140.15503875971808,4028.25,64.27740863789556,197.0720930232561,52.38917151162791,1649.0084302325588,7.419397463002919,34.56418328891173,874.4738372093024,5.152616279068519,0.8985200845666824,324.50697674418575,7.26473769604881,29.286260709887948,159.4325581395354,0.1511627906976744,37.581042988021025,81.4992
1314253568,A,5490.039682541193,416.6666666670029,128.67945326257194,4134.871279761905,32.72392290250093,101.57142857142856,26.955915178571427,819.9633928571434,3.804653679655272,65.09928477319161,1647.0119047619048,3.185763888886968,0.4924242424242918,164.54166666666646,14.835963455144881,60.286262531259105,160.02857142857195,0.5386904761904762,19.31006493506157,71.32785
1314253572,B,5802.919103313538,436.46956898419035,77.19948018194263,4148.3647660818715,61.826789195193044,197.23508771929878,49.34758771929825,1608.2368421052618,7.537480063797543,68.8093174305966,1740.875730994152,5.726526965559699,0.9064327485380986,328.92631578947334,14.844281245743229,58.46837488452654,160.33684210526354,0.5789473684210527,32.90359737728781,86.14785
1314253576,A,3752.714570858203,309.80372588176607,243.12929696163198,4062.75,64.40832620476132,199.46586826347337,53.10909431137725,1694.3164670658684,7.517147523138353,44.498591749319466,1125.814371257485,5.7023453093781376,0.9036472509527269,313.2311377245502,14.988859490315209,59.84714780958758,160.55568862275487,0.18263473053892215,37.88241698419357,78.6927
1314253588,B,3610.6911177641914,302.0314925703833,116.89953426483534,4057.61751497006,65.6444254348215,198.0143712574853,50.73446856287425,1676.6263473053905,7.79218835059195,42.814519182968226,1083.2073353293413,4.874001996007233,0.9036472509527269,314.6227544910176,14.950563988297663,60.19618657415864,160.15329341317417,0.5868263473053892,36.12592995825628,88.74105
1314253592,A,3347.560916179357,284.81481481500185,194.69785575056423,4045.8691520467837,64.4722918407385,200.06315789473686,53.11129385964912,1614.8964912280678,7.511297182352423,39.694427108629256,1004.2690058479532,4.905376868094778,0.9037745879852009,306.4935672514619,14.78444172446042,57.918975069206454,160.19649122807076,0.15497076023391812,37.85397838030172,71.70675
1314253592,B,3689.0185185183614,305.72839506199944,186.5082304526196,4060.004861111111,61.16137566135634,187.26666666666668,48.01649305555556,1553.6083333333318,7.379545454551398,43.7433025911294,1106.7055555555555,4.680169753084679,0.909090909090996,304.6088888888888,14.054909560717205,56.32529239759885,160.4177777777782,0.17777777777777778,34.00084175083978,92.80575
1314253596,A,3275.801376598024,280.3703703700009,130.9231945810266,4042.868731563422,65.01193987921967,203.7557522123893,54.059734513274336,1604.4070796460192,7.659157951194738,38.843494584163096,982.740412979351,5.680104883642945,0.9037275408957692,323.2884955752207,14.6984976332526,58.23435801888736,160.40589970501523,0.5811209439528023,38.76463752571383,70.60155
1314253604,A,3452.22058823547,292.3932461874345,287.79738562089693,4051.0,64.21288515407815,199.33411764705872,52.963235294117645,1636.2679411764702,7.52098930481455,40.93542199488276,1035.6661764705882,5.054330065357979,0.9064171122995522,308.61764705882405,14.803693570445535,58.133126934922885,159.962352941177,0.1588235294117647,37.888591800365575,72.93855
1314253604,B,3783.9035087705247,311.2876326616121,270.862031622478,4063.75,32.283486494001785,97.74035087719295,25.046600877192983,817.209649122807,3.85260499734336,44.86842105262304,1135.171052631579,3.2362735542544714,0.48910154173316966,165.45380116959058,14.815721474222585,53.52146814399214,160.1777777777782,0.5350877192982456,17.90891369838049,86.5368
1314253612,B,3810.7746823073603,313.13239926129677,294.76050830877165,4065.0,32.551319648083314,99.5296187683284,25.482954545454547,870.2604105571844,3.953345774474128,45.18708054661801,1143.233137829912,2.6010101010088893,0.5011996800853606,168.51730205278625,14.86257928117817,57.71646859077502,160.30967741935532,0.093841642228739,18.162267839679473,84.1677
1314253628,A,3239.038275193779,278.6993970717923,98.2838070628778,4041.8670058139537,63.294573643438,196.69534883720937,52.393713662790695,1611.300872093025,7.41834038055112,38.407568480555184,971.7114825581396,4.796107881135541,0.9064482029599178,305.06976744186113,14.547728501885251,58.71787025698164,160.10232558139575,0.561046511627907,37.48590556731298,74.2179
1314253794,A,5683.460038984852,427.54385964894794,300.4851635260223,4142.207602339181,38.40155945418571,114.98596491228055,31.257309941520468,1265.595614035088,4.365231259970265,67.39280678640814,1705.0380116959063,7.5243664717332726,0.7628920786816262,235.54385964912262,18.966408268724443,56.809787626901745,160.14970760233965,0.8654970760233918,22.213361687050615,72.7047
1314253794,B,5844.290573371953,438.32847424700293,113.95529640432936,4149.615889212828,64.61196723584948,197.51020408163288,50.66053206997085,1677.9892128279869,7.781208587347761,69.29988822181501,1753.2871720116618,5.594428247487513,0.9090909090909962,327.33877551020345,14.478947725262891,58.928955040604116,159.8880466472308,0.16326530612244897,35.87772771445459,85.0494
1314253798,A,3088.0759803919113,267.0370370369981,294.0893246188054,4033.872058823529,64.0420168067449,199.2670588235297,53.001838235294116,1676.0479411764727,7.536497326203759,36.61750174378385,926.4227941176471,5.69362745097817,0.9064171122995522,312.4882352941185,14.712722298217011,58.82469040241914,159.84941176470653,0.6,37.935828877017784,77.07285
1314253822,A,5116.43137254897,395.74183006561736,126.424836601206,4120.869852941177,71.00280112046146,201.3458823529413,51.315257352941174,1680.1658823529408,7.460160427808628,60.669175773068694,1534.9301470588234,4.912173202612722,0.9064171122995522,321.4235294117647,16.008207934328517,59.09752321975446,159.9717647058829,0.5647058823529412,36.328877005344125,80.0472
1316253792,A,3190.491642084277,276.105102152195,55.1578717360525,4040.000737463127,64.29835651077278,199.9681415929207,53.19505899705015,1689.1371681415906,7.5215875569880435,37.83194585329285,957.1482300884956,5.773107177972941,0.9090909090909963,313.97168141592914,14.84187418535611,59.75469647564114,160.32094395280285,0.5870206489675516,38.13712344686782,71.7519
1316253804,A,3201.576086954936,276.66666666700115,64.66988727856602,4040.373447204969,34.102336586816506,105.66335403726706,28.066770186335404,847.5717391304341,3.982072275552023,37.96338349739564,960.473602484472,2.664768806072021,0.47995482778096316,169.15652173913057,13.931821464688591,90.68077803194728,161.23229813664653,1.0,20.06869941652822,70.40445
1316253826,A,3081.992110453994,266.83979837841787,288.60618014463864,4033.75,64.77740208511676,201.0958579881661,53.48095414201183,1633.5115384615374,7.574502420656799,36.545360993521975,924.5976331360947,5.646367521364967,0.9037116729425289,312.6224852071013,14.77501032062184,59.957567735845,160.20828402366914,0.5887573964497042,38.27147211763467,75.4695
1316253838,A,3093.089250493018,267.22112645167323,298.4505807583284,4034.119082840237,32.39644970415298,101.50295857988152,27.01460798816568,859.8923076923074,3.8265196342121577,36.6769476343164,927.926775147929,3.357988165680176,0.4922001075847723,167.33727810650888,14.77432227879,57.429149797511876,160.17041420118366,0.1242603550295858,19.349112426042655,78.31545
1316253846,A,3120.545545544714,268.988988988998,322.8250472694544,4035.1223723723724,42.52252252253006,125.10630630630622,32.591028528528525,1099.6360360360368,4.666939666941022,37.0025163503387,936.1636636636637,4.83733733733584,0.6879606879607552,226.53093093093068,18.775752496683054,59.803619408830386,160.14414414414475,0.34534534534534533,24.678314678318962,78.46065
1316253850,A,2955.3398791537456,260.548282421328,176.01879825446218,4029.617069486405,63.69299381385765,196.57885196374616,52.14029456193354,1641.4876132930542,7.410601483110681,35.04355587929406,886.6019637462235,5.711648204094015,0.9035979126614436,304.2864048338372,15.133843883926927,60.07075846710574,160.38670694864106,0.1933534743202417,37.493362629325134,77.22525
1316253858,A,3220.833333333725,277.7777777779994,82.16791571630102,4041.1202346041055,33.639156542391525,104.3120234604105,27.683284457478006,830.5170087976534,3.9198880298587957,38.19172858252266,966.2507331378299,3.316226783967593,0.5038656358304956,171.42404692082107,14.60410557184349,58.147090600331936,160.1501466275665,0.12316715542521994,19.86492490891961,69.8547
1316253870,A,3115.232035927784,268.687070304151,318.1658904413712,4034.87125748503,64.44967208441702,200.20239520958103,53.112836826347305,1699.559281437124,7.5360642351683556,36.93951030745235,934.5696107784431,5.072771124416178,0.9063690800218617,312.8371257485031,15.106531123793365,59.71438701538527,160.10538922155732,0.1497005988023952,38.14371257486264,80.00865
1318253572,B,1473.179634966369,170.91792080272896,285.6398761871653,3969.113832853026,32.89693975571904,100.09798270893367,25.306195965417867,838.9158501440925,3.9241550956269435,17.468533220966158,441.95389048991353,3.310918988152071,0.4977731202515561,169.62997118155627,14.423296025729549,59.709919611661775,160.11988472622537,0.5734870317002881,18.220242773553686,78.1785
1318253576,B,1132.2230392158822,146.2962962960005,313.2592592592914,3952.3705882352942,64.4929971988811,199.22823529411767,51.954963235294116,1633.9508823529402,7.687566844924642,13.425569634966832,339.6669117647059,5.8525326797376085,0.903743315508108,310.32235294117646,14.840629274958022,62.77476780179971,160.24470588235337,0.5823529411764706,37.14616755793035,90.0669
1318253580,B,984.7850241546149,138.6870638757822,182.26516371441764,3947.121739130435,64.52587991716838,192.78956521739124,49.29891304347826,1605.3191304347824,7.661528326761061,11.677292776541988,295.4355072463768,4.998792270529634,0.9090909090909962,310.5240579710153,14.778564206260596,58.22540045762337,160.22260869565255,0.1565217391304348,35.152393500217606,89.44185
1318253584,A,519.2203476481234,108.70938423114711,108.93660531679505,3927.122699386503,42.50365176747553,131.68343558282206,32.98696319018405,1070.8730061349693,4.924010039041379,6.156763015590362,155.76610429447854,2.847222222220679,0.5995538204127754,236.43680981595102,15.282493936360071,62.66951888918713,160.4809815950925,0.09815950920245399,24.086261386864706,83.41635
1318253608,A,436.4021956088122,103.15147482797055,35.320470170779345,3923.369011976048,74.96150556021836,220.11736526946154,55.85703592814371,1372.9634730538908,8.452504082752515,5.174729592198412,130.92065868263472,5.713157019293297,0.9063690800218617,311.9401197604793,15.136471243555789,52.511818468280055,160.57485029940145,0.6107784431137725,37.824351297419256,84.3666
1318253616,B,1510.0917874396227,172.76328502439094,318.30381105746085,3970.25,63.721187025513274,193.9060869565217,49.61050724637681,1684.449565217393,7.6272727273020005,17.90622672852113,453.0275362318841,4.8413848631228555,0.9038208168643818,310.4591304347835,14.496124031001985,57.671624713894836,160.10202898550773,1.0,35.3956960913356,82.58805
1318253620,B,1436.7974806199416,169.42721791561607,253.14599483206663,3968.0,63.936877076389464,193.9151162790695,49.64662063953488,1635.3811046511616,7.62830338268785,17.037124276140734,431.0392441860465,5.743701550385747,0.9064482029599178,319.54186046511654,14.703893996748793,57.490055079511265,160.59534883720966,0.17732558139534885,35.30391120506342,81.67665
1318253628,B,1424.4402610440359,168.8888888889997,242.15975011151832,3967.6212349397592,66.7555938037698,204.67228915662642,52.32680722891566,1654.939156626505,8.0121851040548,16.890595980766832,427.332078313253,5.287399598391541,0.9063526834612042,319.5879518072296,15.076351919299617,59.95640456557677,160.58795180722927,1.0,37.1586345381456,87.9402
1318253802,B,1126.0019267825148,146.09612502666505,307.76921430098844,3952.25,63.37186897878809,193.90057803468193,49.173591040462426,1574.6306358381514,7.625985286406451,13.351801503346833,337.8005780346821,4.95142903018449,0.9038360483448055,306.95606936416226,14.726441726030991,58.85686035893394,160.06473988439362,0.1531791907514451,35.366964442106394,88.58115
1318253810,B,948.2729468598496,134.9940955448262,149.80568974766376,3944.8659420289855,65.65217391303011,195.28695652173897,49.93840579710145,1673.8573913043483,7.7722002635034935,11.244343243399785,284.481884057971,5.715378421898602,0.9090909090909962,316.2133333333332,14.359959555101101,65.76468344769887,159.42492753623245,0.591304347826087,35.58717610891007,82.95795
1318253814,B,1379.746168582672,166.29629629600055,202.441464452934,3965.8663793103447,65.01231527091291,199.07241379310335,50.924030172413794,1618.8025862068928,7.814263322903594,16.36062650493189,413.9238505747126,5.58429118773752,0.9064785788924589,323.47241379310407,14.55159048382288,58.11743799147304,159.99080459770167,0.5833333333333334,36.028387321483414,81.65685
1318253822,B,991.0258284600612,138.88888888899967,187.78427550355266,3947.3691520467837,65.63770537453466,196.71228070175428,50.374634502923975,1608.9552631578947,7.859649122820075,11.751323301668497,297.30847953216374,5.90765107212286,0.9064327485380986,318.1111111111122,14.991840065273085,59.45598645732258,160.70175438596524,0.16374269005847952,35.94807726386271,85.8987
1322253588,B,1396.5929203530666,167.20856549744312,217.25554463036178,3966.373156342183,42.459615114473266,146.47787610619466,39.05051622418879,1089.8716814159293,5.960713327988521,16.560390359935727,418.9778761061947,3.4201901016047684,0.6275140788415741,257.39351032448366,11.87212732386217,78.53516534691317,160.15103244837803,0.10619469026548672,26.325198891567332,85.3224
1322253592,B,1468.0547480618022,170.74074074099929,280.91515934537534,3968.8670058139537,64.90448504981273,199.45465116279073,50.731286337209305,1632.5354651162788,7.813557082455155,17.40776381102528,440.41642441860466,5.8288921188626945,0.9064482029599178,327.510465116279,14.517982693342597,60.655217258215615,160.15813953488424,0.15406976744186046,36.24031007751475,81.51435
1322253596,B,1567.5047892720686,177.5819497657471,28.88888888888449,3973.6135057471265,64.28981937600713,197.14137931034537,50.53879310344828,1563.3508620689668,7.763061651005381,18.587013311530185,470.2514367816092,5.304118773944463,0.9038662486939215,315.53908045977056,14.401229617744416,63.034255898311336,160.23908045977058,0.5833333333333334,36.16684082200126,88.63005
1322253616,A,3075.7867647060884,266.4749455337782,283.1023965141588,4033.614705882353,64.52941176473136,201.2858823529418,53.498161764705884,1633.1708823529407,7.585026737968334,36.471779818645615,922.7360294117647,4.95057189542304,0.903743315508108,311.697647058824,14.699726402181424,60.15595975225708,160.09411764705925,0.15294117647058825,38.35026737968968,78.7743
1322253620,A,1138.4636184861363,146.4776575986131,318.79383808584095,3952.6165191740415,65.26478437985715,203.95752212389382,54.185103244837755,1639.1619469026557,7.681550013411563,13.499568598638652,341.53908554572274,5.952966240575123,0.9064092249933827,314.525073746313,14.762296768876052,62.1335972674432,160.42477876106238,0.5929203539823009,38.64574953069655,71.1882
1322253620,B,1443.003003002492,169.62962962999924,258.680903125352,3968.1186186186187,65.44258544256387,201.80900900900892,51.58783783783784,1484.9279279279262,7.913868413884208,17.110707545502688,432.9009009009009,5.686102769434286,0.9063609063609934,333.07387387387405,14.44095258048013,62.92516200404159,159.9807807807813,0.14114114114114115,36.64391664390756,91.0695
1324253760,B,1297.3323170733543,160.55329719957902,129.1147244804667,3962.098323170732,43.26800232286895,125.34878048780489,31.164253048780488,1030.884146341464,4.7980875831493615,15.383387158949356,389.1996951219512,6.103912601625881,0.7095343680710227,191.24512195121966,12.077424844018752,63.84908536580878,160.0975609756101,0.6920731707317073,22.413155949733238,85.6653
1324253768,A,593.8815142576348,112.39484322087276,175.30427182350127,3929.3746312684366,64.00337126003562,201.21415929203567,53.537057522123895,1571.1247787610623,7.606194690265968,7.042102440331079,178.16519174041298,5.884136348737074,0.9037275408957692,316.23480825958626,14.688893462298408,58.28015836043689,160.43421828908592,0.17994100294985252,38.39009564673924,80.0772
1324253772,B,1814.548309179014,190.17069243139184,248.47450348900574,3982.0,65.26846100757068,196.62260869565256,50.505434782608695,1704.7634782608689,7.73320158103085,21.5163831127966,544.3644927536232,5.043880837357077,0.8985507246377673,342.2817391304353,12.698348500164686,57.62585812351458,160.30608695652217,0.13623188405797101,35.79797979797369,91.19205
1324253858,B,1418.3092485547688,168.69085848885499,236.69877970456935,3967.378612716763,61.61712083675711,190.1306358381503,48.58742774566474,1582.8476878612726,7.4483709931711966,16.817896227929218,425.492774566474,4.78444123313895,0.9064634787179009,299.71329479768866,14.5335394542222,57.869637967693514,160.25895953757276,0.5578034682080925,34.61114030478182,96.1875
1324253862,B,1384.7976878628056,166.46756583172217,207.10340398204963,3966.1119942196533,33.371868978792214,101.39306358381496,25.93840317919075,845.3080924855492,4.003284287972078,16.420525943000495,415.4393063583815,3.3044315992280895,0.504466631634312,172.7098265895952,14.544293587842835,59.0907362335928,159.95375722543415,0.12427745664739884,18.307934839721675,78.72615
1324253866,B,1366.9078319004009,165.72747532660134,191.08776398177912,3965.5,64.40442079408449,196.98911174785115,50.40920487106017,1615.9633237822336,7.748762698624449,16.208393263646915,410.0723495702006,4.974132441895161,0.9064860640792741,316.5203438395422,14.38395415472116,57.90755542144996,160.25673352435567,0.5472779369627507,35.59520708517621,82.82955
1326253608,B,1705.504201680504,184.99118165785717,151.55721547883186,3978.6134453781515,62.08083233291675,181.89243697479043,46.78483893557423,1639.5184873949588,7.178507766757763,20.223369980393482,511.6512605042017,4.682150638030994,0.9014514896868701,295.66274509803964,14.439450198679296,56.9099218634286,160.24201680672326,0.18207282913165265,33.155929038283006,91.11525
1326253624,B,1850.7916666655285,192.02069716773545,260.47712418309175,3983.233823529412,41.96778711483291,128.31882352941187,32.90716911764706,1077.8682352941169,5.054545454552054,21.946146245081344,555.2375,2.7912581699327985,0.6203208556150341,229.17176470588245,20.35978112174144,56.7283281733179,159.6047058823533,0.09411764705882353,23.065062388590714,93.7632
1326253770,B,1573.8702623907295,177.94730590654223,34.5470251592717,3973.75,65.91697903651581,199.42390670553925,50.081086005830905,1598.2836734693883,7.714948316996625,18.662493229929993,472.1610787172012,6.0471331389683005,0.9064404982773199,313.71428571428544,14.56302122177216,62.63119533522224,160.21457725947582,0.5743440233236151,37.39199575933677,87.04485
1326253774,B,1827.1260997070378,190.55284023019925,259.6654719235513,3982.368035190616,64.22845971231311,195.5648093841648,50.17686950146628,1639.704105571847,7.726872833925839,21.665526873994416,548.1378299120234,5.67937438904964,0.9064249533458614,320.58768328445757,14.895996726447793,59.3691156041951,159.95307917888613,0.5865102639296188,35.674931129469435,85.60095
1328253764,B,1430.5467244698552,169.06444016264186,247.5872404195721,3967.8648843930637,64.52656206989272,197.5387283236997,50.590679190751445,1612.6838150289016,7.761954808210727,16.963004637994242,429.16401734104045,5.691233140652159,0.9064634787179009,322.4450867052022,14.659900524258301,57.483267417047,160.56416184971138,0.5867052023121387,35.94937817480035,81.8019
1328253768,B,1516.307767944986,172.9629629629999,323.83699333548105,3970.369469026549,64.77595167858487,198.5946902654866,50.795538348082594,1658.8920353982314,7.823277017995603,17.979963155982677,454.89306784660766,5.541625696492179,0.9010458567981556,320.9014749262537,14.625780338884017,58.59843192044581,159.91504424778816,1.0,36.19558416017219,85.10175
1328253772,B,1449.4302208830416,169.81704596180705,264.3953592145846,3968.373493975904,67.98766494547887,207.60722891566266,52.725903614457835,1576.8216867469885,8.130339539983746,17.186919615229183,434.82906626506025,5.538403614455992,0.9063526834612042,337.728915662651,15.239562902766556,63.5783925173687,159.5759036144582,0.12951807228915663,37.67342095654953,82.33515
1328253862,A,3296.429980276213,281.2919132146969,149.3118562349052,4043.616124260355,65.20287404904605,201.17751479289961,53.51238905325444,1682.7461538461557,7.591043571813711,39.08813176789945,988.9304733727811,5.685404339248514,0.9064012910167626,314.16331360946833,15.020641254983472,59.554266583557975,160.47337278106545,0.1804733727810651,38.360229514088225,71.7375
1330253600,A,2176.796407185539,213.1381681080897,206.72876469275184,3997.615269461078,65.34502423726128,202.50179640718608,53.92309131736527,1631.519461077845,7.6261567773563685,25.81184469006675,653.0396706586827,5.694444444440564,0.9063690800218617,312.65269461077895,15.121849324599776,61.419004097002976,160.1628742514975,0.17664670658682635,38.56741063328361,80.1117
1330253608,B,1833.396135265449,190.92002147082593,265.2367149757913,3982.6173913043476,63.55555555553849,191.95130434782675,49.266304347826086,1649.1008695652163,7.55111989461386,21.73987512173183,550.0188405797102,5.554750402574915,0.906455862977689,314.23304347826047,14.724637681153974,54.1296720060478,159.89797101449318,0.5884057971014492,34.990777338598775,87.6795
1330253612,B,1717.7480158729163,185.55555555599904,162.42945326276512,3978.8697916666665,65.83049886621549,199.9500000000004,50.19996279761905,1632.904464285713,7.707521645025576,20.368553547890148,515.3244047619048,5.771742724865645,0.9063852813853683,322.4166666666663,15.011074197114654,60.03132832074981,160.20952380952411,0.5833333333333334,37.3151154401161,90.63855
1330253620,A,1481.5667641308753,171.48148148100105,292.67706302791834,3969.3684210526317,32.42829295462194,100.3473684210526,26.66483918128655,848.0219298245611,3.759702286019625,17.567985345425807,444.47002923976606,2.458576998049535,0.48910154173316966,162.0315789473683,14.894600843186328,58.32833179434931,160.2339181286554,0.5409356725146199,19.05458089667773,81.0465
1330253778,B,1746.7410714267244,186.843033509857,188.2098765433566,3979.8645833333335,33.02862811790152,99.18928571428572,25.376674107142858,829.6321428571433,3.924107142871661,20.7123447204748,524.0223214285714,3.426339285712678,0.5005411255411756,174.52500000000012,14.867801771865754,59.724702380886754,160.52380952380986,0.125,18.03841991341309,92.46015
1330253782,A,1557.5892857158055,177.2078924160185,20.079365079373485,3973.25,32.96201814060092,102.32499999999997,27.151227678571427,832.1508928571423,3.9074675324690213,18.469438170527997,467.2767857142857,3.2795965608457727,0.4978354978355477,166.35833333333338,15.112818383162747,58.68068609016795,160.16190476190525,0.5833333333333334,19.45977633477972,78.78465
1330253782,B,1861.6923868314814,192.40169181535455,246.32830361221872,3983.5,68.46854791299634,206.96666666666746,52.04764660493827,1717.1435185185182,8.006172839533829,22.075434294644797,558.508487654321,5.090020576129801,0.9034792368126571,325.8111111111119,14.852856732694546,86.60656270298053,160.30617283950664,0.14506172839506173,38.64104002993127,84.2172
1330253786,B,1742.110453649112,186.6666666669993,184.08941485855928,3979.6205621301774,64.54775993235377,194.08402366863896,49.645894970414204,1623.9461538461537,7.613636363651097,20.657465444250285,522.633875739645,5.755259697565078,0.9064012910167626,322.18224852071046,14.946332737023615,59.92214263462638,160.30295857988202,0.591715976331361,35.3756499910235,89.1201
1332253826,B,1729.9552238807462,186.1028192370451,173.2802653399939,3979.25,63.410092395149725,191.86746268656748,48.83115671641791,1702.0647761194043,7.542605156053004,20.51330304996007,518.9865671641791,5.776533996681066,0.9090909090909963,318.163582089552,15.171121138487715,59.573448546680346,160.13373134328396,0.18507462686567164,35.07824513793816,90.8298
1332253850,B,2009.1642084544521,203.5026767179703,57.74500163883117,3990.872418879056,33.10155920774278,100.37876106194678,25.75221238938053,831.3787610619466,4.005765620824653,23.824081523202537,602.7492625368732,3.4103572599136243,0.4987932421561239,171.60117994100318,11.93729848390966,88.97182114570103,161.72743362831912,0.5339233038348082,18.17556091892507,93.6186
1332253854,A,1590.8932135731734,178.69483255741267,49.682856509194785,3974.25,32.63473053893654,101.67305389221558,26.974176646706585,851.064071856287,3.8228089276006623,18.86434640600889,477.2679640718563,3.1823852295396433,0.487207403375117,164.37844311377245,15.088427795561513,60.97699338160531,160.3257485029945,0.12275449101796407,19.403012157508343,76.2177
1332253870,B,1711.7469879518976,185.3592146364333,157.10620258815658,3978.75,65.0430292598767,196.4530120481928,50.357680722891565,1651.8027108433716,7.72083789704477,20.297395114043088,513.5240963855422,5.459755689421594,0.9036144578314121,315.0843373493972,15.053236200609893,60.90202916925358,160.20240963855477,0.1716867469879518,35.789521723256954,87.45645
1332253886,A,1305.1028806598163,161.1111111110003,136.22770919082063,3962.375771604938,34.197530864213896,106.88888888888887,28.37384259259259,874.1898148148147,4.002946127947783,15.475528229126008,391.5308641975309,2.719478737996021,0.4797979797980282,170.05679012345672,8.125179443007067,65.55433723190129,160.03950617284,0.09876543209876543,20.235690235681744,83.76855
1332253886,B,1599.13699307439,179.06912847558777,57.01066051213327,3974.61646884273,31.821393245714873,96.02848664688429,24.25537833827893,848.2326409495546,3.7711087132465555,18.96209873211469,479.74109792284867,2.650840751729261,0.493660642028644,164.46053412462905,14.6794562141953,59.97696392309654,160.0189910979233,0.09792284866468842,17.529898390426993,93.4476
1451738948,A,1057.2435897436683,142.59259259299918,246.59653736572437,3949.869822485207,63.94759087069461,194.8650887573964,51.41087278106509,1587.83076923077,7.360812264660737,12.536485253869207,317.1730769230769,5.496794871793181,0.9037116729425289,291.50650887573954,14.894729599553624,61.10635316095862,160.30295857988196,0.5591715976331361,37.52644791105484,77.8254
1451738960,A,1063.2559880236524,142.77334220470635,251.98935462414016,3950.11751497006,63.82235528945051,195.4491017964072,51.838510479041915,1605.5389221556886,7.390446379968577,12.607778514106197,318.97679640718565,6.283266799732326,0.9063690800218617,293.9748502994013,14.944993733457133,59.50874566651125,160.1149700598808,0.6047904191616766,37.61114135364622,73.29225
1451738976,A,1073.9343434329076,143.33333333300058,261.42087542090786,3950.371212121212,32.21067821069393,102.73454545454548,27.279356060606062,803.7072727272733,3.861845730029095,12.734399329231614,322.18030303030304,3.396885521884211,0.48209366391189423,164.36848484848505,15.58491895700631,61.20454545448869,160.2327272727277,0.5878787878787879,19.532598714416626,78.66705
1451738976,B,1533.8947105774532,173.87558216911975,339.26591261940075,3970.872754491018,32.49643570001679,98.30658682634733,25.14502245508982,841.2323353293419,3.8509798584657178,18.188474828999137,460.1684131736527,3.3666001330666444,0.4926510615133864,169.0143712574847,15.091909204841532,59.64308225647993,160.1916167664675,1.0,17.975866448914065,94.0245
1451738980,A,457.55670611455935,104.81481481499958,54.124479509122764,3924.369822485207,32.83037475346332,99.53609467455617,26.446005917159763,835.6730769230771,3.745158687467903,5.425573590290046,137.26701183431953,2.781886916500861,0.4975793437332397,160.7266272189352,14.517682675099657,61.36289317963976,160.81420118343243,0.5621301775147929,19.039806347500345,82.707
1451738988,A,1069.141641641772,143.13758202633377,257.27950172400614,3950.25,63.975403975434475,202.03963963963963,53.6158033033033,1602.736036036036,7.586268086269783,12.677568873210754,320.7424924924925,5.836670003334739,0.9063609063609934,309.1519519519523,15.187513094483732,58.81697486955715,160.03843843843887,0.18618618618618618,38.37837837837598,71.8506
1451738988,B,1461.7916666664703,170.5413943354322,275.3681917211794,3968.622058823529,64.73389355740379,197.07176470588243,50.4264705882353,1654.8617647058807,7.751470588238187,17.333498023724715,438.5375,5.650735294116522,0.9064171122995522,322.21411764705874,14.531463748286791,59.60294117642248,160.3670588235298,0.1676470588235294,35.89572192512922,91.5012
1462254126,B,941.9980217606554,134.81481481499955,144.14770853931756,3944.620178041543,64.95690264234763,194.83442136498508,49.78672106824926,1611.3827893175066,7.725114647970656,11.169937016925765,282.5994065281899,6.014671941969578,0.9063933099542278,320.8284866468846,14.892692015729594,57.57496486017227,160.5412462908016,0.5875370919881305,35.44555345741475,86.0289
1462254138,B,997.2959183672828,139.0670553935192,193.35276967934084,3947.6137026239066,64.92433708175709,198.38134110787155,50.7807944606414,1657.3635568513098,7.887887622593222,11.825672109615208,299.18950437317784,5.829689018462004,0.9037900874636435,319.779591836735,14.868804664719484,59.65283105717715,160.97959183673512,0.1661807580174927,36.15602084989076,81.7002
1462254272,A,495.61377245505935,107.45176314005428,87.95298292304696,3926.1489520958085,75.59595095514676,243.65748502994006,59.17196856287425,1714.131736526946,8.6978769733203,5.876843151642403,148.68413173652695,5.80671989354446,0.9036472509527269,289.5568862275451,15.913521793616775,60.70871415058753,160.33532934131784,0.25449101796407186,40.77390673199797,81.3804
1462254280,A,183.1268882175196,86.4686136287521,138.41781358403313,3912.0,32.234210904921746,100.58247734138969,26.7267749244713,832.8561933534746,3.783438615765651,2.171465077678656,54.938066465256796,3.4352970795567352,0.49436967865975845,164.62477341389743,14.848591301898853,59.88988710440464,160.37703927492464,0.12386706948640483,19.123867069480955,84.4605
1462254288,A,424.75345167655587,102.76682007474552,24.96603111987441,3922.8816568047337,60.77063961681951,189.34792899408308,50.4585798816568,1524.4038461538466,7.162452931686714,5.036602193792093,127.42603550295858,5.8900394477289835,0.9090909090909963,282.0710059171598,14.689693133334533,55.1346932419251,160.41656804733776,0.25443786982248523,36.264120494869374,81.9657
1462254300,A,246.52184959351214,90.55329719963379,194.7560975611124,3914.8696646341464,72.66550522661132,207.2231707317073,60.18578506097561,1635.6338414634145,8.805293791581969,2.9231839872769196,73.95655487804878,4.040057588074999,0.7538802660754613,297.7048780487807,15.42612024957052,59.52222400508592,160.16585365853712,1.0,40.75480413896141,75.52995
1462254300,B,1455.404761904514,170.1693121691434,269.69100529096335,3968.5,64.9850340135914,193.8582857142857,49.245535714285715,1669.7125714285721,7.5914285714321235,17.257763975162284,436.62142857142857,5.6615079365058785,0.9090909090909961,318.00800000000015,14.842524916938928,57.472180451080206,160.21942857142903,0.19428571428571428,35.30389610389273,85.91745
1462254316,A,656.3135162601714,115.36472448069763,230.79719963867697,3931.618902439024,64.54994192801581,197.7878048780491,52.5609756097561,1688.9734756097553,7.468542128605634,7.782403836884738,196.89481707317074,5.841802168019475,0.9035476718404416,308.0853658536589,15.231140102092656,59.71517971752847,160.29268292682963,0.19207317073170732,37.58961566889511,79.01535
1462254316,B,1003.5932944608807,139.42878738799976,198.956916099761,3947.75,64.59114257946118,198.7241982507287,50.820881924198254,1662.8326530612242,7.778293135443069,11.900315744597703,301.0779883381924,5.791221250402995,0.9064404982773199,321.2979591836738,14.62472032001665,59.296071812121276,160.68104956268277,0.16326530612244897,36.069440763309686,83.09295
1462254328,B,935.8211856171201,134.6139725729999,138.65889212825368,3944.3717201166182,63.36526447311809,191.62915451895032,48.65615889212828,1618.9434402332354,7.560164325482719,11.096693900596716,280.7463556851312,5.755183025589586,0.9037900874636435,312.36734693877617,14.721676045827353,57.346171551276875,160.33586005830938,0.1836734693877551,34.75041964837277,82.02915
1464254022,A,10521.363863864868,71.48148148149996,286.9647425202405,3901.8686186186187,65.08937508940502,201.37657657657644,53.48817567567568,1663.6720720720725,7.577259077260889,124.75925530272741,3156.409159159159,6.030196863527832,0.9063609063609934,313.936336336337,15.01571338780056,58.872688477888815,160.03843843843896,0.18018018018018017,38.388388388402376,79.8369
1464254026,A,337.9975124377793,95.73244886678887,276.0685461581075,3918.3641791044774,64.948116560082,202.38089552238807,53.586753731343286,1645.9164179104484,7.6618724559040166,4.007875641554847,101.39925373134328,5.902155887228295,0.9036635006785129,309.88895522388043,14.743491843104518,60.26551453254598,160.24835820895564,0.591044776119403,38.50293984621817,77.3766
1464254026,B,867.7605703048024,129.80989839415923,78.21260788812158,3941.3643067846606,64.9374912206613,196.51681415929195,49.347345132743364,1665.4495575221213,7.758246178615461,10.289651031271731,260.3281710914454,5.975090134380703,0.9064092249933827,322.18171091445396,14.812375660280775,60.88417947517266,161.01946902654913,0.168141592920354,35.84517743809165,86.72175
1464254038,B,581.4771622934844,111.6628873769998,164.27599611262983,3929.1151603498542,64.61890878798273,197.1043731778431,50.286989795918366,1683.867638483964,7.77670288895712,6.894986114153449,174.44314868804665,5.789601554905621,0.9090909090909962,323.73061224489754,14.253847718483167,59.338269142194584,160.35451895043767,0.17201166180758018,35.85564095767248,85.81695
1464254054,B,1245.6069651740893,156.47650635711298,83.00497512435798,3959.365671641791,33.76261549395076,102.38328358208952,26.191231343283583,832.3997014925379,4.020217096351396,14.770043065322726,373.6820895522388,3.2558043117737956,0.49932157394848964,170.7331343283583,11.291218326965906,60.473684210478936,160.06686567164218,0.5701492537313433,18.57982813206149,87.6009
1464254058,B,587.6553254437717,112.0238877930949,169.76769669072192,3929.25,64.73513665821528,198.64260355029612,51.593010355029584,1630.7076923076925,7.685583647130365,6.968244965736932,176.2965976331361,5.926610782378221,0.9037116729425289,321.9917159763311,14.501857712945325,58.117408906820316,160.50177514792938,0.16863905325443787,37.029765106685915,85.03935
1464254062,B,274.10876132913137,92.02528812802264,219.25254559714818,3915.75,32.02273054235653,95.44169184290025,24.058723564954683,826.0341389728098,3.7581708321952534,3.2503015177377854,82.23262839879155,3.4575360859340165,0.49162318044498204,160.88580060422984,15.076231293467284,60.83558594365918,160.49305135951715,0.5891238670694864,17.487869632877626,89.004
1464254078,B,568.8499025341144,111.28113493582539,153.05176521553784,3928.75,64.76468950151545,196.69122807017598,49.77887426900585,1638.5701754385975,7.734981392893951,6.7452557612739055,170.6549707602339,5.659925276151162,0.9037745879852009,319.7403508771938,14.66068271453399,58.510695598582586,160.33684210526366,0.1695906432748538,35.864788233203555,82.425
1464254140,A,241.80158730162245,90.37389770726037,190.5867136978475,3914.6285714285714,64.85411942557148,201.3790476190478,53.4375,1674.92,7.611111111112973,2.8672124976484046,72.54047619047618,5.352733686066016,0.9062049062049935,306.09777777777737,9.14802510151142,61.16207184622175,160.20317460317509,1.0,38.549302549312664,79.69305
1471738964,A,6143.626893939689,748.3238636365171,304.9305555554863,3329.869318181818,66.38257575757227,206.36931818181844,54.76740056818182,1559.3463068181816,7.78654442148857,72.84933075816647,1843.0880681818182,5.141650883835947,0.9065082644628967,322.8113636363646,14.13517441859837,59.66918361238806,159.88181818181872,0.5426136363636364,39.63756887051857,64.04925
1471738972,A,6107.96859903226,746.831991411868,273.12077294698804,3328.8615942028987,33.73775017253281,104.78608695652167,27.880434782608695,811.4826086956515,3.957971014493916,72.42650512690068,1832.390579710145,2.510064412236902,0.503293807641684,174.6794202898553,20.23525446578114,55.423340961041525,159.8979710144932,0.553623188405797,19.855950812464886,65.13795
1471738972,B,6683.144051130489,32.393750682827836,112.16431771009121,3352.872418879056,66.85349065877517,206.90973451327463,53.04203539823009,1561.380530973451,8.134084204891128,79.24676740471574,2004.9432153392331,5.37037037036923,0.9064092249933827,333.02654867256564,14.817863757970118,59.83892252750875,160.31150442477914,0.5693215339233039,37.743809779208554,84.86895
1471739014,B,6800.067829457334,37.94681309215225,216.09173126615403,3356.6220930232557,64.70791805091855,198.3558139534883,50.72674418604651,1669.5514534883705,7.785808668083816,80.6332153690523,2040.0203488372092,5.617328811368598,0.9090909090909962,333.5337209302327,14.704570037854632,57.55775703789123,160.3255813953493,0.5843023255813954,36.16807610993213,82.54545
1475739234,A,255.7118561710379,222.76428031553704,304.3213475866501,3481.5,33.726225183942944,105.81341107871711,28.16235422740525,838.7274052478144,3.993241452425481,3.0321563972827454,76.71355685131195,3.2264334305143754,0.503578054598513,174.3591836734691,14.65794291137939,58.15444222795993,160.71836734693923,0.5714285714285714,20.065376800068474,77.03835
1475739238,A,537.6267056531784,239.4357808100904,224.48559670782743,3492.75,32.94764689500972,102.36140350877189,27.09703947368421,875.1394736842115,3.838118022329005,6.375020225134845,161.28801169590642,3.1717024041577204,0.49441786283896494,166.0350877192982,14.766761865899667,58.13019390575426,160.14035087719344,0.12280701754385964,19.483430799220518,77.08095
1475739242,A,235.8895405669794,221.66177908095915,286.7057673508361,3480.864369501466,66.17232230133796,207.71612903225784,55.116385630498534,1635.175073313782,7.820447880566263,2.7971091766834086,70.76686217008798,5.531117627889204,0.9090909090909963,323.3794721407625,14.746641205751294,58.894505324849256,159.7372434017601,0.5865102639296188,39.51657335822228,75.5517
1475739242,B,500.19565217390993,237.57595276423777,191.15834675257952,3491.3702898550723,65.60248447202544,202.03826086956508,51.666666666666664,1620.8173913043474,7.927272727289684,5.93117374119473,150.05869565217392,5.390901771335042,0.9038208168643818,333.1107246376802,14.593191776198726,57.83600305104866,160.51014492753657,0.14782608695652175,36.80895915678437,87.56835
1475739246,B,672.0760658914969,247.94896640831968,16.00344530577359,3498.5065406976746,56.986434108521735,221.6337209302327,61.6796875,1478.7915697674407,9.214455602538134,7.969281413733838,201.62281976744185,6.07396640826801,0.9038054968288393,335.7558139534882,14.661979448344665,59.417839657229145,160.21395348837265,0.14825581395348839,39.58861874559681,96.5514
1475739250,A,354.31702344527565,229.44274549784376,61.55170460982933,3486.119266055046,33.1760594145921,101.34678899082569,26.96769877675841,862.0908256880745,3.8614122880186863,4.2013876297864385,106.29510703363914,3.092932381922634,0.483736447039248,164.6948012232415,15.221534741477731,61.67431192654698,160.21529051987804,0.11314984709480122,19.233620609762745,73.81275
1475739276,A,874.4975490196359,258.33006535963955,195.9477124183146,3505.6176470588234,62.35714285713995,191.13882352941184,50.8170955882353,1624.808823529411,7.251604278075454,10.369536154375632,262.3492647058824,5.017973856206652,0.903743315508108,306.9047058823536,14.776333789323193,59.55069659436739,160.0941176470593,0.18235294117647058,36.44652406417295,82.2507
1475739280,B,1095.7911706346129,274.25815696623295,61.71957671957386,3516.3675595238096,66.82397959181064,204.7,52.469308035714285,1621.1928571428562,8.060470779243035,12.993600602288392,328.73809523809524,5.337301587299255,0.9036796536797405,339.09999999999974,14.649778516052022,59.88212719292768,160.171428571429,0.5625,37.37283549782903,80.9979
1475739284,B,1311.5900098913057,285.9259259259998,253.53775140129937,3524.1216617210684,64.09636851771118,195.7317507418397,50.08252967359051,1700.5504451038582,7.722686808766022,15.552450710165276,393.47700296735906,5.670128585555839,0.9090909090909963,328.8961424332346,14.676005796696776,58.97079493981829,160.11394658753758,0.5905044510385756,35.683841381163106,91.42335
1475739288,B,1100.6787439613042,274.61621041316187,65.93666129897478,3516.5,33.09316770185161,100.97739130434779,25.89673913043478,839.9921739130434,3.9847167325578465,13.051555250015925,330.204347826087,3.236714975844695,0.5059288537549912,177.40637681159419,14.467812605319375,57.84134248659433,160.20405797101503,0.553623188405797,18.453227931485216,83.71605
1475739292,A,404.865900383302,232.2222222220006,106.47935291602329,3487.8670977011493,33.90941434044976,104.1758620689654,27.8277658045977,799.9146551724145,3.9835423197498567,4.800781427467214,121.45977011494253,3.1756864623238505,0.5015673981191723,170.26091954022974,14.500133654096732,55.96339987895752,160.09195402298894,0.5747126436781609,19.72048066874593,70.49925
1475739292,B,818.3473980311716,255.8321612753708,145.96030629808345,3503.75,15.27493135087624,46.14683544303798,11.80731364275668,402.75316455696236,1.8129395218040762,9.703724087324636,245.5042194092827,1.800867323018804,0.2531645569620505,83.92123769338963,3.500147188694558,28.02650085125666,159.2168776371317,0.08016877637130802,8.402591313984242,91.79565
1475739308,B,1409.6554252213803,290.16835016818237,340.5539263602525,3527.0,33.012149141169814,100.60645161290321,25.695564516129032,850.6117302052787,3.9477472674107257,16.715310699766864,422.8973607038123,3.296269143042433,0.5038656358304956,180.19354838709674,14.737775352923059,56.95747800581494,160.22521994134945,0.5777126099706745,18.33910957077742,83.07855
1477739010,B,461.0914454277557,235.35780618387275,156.40555009288488,3489.8746312684366,67.15268998452383,206.19823008849554,52.76364306784661,1629.9123893805304,8.09680879594826,5.467487495191747,138.32743362831857,5.066371681413839,0.9064092249933827,330.30914454277246,14.873430747060013,59.805542617539324,160.04719764011838,0.13274336283185842,37.56413694466787,83.4507
1477739026,B,211.7921401514369,220.8985690236691,265.29250841759125,3480.169744318182,49.696969696948265,157.34999999999997,40.22372159090909,1187.0846590909089,6.176523760348598,2.511369250808087,63.53764204545455,3.093039772725764,0.7128099173554411,271.25795454545425,19.906183932337846,58.31377093295889,159.89090909090962,0.5426136363636364,27.98811983470531,83.6733
1477739054,A,240.80392156866463,222.02505446620606,291.0827886711959,3481.0,33.31512605041214,104.89058823529405,27.832720588235293,827.0523529411771,3.9505347593587343,2.855382469195297,72.24117647058823,3.3178104575152636,0.5053475935829381,173.14705882352933,14.751025991785601,59.03792569654899,160.00941176470624,0.5794117647058824,19.946524064175843,77.2362
1477739054,B,506.64499036606327,237.77777777799938,196.83365446374287,3491.6170520231212,65.23809523807668,203.3306358381502,53.07261560693642,1634.0098265895951,7.822254335270071,6.007648107107698,151.9934971098266,5.452793834294793,0.9038360483448055,327.9075144508663,14.632343056855438,57.884088834740204,160.2589595375728,0.16184971098265896,37.80959887895559,87.9891
1477739062,A,250.6303724928113,222.3994481588403,299.8026106335671,3481.3638968481378,65.52462818936574,205.9151862464182,54.77166905444126,1579.6117478510023,7.769861943215344,2.9719016501135482,75.189111747851,4.85394778732717,0.9064860640792741,325.9232091690539,14.342640101281551,57.40461468852059,160.2567335243557,0.5845272206303725,39.00321264217512,79.0431
1477739240,A,108.29010566764833,214.61522040757447,173.2778311453053,3476.0,65.13791683819295,203.1458213256488,54.350684438040346,1588.0642651296835,7.629290018340968,1.2840723992208336,32.487031700288185,4.843499839895947,0.9038511920357167,321.6933717579248,14.24636418469966,57.620203245814444,160.2582132564844,0.1440922190201729,38.50231420834972,70.29945
1477739240,B,478.9697406338558,236.09456718957378,172.34923684487615,3490.5,32.72402909289282,100.82420749279532,25.733069164265128,838.6573487031701,3.9538904899235976,5.679483090522466,143.69092219020172,2.8466218379753365,0.4951532617239164,169.60576368876076,14.61229140137657,57.557636887558566,160.13832853025986,0.10951008645533142,18.28661252292536,88.53165
1478254102,B,8485.274538386353,714.9951409135263,226.7573696143963,3813.762390670554,79.53908093836485,258.7102040816326,61.62080903790088,1794.170553935861,9.547442353570725,100.61590361722139,2545.582361516035,5.074910916745588,0.9064404982773199,299.4285714285715,13.969082649666133,58.46670247040027,159.95335276967975,0.2303206997084548,41.75192154784736,81.033
1478254110,B,8462.247109826218,713.8813958468252,206.2427745664249,3813.114161849711,63.673272777305414,194.18843930635853,49.415643063583815,1605.1430635838137,7.6668418287147695,100.3428511046879,2538.674132947977,5.614964675656521,0.9064634787179009,305.15953757225356,14.114800376388215,74.68702464245943,159.2138728323704,0.5809248554913294,35.37397092309635,82.86495
1478254288,B,8839.615942029222,735.3644659153078,209.19592055826118,3827.5,64.38095238094195,195.9060869565223,49.367753623188406,1610.8356521739124,7.676284584983922,104.8175803403013,2651.884782608696,4.969404186793657,0.906455862977689,321.2857971014498,14.570947084590957,57.520594965623744,160.2782608695657,0.5449275362318841,35.518664909968024,79.82925
1478254292,B,8646.449169110409,726.8371890954146,37.554034973396256,3821.623167155425,63.34590141040435,188.89618768328447,48.07551319648094,1838.7870967741935,7.430285257281173,102.52706524634014,2593.9347507331377,5.721326164872778,0.9037589976007265,313.0170087976538,14.80802018685859,61.07964191999509,160.34721407624673,0.20821114369501467,34.346396516475416,83.49975
1478254296,A,8347.919117646763,707.0370370369948,104.60348583872307,3808.372794117647,63.82352941177371,197.06823529411764,51.45955882352941,1648.7364705882367,7.603475935834279,98.98718321320983,2504.3757352941175,5.450163398691581,0.9064171122995522,309.77058823529427,14.862517099856541,58.90789473679296,160.38588235294156,0.6,36.59982174687668,75.67185
1478254304,A,8666.818627450974,727.5806100216787,55.66013071895816,3822.3632352941177,66.37394957986781,208.06941176470625,55.403492647058826,1652.7511764705894,7.8208556149745485,102.76860032545281,2600.045588235294,4.880310457514076,0.9064171122995522,320.7647058823536,15.178522571811692,58.56501547981802,160.23529411764758,0.1411764705882353,39.406417112280785,73.40205
1478254304,B,8951.651873765573,741.6480385709156,308.8647819415035,3831.75,33.53761622991599,101.69822485207096,25.564903846153847,849.3115384615381,3.9841312533637856,106.14606964935261,2685.4955621301774,3.2610124917808854,0.5029585798817071,172.90414201183432,14.94564469519225,55.782077234453574,160.1230769230775,0.5680473372781065,18.39967724582485,76.8768
1478254316,A,8341.797725024606,706.8392131004996,99.13177272224095,3808.25,63.77419810657144,199.01839762611283,52.926557863501486,1626.6703264094967,7.483140005396548,98.9146268516683,2502.540059347181,5.649934058686939,0.9036957108174593,307.32700296735936,14.967221033738944,61.68163360919793,160.33234421365026,1.0,37.82393669634137,76.2447
1478254324,A,7651.080156403226,667.2184207665911,198.4033887260116,3781.615835777126,64.20332355819463,202.01173020527847,53.586876832844574,1672.6882697947226,7.5809117568674775,90.72427062927262,2295.3240469208213,5.792196155097325,0.9037589976007265,314.2158357771264,14.857805360424901,59.12177805211647,160.46920821114406,0.5865102639296188,38.33910957078911,76.30215
1478254324,B,8381.664244184305,708.6950904395792,134.67484926773585,3809.6133720930234,33.65171650054217,100.70930232558139,25.786700581395348,812.8325581395347,3.990486257935113,99.38732305358788,2514.499273255814,4.481992894054926,0.9064482029599178,177.93837209302328,18.130070308275233,51.689106487089774,159.9813953488375,0.12790697674418605,18.145701198020433,78.11865
1478254328,A,8767.556207233612,732.0245465406445,145.19604648632856,3825.25,65.1235860913606,203.69384164222862,54.114736070381234,1685.6577712609983,7.655825113303883,103.96311708179475,2630.266862170088,5.670006516778289,0.9064249533458614,318.1489736070382,14.645024892581178,59.3803056026687,159.8310850439887,1.0,38.65369234870358,71.9169
1478254328,B,8946.748084290974,741.286717751944,304.48914431665577,3831.6135057471265,64.30760810069249,195.97931034482747,49.691989942528735,1640.2637931034494,7.689132706390293,106.08792194812304,2684.0244252873563,4.939734993612305,0.9064785788924589,322.7321839080471,14.438652766636153,57.78470961881508,160.18390804597743,0.13793103448275862,35.46412399859466,79.82445
1478254332,B,9009.328571428685,746.2962962960008,16.198941798944038,3834.864285714286,67.92244897958201,210.19542857142852,53.38392857142857,1569.616285714287,8.248311688334603,106.82998306047689,2702.7985714285714,4.936507936505805,0.9064935064935933,332.23200000000026,15.257142857133946,58.56127819543562,160.11885714285765,0.5285714285714286,38.02251082250595,83.9097
1479739258,A,719.8071216618754,250.37037037000087,58.44818111880564,3500.120178041543,32.62540624558255,101.04925816023739,26.791543026706233,823.1430267062307,3.803614782843546,8.535291633921894,215.94287833827894,3.172189251564929,0.4909630428918755,164.9590504451036,14.816092747218349,60.09800093700292,160.45578635014866,0.5370919881305638,19.243773041996192,81.24135
1480254030,B,8478.992647058794,714.8148148150048,221.14161220035345,3813.6154411764705,64.56722689073818,197.88,50.359375,1638.2867647058827,7.77967914440318,100.54141478718253,2543.697794117647,5.679738562089082,0.9090909090909963,317.7423529411765,13.881668946644348,72.26122291014765,159.8400000000006,0.5941176470588235,36.03386809268253,81.63615
1480254034,A,8267.175387597134,703.1373815674757,32.82299741601805,3805.75,66.42857142858222,208.6011627906978,54.48582848837209,1568.9337209302323,8.048361522214279,98.02974767900953,2480.1526162790697,5.58745155038589,0.9038054968288393,328.6418604651172,14.355056787447937,58.91638616886037,159.84186046511684,0.14244186046511628,38.71388301620479,79.51875
1480254038,A,8260.589887640619,702.7652933835102,26.949646275485335,3805.6102528089887,64.97458533978944,199.5101123595505,53.09427668539326,1644.781179775283,7.523876404495069,97.95165874672374,2478.1769662921347,5.988217852682828,0.9039836567927321,324.40674157303476,14.385941991110322,56.51796274388303,159.9101123595512,0.14606741573033707,37.83197139939288,77.0457
1480254042,B,8627.187201528486,725.9259259260068,20.42873819378102,3821.117478510029,64.44535407284664,199.29283667621763,50.30712750716332,1600.2851002865314,7.82729877573946,102.2986624687761,2588.1561604584526,4.964979305950869,0.9064860640792741,318.7346704871061,14.406610248547057,57.22628562805878,160.07335243553055,0.5873925501432665,36.196058001204406,85.00905
1480254054,B,9075.707985144125,749.0611781697564,75.11399979367154,3836.860724233983,64.93036211698634,202.75988857938708,51.5041782729805,1597.0554317548733,7.947075208923685,107.61709073296348,2722.7123955431753,5.404673475701857,0.9090909090909961,325.31476323119784,14.211958282043508,56.376997507640795,160.10696378830136,0.16991643454038996,36.73925888409769,77.12835
1480254058,A,9193.037790697415,754.8148148150049,179.42721791558725,3840.6170058139537,65.44019933558128,201.24418604651157,53.458393895348834,1654.223546511629,7.619186046512803,109.00835324943576,2757.9113372093025,5.044815891471109,0.9090909090909962,316.66860465116366,14.61195240670083,60.060052019528094,160.00930232558198,0.14825581395348839,38.37385482735258,79.34565
1480254062,A,8335.723039215434,706.4749455337799,93.77995642702342,3808.116176470588,64.94397759106286,198.6705882352941,52.74632352941177,1603.255588235295,7.507754010695778,98.84259474540873,2500.7176470588233,5.646241830063523,0.903743315508108,303.6270588235291,14.74281805744909,60.69543343647373,160.2258823529416,1.0,37.98039215686706,74.87745
1480254062,B,8742.95918367318,730.919987042521,123.34089191234108,3824.502915451895,63.187560738574824,190.7090379008748,48.403790087463555,1610.87055393586,7.5241187384096,103.67145277090953,2622.887755102041,5.760042112080865,0.9064404982773199,312.0897959183677,14.84168418197284,56.61500690496661,160.21457725947562,0.6034985422740525,34.726565951058404,78.44145
1480254066,A,8248.217391304572,702.3918411165413,15.969940955450769,3805.25,65.08488612839494,205.25913043478272,54.57971014492754,1632.1104347826097,7.758498023717995,97.80494930399468,2474.465217391304,5.133252818032582,0.906455862977689,316.7489855072466,14.518368722611779,58.43401983213289,160.38956521739183,0.591304347826087,38.94510320598289,78.8097
1480254074,A,7688.990433031358,669.2592592590016,232.12263623144352,3782.871601208459,67.18313911670744,206.48338368580048,54.88953927492447,1742.699093655588,7.73757209558127,91.17382945440185,2306.6978851963745,5.592900302113473,0.90634441087622,318.7347432024169,15.190051289251699,61.04189855298152,159.9903323262844,0.15709969788519637,39.18795202783641,77.23605
1480254078,B,8424.321256038469,710.913580247005,172.5603864734058,3811.0,63.768115942015605,197.5060869565221,50.61684782608695,1683.7826086956538,7.765217391327482,99.89313742339851,2527.296376811594,5.410225442832637,0.906455862977689,324.10202898550784,14.802157060997986,54.60335621656734,159.97217391304395,0.5855072463768116,35.594202898545824,78.53475
1480254092,B,9068.994334277311,748.8888888889978,69.12391144685412,3836.614730878187,65.71023876972089,207.33824362606222,52.23796033994334,1521.9390934844203,8.12490342518885,107.53748222462303,2720.6983002832862,5.642902108905541,0.9065155807366307,336.6821529745053,14.473285460167629,58.421798121318986,159.95467422096365,0.5694050991501416,37.46587689929521,78.3468
1480254096,A,8329.659763313828,706.2962962960008,88.417707648475,3807.869082840237,65.09439278672507,199.2710059171598,52.905880177514796,1666.7538461538466,7.497175901023238,98.77066913019911,2498.897928994083,5.020545693621201,0.9064012910167626,302.9964497041416,14.907802394378967,58.96177203357604,160.25562130177576,1.0,38.10830195446509,76.46895
1480254108,A,7970.262784090348,685.0073653198558,124.62121212115927,3793.5,62.073863636378,193.34318181818182,50.11008522727273,1404.454261363635,7.437370867772798,94.5090448706498,2391.0788352272725,5.1783459595939725,0.8290289256199145,330.2568181818185,15.485597251579811,58.35638456932204,160.3090909090913,0.09659090909090909,35.87637741045587,70.0392
1480254108,B,8468.393034825605,714.2797125481683,211.69707020454624,3813.278358208955,72.47334754787565,234.08597014925374,56.076492537313435,1754.3247761194039,8.566621438279357,100.41572768562973,2540.517910447761,5.60530679933454,0.9036635006785129,290.054925373134,15.542519958343913,61.032207384077324,160.38208955223917,0.7104477611940299,38.66033469019294,84.1434
1481739014,A,624.6878072763212,243.33333333299927,301.817983174882,3495.368731563422,65.34063773001876,205.6424778761061,54.611910029498524,1656.5336283185854,7.774872620005789,7.407365303673102,187.40634218289085,5.655522779415098,0.9064092249933827,327.9551622418878,14.862454551683433,58.21262226357412,160.3020648967556,0.16519174041297935,39.14007329936784,78.3813
1481739022,A,943.4142156862976,262.226579520483,257.2113289760796,3508.1213235294117,63.518207282909614,196.78235294117653,52.328125,1657.8555882352919,7.4786096256689305,11.186729830269666,283.02426470588233,5.48529411764529,0.901069518716664,307.16823529411727,14.662790697667564,58.66215170273699,159.75529411764765,0.5882352941176471,37.46613190730716,82.61265
1481739038,A,886.2300399201667,258.8888888890014,206.36504768235034,3505.872754491018,64.38836612488099,198.62874251497007,51.78517964071856,1653.8335329341326,7.650517147538505,10.508656599835014,265.8690119760479,5.606287425148831,0.9063690800218617,325.7976047904198,14.985378081041091,59.99606051050017,159.97125748503035,0.5988023952095808,37.08945744873158,81.036
1481739062,B,1385.8501926784688,289.06336972804394,319.4926140012804,3526.25,64.44536195979181,194.62543352601162,49.67033959537572,1652.0445086705197,7.62966368893029,16.43300623728928,415.7550578034682,5.52304110468742,0.9064634787179009,328.53872832369956,14.536227987625386,58.093626407001565,159.95375722543415,0.5867052023121387,35.49921177088015,84.54945
1482254086,A,8691.686274509613,728.690631808586,77.76688453159088,3823.0,65.27030812327989,204.94588235294097,54.3547794117647,1685.5341176470597,7.744919786097039,103.06347361076497,2607.505882352941,5.737745098036906,0.9064171122995522,323.30941176470526,14.676470588230824,59.07004643957781,160.197647058824,0.5941176470588235,38.96880570410507,72.1488
1482254086,B,8931.805955811493,740.5454157326592,291.20717259048985,3831.113832853026,65.35748593383714,199.5700288184437,50.55745677233429,1562.4389048991357,7.862850406098102,105.9107425590575,2679.541786743516,5.66402497598204,0.9064710505633564,322.39538904899143,14.42664700756883,57.443879872535724,160.23976945244996,0.14985590778097982,36.16714697405266,76.30875
1482254098,B,9154.535163776789,752.7638621282645,145.18090344675156,3839.3619942196533,57.00385356454627,220.63699421965325,60.96007947976879,1419.8141618497111,9.137940094597598,108.55180036092501,2746.360549132948,6.400529865124522,0.9064634787179009,333.40231213872875,14.462293318989575,58.740873136546725,160.00000000000045,0.14450867052023122,39.33876335610019,85.7286
1482254102,B,9395.521442494855,768.6939571153135,48.8217457223317,3850.1147660818715,68.96129211925144,210.97894736842133,52.27065058479532,1465.4991228070187,8.490962254130142,111.40934516792969,2818.656432748538,5.5941358024672185,0.9064327485380986,294.0982456140349,14.667482660132492,59.02085256996461,160.2339181286555,0.5146198830409356,38.57345383660898,90.65595
1482254110,B,9339.11226508242,763.1344103746312,309.4032311242201,3846.25,32.85431680090178,99.42908011869436,25.0231824925816,847.1100890207713,3.8984353925045667,110.74046164123779,2801.7336795252227,3.4013353115722227,0.5017534394389496,169.0136498516321,14.995514457243681,59.350304544681734,160.19940652819034,0.12759643916913946,18.13505979677359,85.8552
1482254276,A,9199.322612085582,754.9956681828053,185.016244314427,3840.8662280701756,64.4569757727958,201.4210526315788,53.452119883040936,1637.3157894736848,7.567916002127944,109.08287682316643,2759.7967836257308,5.727745289147007,0.9064327485380986,314.0175438596491,14.759281925737088,60.92528470292598,159.97192982456178,0.18421052631578946,38.32270069113215,79.2594
1482254292,B,9562.703313252894,12.40294511378064,58.86211512717845,3862.117469879518,90.20223752137838,290.7144578313253,68.48079819277109,1870.6608433734962,10.69852135815871,113.3917388923497,2868.810993975904,5.042252342701624,0.9036144578314121,320.7096385542167,15.094564303719356,60.143072289091656,160.2795180722897,1.0,46.33807959110614,88.47255
1482254296,A,9205.41297935071,755.3578061838708,190.4534032557669,3841.0,64.86725663719841,202.88849557522116,53.83388643067847,1623.1362831858426,7.6169214266576635,109.15509461679925,2761.6238938053098,5.764503441492941,0.9064092249933827,320.3067846607665,14.891267064547561,60.36446204000057,159.9622418879063,0.17699115044247787,38.49646911594747,78.7056
1482254300,A,9231.039823009114,756.8381951274407,213.1913033978293,3841.873156342183,63.70136255095214,200.90265486725673,53.297382005899706,1638.0345132743357,7.547331724324235,109.45897023338354,2769.3119469026547,5.615372009175013,0.9037275408957692,307.9008849557529,14.996912945045104,59.13872069548742,160.33038348082647,0.19174041297935104,38.17377312953752,81.03465
1482254328,B,9513.979640150113,8.888888888890042,15.515572390560578,3859.625,31.569264069255123,96.31704545454544,24.193004261363637,786.1159090909097,3.799199380179965,112.81398782774394,2854.1938920454545,2.7110953282823607,0.4777892561983949,165.92386363636365,14.765459830858516,56.027960526263676,160.06363636363676,0.5596590909090909,17.51721763084835,95.96235
1482254332,B,9183.364734299912,754.2544283411311,171.02522812683998,3840.365217391304,31.58178053829335,95.38086956521738,24.39764492753623,806.4973913043476,3.818840579720664,108.89365297575756,2755.009420289855,2.485104669886322,0.4980237154150695,158.32579710144938,14.586450960559086,56.97787948127031,159.97217391304397,0.5652173913043478,17.375494071142604,92.90235
1484254304,B,9522.635658914942,9.510120585702486,23.400086132639085,3860.091569767442,38.893964562551496,111.91046511627908,29.227834302325583,1146.996802325582,4.4183403805568835,112.91662836674436,2856.7906976744184,7.397852067182265,0.7663847780127592,229.92558139534898,19.02312060572435,59.80530905748007,160.7255813953491,0.6540697674418605,21.08527131782282,96.29445
1484254308,B,9389.212693798258,768.518518519004,43.27304048233781,3849.8655523255816,63.58942414173916,194.14186046511637,48.85174418604651,1652.2281976744196,7.62420718817913,111.33453787106383,2816.763808139535,4.892199612401582,0.9038054968288393,305.8186046511623,14.453758788530589,58.40575275391305,160.2418604651167,0.1511627906976744,35.34971811133684,89.2896
1484254312,A,8307.462235650852,704.9893700346963,68.77251874232046,3807.0,32.42698892247039,99.62175226586103,26.49452416918429,828.8619335347431,3.764762427905013,98.50748719296205,2492.239425981873,3.3429842228922335,0.49162318044498204,162.70453172205464,14.937820557854627,59.850135156556924,160.28036253776472,0.595166163141994,18.842808752179415,76.5216
1484254316,A,8761.353861192572,731.6606929508373,139.69153904639006,3825.115835777126,65.3065214355864,203.00058651026393,53.97452346041056,1658.7695014662756,7.637563316449663,103.8895714765571,2628.4061583577713,5.744134897358496,0.9037589976007265,318.74017595308004,14.765054900082763,59.03688840865118,159.94369501466338,0.5835777126099707,38.45374566782008,71.103
1484254328,A,8899.794089147534,739.0611541773775,262.7454780361657,3830.0,64.73698781841239,203.4418604651162,54.06795058139535,1610.6319767441855,7.628303382666599,105.53115520718899,2669.938226744186,5.0468346253201775,0.9038054968288393,318.7604651162799,14.615332612217822,56.41638616886273,160.2418604651168,0.13953488372093023,38.672480620165956,65.76795
1484254338,A,9115.113636365144,750.9203142537322,110.30976430983307,3838.0,34.41702741704396,107.45454545454537,28.53125,888.9872727272727,4.0311294765855505,108.08435141916137,2734.534090909091,3.699074074071674,0.8567493112948484,175.62787878787876,17.91684284707627,62.15909090903077,160.54303030303063,0.5696969696969697,20.4049586776939,74.98515
1484254342,A,8978.561046511859,742.7627045652717,332.764857881145,3832.372819767442,65.30869324477315,204.0837209302325,53.82994186046512,1641.979360465117,7.690406976745924,106.46515074910465,2693.5683139534885,5.614502583978016,0.9064482029599178,316.6604651162796,14.301649540286872,60.63570991426039,159.86046511627947,0.1744186046511628,38.748238195918624,67.69245
1484254346,A,8904.843137256372,739.4291938998166,267.25272331158135,3830.1205882352942,33.42577030813825,104.25882352941169,27.706801470588236,842.7670588235299,3.926737967916064,105.59102534279647,2671.4529411764706,3.292483660129556,0.4946524064171618,170.48705882352928,14.701094391240341,58.28792569652877,160.03764705882404,0.5735294117647058,19.821746880577606,66.14115
1484254350,B,9142.73566569515,752.2967282149946,134.77810171704905,3838.865889212828,50.517839788975074,152.6833819241984,37.38155976676385,1209.216034985422,5.8851046912421365,108.411885364012,2742.820699708455,6.431000971816718,0.7659687251524727,259.68979591836717,18.742965624780986,56.94030995851756,160.38250728863002,0.282798833819242,25.585299054685485,80.43315
1484254358,A,8755.16183574867,731.4814814809961,134.1921631777477,3824.86884057971,64.56452726021207,199.04347826086945,52.9411231884058,1900.2947826086972,7.442819499342683,103.81614824996237,2626.5485507246376,4.161433172300352,0.8985507246377673,328.687536231885,7.3913043478229845,29.371090770371588,159.33217391304396,0.6,37.12340799296685,68.13345
1484254366,A,8685.48039215659,728.3267973857794,72.24836601307152,3822.864705882353,65.26470588238371,205.29176470588217,54.50643382352941,1642.1982352941177,7.71871657754101,102.98988607302057,2605.644117647059,5.652369281042904,0.903743315508108,321.489411764705,14.504103967164369,59.32546439622558,160.2164705882357,0.5794117647058824,38.9839572192498,71.9667
1484254366,B,8925.48774509774,740.3703703699941,285.6013071895086,3830.8683823529414,66.05882352939645,201.21176470588244,51.53033088235294,1557.8779411764704,7.925133689869968,105.8358230644148,2677.646323529412,5.1470588235270585,0.9064171122995522,344.06235294117636,7.416552667576736,46.4570433435982,159.20941176470632,0.1264705882352941,36.548128342235955,76.20435
1484254370,A,9295.184895833449,760.9201388889735,270.2407407407346,3844.62734375,67.38690476193804,208.22250000000014,55.0234375,1713.4040624999998,7.844460227274617,110.21958374501556,2788.55546875,5.276475694441983,0.9034090909091779,322.8750000000001,7.853924418600717,31.225328947342643,159.2100000000003,0.575,39.64488636363526,75.4077
1484254374,A,8603.005424062989,722.3964497042124,331.10453648932776,3818.75,33.27557058327693,104.29704142011828,27.686760355029588,819.8884615384617,3.9214631522326022,102.01192202475494,2580.901627218935,3.293474687705146,0.5002689618074734,167.38698224852104,14.913306729044033,59.01121146055052,160.57751479289982,0.5473372781065089,19.77227900305233,71.1087
1484254374,B,9015.66570881258,746.4708386547504,21.84546615581053,3835.112068965517,60.079365079372884,186.9724137931035,44.97755028735632,1414.1758620689645,6.906609195407993,106.90512698193632,2704.699712643678,6.940852490420173,0.9012539184953842,327.7689655172412,18.486367281466084,57.62817604350501,160.04597701149478,0.6436781609195402,30.368338557995706,84.6078
1484254378,A,8772.441176471903,732.2222222219938,149.55555555550015,3825.3705882352942,32.88515406164178,103.5458823529411,27.499080882352942,915.1923529411757,3.9441176470589987,104.02104161814395,2631.7323529411765,4.504901960782159,0.9090909090909963,173.1964705882352,18.45622435020425,58.30921052625554,160.16000000000042,0.5441176470588235,19.63458110516702,71.8929
1484254382,A,8597.910592808255,722.2222222219938,326.8070402763413,3818.616618075802,65.01596556992875,202.95393586005812,53.93950437317784,1608.414577259477,7.682745825603773,101.95150900570556,2579.3731778425654,5.089083252346679,0.9064404982773199,313.83673469387804,14.712183876867673,59.70346785326293,160.56909620991294,0.5510204081632653,38.64033925259445,72.66585
1484254382,B,8965.894071914638,742.0300183565122,321.4987582334055,3832.1144314868807,65.6948493683302,203.44373177842547,52.36516034985423,1642.843731778426,7.804797243581063,106.31494946932949,2689.768221574344,5.585519922252327,0.9037900874636435,319.95918367346985,14.664045019997028,58.24765996618761,160.09329446064183,0.5714285714285714,37.83991518685423,77.1603
1484254394,B,9130.349065879738,751.6519174039365,123.74084999449275,3838.5,64.78718921195302,199.99646017699104,51.090523598820056,1583.1699115044232,7.840707964620801,108.26500868638043,2739.104719764012,5.619469026546338,0.9010458567981556,321.53746312684444,14.79659737942831,58.4486104641644,160.41533923303865,0.5722713864306784,36.32251720746449,80.6031
1486254080,A,9299.838709678985,761.1111111110021,274.1522754428203,3844.869501466276,32.29157938837068,99.79706744868032,26.52217741935484,821.927859237537,3.7426019728086564,110.27476730851551,2789.951612903226,3.206663408275568,0.49053585710482117,162.7530791788856,14.857805360424821,58.91958635586532,160.30967741935527,0.592375366568915,19.013596374297023,79.41885
1486254084,B,9959.041916167545,37.57263251275777,39.98669328010252,3878.869760479042,65.01425719989213,201.28383233532927,52.14446107784431,1645.8000000000015,7.723326075127803,118.09140612051185,2987.7125748502995,5.9564204923465836,0.9090909090909963,319.27544910179677,15.330733881069529,58.72124172701264,160.08622754491074,0.5958083832335329,37.48502994011649,91.92135
1486254092,A,9660.052083334742,18.322310405609567,145.68562610204526,3866.0,32.73242630387114,102.21428571428567,27.09077380952381,891.5910714285726,3.827245670996937,114.54607213427296,2898.015625,3.280836640210743,0.4924242424242918,164.61666666666693,14.840116279064526,58.073308270611946,159.97142857142885,0.12202380952380952,19.413780663781896,79.146
1486254092,B,9940.448158914496,36.66666666670015,23.453919035309426,3878.3699127906975,64.46151716498889,194.6616279069766,49.832848837209305,1610.359883720929,7.6617336152280915,117.87092678560761,2982.1344476744184,5.157864987077849,0.9090909090909962,313.5999999999996,14.448350459703052,58.75458996323134,159.93488372093069,0.14244186046511628,35.399048625786534,93.5103
1486254096,A,9655.36381514224,17.956954004139746,141.21927236965803,3865.8650442477874,64.50625087796391,199.79469026548668,52.96183628318584,1674.8141592920326,7.484714400645865,114.49048002141556,2896.609144542773,5.03318584070641,0.9064092249933827,308.8507374631272,14.778075049730038,58.81346064269846,160.16991150442547,0.1504424778761062,37.81085188163971,80.16375
1486254120,B,69.79662698412946,79.80268959434065,37.68077601411354,3907.5007440476193,63.860544217672256,189.6785714285716,47.73530505952381,1623.5142857142873,7.463068181835894,0.8276573969508549,20.939732142857142,5.126074735448403,0.9063852813853683,298.408333333333,14.828349944621234,58.926613408451765,160.21904761904827,1.0,34.694264069256334,94.85685
1486254306,B,10452.264384922022,67.9574514991059,225.53791887122293,3899.6168154761904,62.57936507934549,190.467857142857,48.75093005952381,1652.2071428571442,7.485660173168787,123.93989389238371,3135.6793154761904,5.747767857141244,0.9036796536797405,306.11666666666747,15.019379844956193,61.49945175431162,160.36190476190504,1.0,34.74206349205256,95.6199
1486254310,B,9816.176470587321,26.96949891068521,239.70588235276682,3871.863970588235,35.81652661063356,106.36235294117652,27.642463235294116,992.4926470588236,4.197459893050437,116.39734945352102,2944.8529411764707,4.995915032678972,0.6417112299465869,195.15176470588224,19.339261285903696,57.741099071154125,160.4141176470591,0.18823529411764706,19.762032085555365,90.67125
1486254314,A,9626.572700296798,16.476535883082168,115.6830420925311,3864.86646884273,64.52592906601743,200.2468842729972,52.9803412462908,1678.1341246290817,7.565551659024344,114.14908340270638,2887.971810089021,5.683728981205215,0.9090909090909963,311.5228486646893,14.76088606720913,59.4076995158018,160.31335311572735,0.5875370919881305,38.124269400238795,77.86935
1486254314,B,9946.743961352498,36.849168008586986,29.056360708530434,3878.618115942029,64.16977225671212,192.9669565217391,49.40217391304348,1617.5504347826102,7.578260869580903,117.94558056941435,2984.023188405797,5.8156199677925144,0.906455862977689,312.7072463768119,14.536568924833121,58.14683447744819,160.15768115942075,0.17391304347826086,35.0522617479048,94.0854
1486254318,A,9632.655155155013,16.840173506840614,121.0788566343456,3865.0,64.92349492352454,202.14774774774762,53.337087087087085,1666.7288288288273,7.625307125308337,114.2212073733155,2889.7965465465463,5.853353353351947,0.9090909090909964,315.8366366366372,15.06040924645104,58.68421052626051,160.4420420420423,1.0,38.655018655027234,81.0795
1486254318,B,9952.87634408574,37.209731725837415,34.510698381668306,3878.75,64.4072056975105,195.55777126099701,50.01557917888563,1593.3501466275657,7.667955211961999,118.01829657020217,2985.8629032258063,5.802378624957383,0.9064249533458614,315.50498533724425,14.920548318891145,57.61189998450972,160.2346041055724,0.5718475073313783,35.570070203491696,94.03515
1488254304,A,9109.74063400556,750.5475504322038,105.37090404523633,3837.8652737752163,63.79580074107878,204.1867435158499,53.967038904899134,1407.3605187319877,7.671993712341752,108.02063992893625,2732.922190201729,5.252161383283335,0.8619334555934808,332.22363112392,14.442061524019262,58.297436675204274,160.2489913544673,0.10951008645533142,38.68657759148794,72.35715
1488254308,A,9103.538647343246,750.3703703699939,99.92914653782175,3837.618115942029,65.9972394755355,208.70608695652152,55.17481884057971,1623.5191304347857,7.8432147562605135,107.94715586871871,2731.063043478261,5.626409017711644,0.906455862977689,327.70550724637707,14.47859791034035,58.27688787180077,160.03710144927587,0.5797101449275363,39.580149319287024,73.5669
1488254308,B,9718.1122448979,20.91242846342201,196.9744088113813,3867.75,33.09176731916474,99.30262390670548,25.115706997084548,870.063848396501,3.9053803339665545,115.23453254811919,2915.433673469388,3.4207968901833796,0.49827723297116033,169.2,14.66336700792854,57.780420438802764,160.28921282798885,1.0,18.144712430421574,85.3953
1488254316,B,9556.528571428551,12.223280423258204,53.38201058200875,3861.872142857143,62.33605442176191,187.89257142857159,47.67053571428571,1593.1834285714292,7.418831168848146,113.31852060979716,2866.9585714285713,4.770634920632475,0.9064935064935933,293.27199999999954,14.287707641190526,56.93872180445443,159.77142857142886,1.0,34.223376623371614,91.4808
1488254324,B,9838.688362919142,28.14814814809992,259.7392066622959,3872.6205621301774,64.18568610875379,195.62130177514803,49.688424556213015,1609.776923076923,7.702124798303877,116.66428888837864,2951.6065088757396,5.747452333988452,0.9064012910167626,308.94437869822434,14.932571900366343,59.622002491370175,159.93372781065133,0.591715976331361,35.65447373138804,90.43605
1488254338,A,9235.787740628572,757.0370370369948,217.17888100893893,3842.119300911854,32.12331741208663,102.91914893617017,27.293882978723403,846.7623100303955,3.8897485493233415,109.51526965203395,2770.73632218845,3.3552853765606674,0.48632218844989694,164.76595744680856,15.292288117617913,59.82202847538427,160.15562310030444,0.5896656534954408,19.579073408867135,79.3428
1488254342,A,9319.404396726175,762.0347648261344,291.93365144269154,3845.6196319018404,34.36459246277055,106.39509202453989,27.958205521472394,858.8733128834351,4.051589514780954,110.5067715026145,2795.821319018405,2.689161554191598,0.47685443390969673,170.63680981595078,8.45769724639506,61.314578624414544,160.2944785276077,0.0950920245398773,20.184978620565076,82.54125
1488254342,B,9692.823129251628,19.641507396580597,174.55566353533217,3866.8717201166182,82.80577537125481,270.5877551020408,64.05703352769679,1812.5676384839676,10.016565067585104,114.93466161166197,2907.8469387755104,5.086653709101134,0.9037900874636435,309.14285714285734,14.643704657934085,54.68083473985307,159.9626822157441,0.21865889212827988,43.237035073779346,83.50215
1488254346,A,9210.055879496074,755.5555555559987,194.75002699479927,3841.118804664723,32.86547271971489,101.87755102040812,27.057215743440235,834.8615160349858,3.8273257354898558,109.21014876870939,2763.0167638483963,3.2960803368960905,0.503578054598513,170.44897959183652,14.92440165434467,58.744821236706976,160.23323615160385,0.5860058309037901,19.323261772246312,79.4193
1488254358,A,9245.274509803621,757.5773420478171,225.80610021782908,3842.372058823529,63.39075630254994,199.85647058823525,52.40992647058823,1665.4261764705873,7.50788770053631,109.62776098577669,2773.5830882352943,5.069444444443008,0.9064171122995522,307.04470588235375,14.752393980843006,59.34597523213407,160.5270588235297,0.5529411764705883,38.117647058835864,83.57055
1488254362,B,9826.318627451028,27.58169934641171,248.76252723311777,3872.364705882353,63.62044817926169,193.00235294117635,49.43014705882353,1614.8982352941139,7.571256684498687,116.51761218321447,2947.8955882352943,4.992238562090279,0.903743315508108,305.9905882352938,14.932284541716834,60.57198142408671,160.7811764705887,0.5970588235294118,35.25668449196831,92.0508
1488254370,A,9441.428921568706,771.291938997525,89.69716775599093,3851.866176470588,64.3907563025546,200.07176470588237,52.533088235294116,1601.1105882352945,7.5127005347612865,111.95370262736769,2832.428676470588,5.046977124180421,0.9090909090909963,309.26000000000033,14.68673050614918,60.008900928738896,160.10352941176512,0.5558823529411765,37.93137254901299,80.3514
1488254370,B,9844.87822349577,28.33386394987651,265.28706356781083,3872.868911174785,61.066994132908505,189.34899713467044,49.335601719197705,1491.655014326648,7.302682990375744,116.7377147581003,2953.464183381089,5.708373129574603,0.9064860640792741,295.21948424068734,14.52522156326613,54.87106017186237,160.17421203438428,0.2148997134670487,35.19145610835933,89.9013
1488254374,A,9447.559171597573,771.6568047335428,95.13258820953608,3852.0,87.77965624107112,287.7869822485207,68.59190088757397,1847.1115384615387,10.390667025277079,112.02639333913326,2834.26775147929,5.18080210387635,0.9064012910167626,320.8319526627221,15.019265171317343,59.26619433192785,160.20828402366902,0.5887573964497042,46.395911780532856,77.2413
1488254378,A,9286.735496556772,760.3703703699939,262.91052114033414,3844.3672566371683,32.60289366485841,101.51150442477872,26.620575221238937,834.6460176991149,3.8578707428267234,110.11939323973145,2786.0206489675516,2.808915109799354,0.509519978546578,169.95752212389368,14.81511970912495,58.5596180716782,160.52861356932192,1.0,19.25717350496781,84.09855
1488254378,B,9686.602182539795,19.431216931224856,169.0520282187113,3866.75,66.4016439909258,203.7178571428571,51.534598214285715,1689.0017857142832,8.010822510825514,114.86089544520539,2905.9806547619046,5.672536375658952,0.9036796536797405,324.30833333333374,11.317829457358304,59.13142230570678,160.40952380952416,0.16071428571428573,36.937229437225625,83.69685
1488254382,A,9250.007485031303,757.7777777780063,230.2018185851195,3842.619760479042,32.60906757914402,101.64790419161673,26.628929640718564,864.3170658682632,3.85724006532425,109.68388322158141,2775.002245508982,3.269710578841706,0.48448557430598227,163.80838323353285,14.915749895554425,60.187519697392055,160.69940119760514,0.5299401197604791,19.393939393944873,79.956
1490254080,A,644.4152046784005,114.98483863982466,220.22092267710482,3931.12134502924,61.80311890840869,190.63508771929855,50.4312865497076,1618.84210526316,7.181552365765728,7.641287011995435,193.32456140350877,4.973196881089601,0.9037745879852009,299.4690058479538,14.50224398204526,59.76685133881256,160.23391812865538,0.17251461988304093,36.367180577705945,79.2927
1490254080,B,1016.7313432817592,140.17136539507518,210.88557213950736,3948.25,31.876332622592876,95.45910447761196,23.940298507462686,782.0838805970151,3.7412483039381175,12.056102884776662,305.01940298507463,2.6774461028186294,0.49118046132976434,159.3743283582087,15.04963554320741,58.71523959145617,160.13373134328407,0.0955223880597015,17.372229760287148,93.09795
1490254092,A,332.03511374878616,95.55555555559931,270.7814045499526,3918.1194362017804,64.60647166880884,200.36795252225585,53.350333827893174,1703.1774480712133,7.54896142433489,3.937175261844193,99.61053412462908,5.8242664028991635,0.9090909090909963,307.36854599406473,14.77054723621015,59.72005310004856,159.98100890207758,1.0,38.01906303388238,79.2051
1490254100,B,929.6652003910293,134.25111328312101,133.20299771915526,3944.25,64.14886189077792,194.26979472140755,49.34017595307918,1639.2008797653946,7.619701412960157,11.023698028348948,278.89956011730203,5.6948517432375905,0.9037589976007265,313.78064516129115,14.950555820768573,59.259530791735735,160.43167155425266,0.17595307917888564,35.204834266414196,86.7084
1490254104,A,418.6786786787096,102.39684128580437,19.566232899565122,3922.7507507507507,63.572143572169615,195.5495495495501,52.14902402402402,1596.2945945945937,7.40622440622651,4.964569312396226,125.6036036036036,5.426676676673767,0.9063609063609934,296.6150150150149,14.652559536272113,61.68049628570369,160.3075075075079,0.6066066066066066,37.6103376103323,82.87065
1490254124,A,342.6775147930438,96.09796186718008,280.5391190005329,3918.5,37.01042547197933,115.50887573964499,29.7707100591716,940.684615384615,4.343329747176238,4.063369740624494,102.80325443786982,3.3990795529245483,0.5567509413663811,204.30887573964517,14.725471308650238,60.10744316407127,159.92426035503016,0.12130177514792899,21.208535054695,79.2699
1490254140,A,291.2240356083115,92.77283217938225,234.48950434121338,3916.3657270029676,64.18397626115245,200.36795252225534,52.860719584569736,1636.4955489614222,7.544240625845726,3.4532494340919984,87.36721068249258,5.162792614570896,0.9036957108174593,304.3857566765574,15.191498171271025,60.81836639070206,160.63620178041577,0.5608308605341247,38.15214459131236,79.2996
1490254140,B,874.0102639296268,130.17052242841697,83.78842185293023,3941.5029325513196,65.58860494343874,202.46217008797652,56.16293988269795,1340.8794721407612,8.44214876034354,10.363758070301506,262.2030791788856,6.183610296512196,0.9090909090909963,313.37829912023443,14.89667871512676,59.672789010598,160.403519061584,0.5835777126099707,42.776148582606915,88.5099
1492254346,A,599.8781094527488,112.59701492577548,180.63460475403284,3929.620149253731,58.09950248758181,229.7695522388062,64.94123134328358,1433.1394029850735,9.408683853465474,7.113208660254624,179.9641791044776,7.2611940298496425,0.9063772048847546,345.10208955223925,15.055883373820963,59.83582089546875,160.26746268656757,0.1701492537313433,41.86702849390012,80.27985
1492254370,B,269.3687624750838,91.66001330675326,215.08094921273053,3915.615269461078,62.86712289704867,188.95329341317387,47.53087574850299,1650.4823353293411,7.4322264561909055,3.194125582825912,80.81137724550898,5.316866267463272,0.9063690800218617,304.034730538922,15.00835538225265,58.480538922108664,160.23952095808417,0.15868263473053892,34.500090727628866,90.47505
1832206946,A,8773.333333330032,145.9259259259998,311.8518518519996,3429.75,0.0,0.0,0.0,0.0,0.0,104.03162055299984,2632.0,0.0,0.0,0.0,0.0,0.0,158.4,0.5390070921985816,0.0,152.6364
1832206970,A,8817.994402985947,150.3454947482615,18.861249309007423,3432.542910447761,51.84434968017917,149.8925373134328,39.74813432835821,1543.5850746268652,5.7357530529181355,104.56119845442153,2645.3983208955224,6.801927860695992,0.9090909090909975,252.7626865671643,9.165220409577914,54.728986645659134,159.5940298507464,0.44029850746268656,29.400723654448935,155.2191
1832206976,A,9105.0,168.8888888889997,122.2222222220005,3445.25,0.0,0.0,0.0,0.0,0.0,107.9644268769997,2731.5,0.0,0.0,0.0,0.0,0.0,158.52941176470605,0.4264705882352941,0.0,154.3071
1832206980,A,9105.0,168.8888888889997,122.2222222220005,3445.25,0.0,0.0,0.0,0.0,0.0,107.96442687699968,2731.5,0.0,0.0,0.0,1.8976744186036372,36.59043062197308,159.2901818181819,0.6472727272727272,0.0,151.6458
1832206988,A,9077.625570774977,167.53297818362313,98.18112633180073,3444.2046232876714,18.356164383563346,36.45616438356164,8.324058219178083,633.9236301369864,1.3633250311331502,107.63982890254785,2723.2876712328766,6.5748668188738275,0.48256537982570297,36.85068493150684,17.19178082192709,80.7344989184401,159.72602739726065,0.4041095890410959,7.3360315483606175,150.55905
1832206992,A,9193.333333330042,173.3333333330006,201.48148148100103,3448.0,0.0,0.0,0.0,0.0,0.0,109.01185770799952,2758.0,0.0,0.0,0.0,0.0,0.0,158.3886524822698,0.5212765957446809,0.0,154.54875
1832206996,A,9195.14041513865,173.34011667312876,202.83272283247646,3448.1666666666665,28.001046572476163,81.27032967032966,18.12385531135531,880.5857142857151,3.10056610056564,109.03328555510637,2758.5421245421244,3.784086284085021,0.6293706293706922,199.6512820512821,5.417837975974322,15.575959128579091,159.69523809523815,0.23443223443223443,14.001554001549703,150.87285
1832207000,A,9105.0,168.8888888889997,122.2222222220005,3445.25,0.0,0.0,0.0,0.0,0.0,107.96442687699968,2731.5,0.0,0.0,0.0,0.0,0.0,158.4996336996338,0.4065934065934066,0.0,153.06645
1832207012,A,9465.833333330058,190.37037037000076,101.4814814810006,3459.75,0.0,0.0,0.0,0.0,0.09411226357504698,112.24308300399962,2839.75,2.222222222220009,0.9090909090909969,0.0,13.261276728595673,56.953814906345855,161.76107382550356,1.0,0.0,150.5952
1832207016,A,9465.943223440478,190.37037037000073,101.60629493919085,3459.75,5.818942961795241,17.34065934065935,4.593635531135531,360.4857142857143,0.6689976689974363,112.24438604879082,2839.782967032967,2.8718966218944066,1.2248862248861405,100.65641025641025,0.0,0.0,158.2300366300368,0.5054945054945055,4.424464424469232,152.60445
1832207020,A,165.84726867333785,217.94004707054174,224.45435401974245,3478.2984949832776,14.339863035511362,57.12240802675586,16.145484949832777,630.3260869565213,2.4154758285175246,1.9665684032423763,49.75418060200669,0.9661835748782632,0.395256916996088,153.04481605351168,4.290269891885253,0.0,158.24481605351215,0.38127090301003347,11.517178473701215,150.9171
1834206722,A,4449.166666670003,470.0,45.18518518520011,3648.25,0.0,0.0,0.0,0.0,0.0,52.75691699600023,1334.75,2.705002050018313,1.2020574751197874,11.117343173431735,0.0,0.0,158.51217712177134,0.4797047970479705,0.0,148.01925
1834206730,A,155.45087064678722,217.46130458793192,215.21006080719724,3477.972014925373,53.63894811653986,165.3223880597018,42.258628731343286,1541.4022388059675,6.508141112629488,1.84329095628608,46.63526119402985,5.0533789386387555,0.9090909090909947,290.9074626865678,15.52933009371081,38.12156323640104,158.3044776119411,0.31343283582089554,29.752374491180948,4202.11245
1834206734,A,165.0,217.7777777779994,223.7037037039994,3478.25,0.0,0.0,0.0,0.0,0.0,1.956521739129999,49.5,0.0,0.0,0.0,0.0,0.0,158.4481605351174,0.36789297658862874,0.0,155.0055
1834206738,A,4441.666666670003,469.25925925899725,37.77777777779991,3648.0,0.0,0.0,0.0,0.0,0.0,52.667984189700185,1332.5,0.0,0.0,0.0,0.0,0.0,158.21176470588247,0.5257352941176471,0.0,151.5783
1834206742,A,4441.666666670003,469.25925925899725,37.77777777779991,3648.0,0.0,0.0,0.0,0.0,0.0,52.667984189700185,1332.5,0.0,0.0,0.0,0.0,0.0,158.6656826568268,0.42435424354243545,0.0,153.7164
1834206746,A,4679.166666670003,482.59259259300245,249.6296296299992,3657.0,0.0,0.0,0.0,0.0,0.0,55.4841897233,1403.75,0.0,0.0,0.0,0.0,0.0,158.6452554744527,0.3978102189781022,0.0,161.06895
1834206750,A,4449.166666670003,470.0,45.185185185200105,3648.25,0.0,0.0,0.0,0.0,0.0,52.75691699600023,1334.75,2.985082304524454,1.342592592593108,15.680000000000005,0.0,0.0,158.35259259259277,0.31851851851851853,0.0,150.0105
1834206754,A,4449.166666670003,470.0,45.18518518520011,3648.25,0.0,0.0,0.0,0.0,0.0,52.75691699600023,1334.75,2.7050020500183107,1.199541540869537,11.117343173431735,0.0,0.0,158.44132841328428,0.2952029520295203,0.0,148.04655
1834206758,A,4625.876225489927,479.7780501091539,202.1350762527611,3655.0,67.36869747901376,218.37352941176488,53.008961397058826,1319.461764705883,8.17947860963731,54.85228725878813,1387.7628676470588,3.931270424834704,0.9057486631016923,363.7838235294115,18.0625854993088,34.08330108356278,159.84705882352955,0.1323529411764706,40.25623885916066,147.62355
1834206766,A,4199.166666664248,455.24603174594785,148.85449735435031,3638.5,13.954081632645213,37.564285714285724,9.765625,710.733214285714,1.4472402597418217,49.79249011860375,1259.75,1.1587301587290033,0.47402597402602265,142.06,2.918604651161392,0.0,158.52571428571443,0.6107142857142858,8.043290043293316,151.82085
1834206944,A,165.0,217.77777777799943,223.70370370399942,3478.25,0.0,0.0,0.0,0.0,0.0,1.9565217391299943,49.5,0.0,0.0,0.0,4.665098858983522,38.100236546399515,159.32883895131107,0.7378277153558053,0.0,4182.41655
1834206948,A,164.3905895691803,217.7777777779994,223.16200554314221,3478.1624149659865,22.902494331060172,66.39591836734691,17.059948979591837,660.0285714285717,2.665739022885952,1.949295528488297,49.3171768707483,3.0484693877539804,0.38961038961042954,105.31428571428563,7.838158519220035,67.04394915855876,160.52244897959216,0.6938775510204082,12.723149866009503,150.51855
1834206952,A,160.79096045193882,217.6773383553554,219.95982423109464,3478.0338983050847,51.076674737677216,148.66576271186452,38.063559322033896,1450.4430508474566,5.889984591689079,1.906612179273253,48.23728813559322,6.17325800376506,0.8567026194145669,247.9186440677968,8.081198265664689,63.1137377341024,159.88067796610184,0.3864406779661017,27.922958397538714,152.8344
1834206956,A,9465.833333330038,190.37037037000073,101.4814814810005,3459.75,0.0,0.0,0.0,0.0,0.0,112.24308300399954,2839.75,2.280565881864841,0.9319026698209418,0.8223048327137547,4.469611826754276,68.66122089604009,159.5241635687734,0.6096654275092936,0.0,148.6347
1834206972,A,165.0,217.77777777799943,223.70370370399942,3478.25,0.0,0.0,0.0,0.0,0.0,1.956521739129994,49.5,0.0,0.0,0.0,0.0,0.0,158.12330827067683,0.42105263157894735,0.0,4129.494
1836206946,A,8017.49391727332,104.6782914300689,299.04298459062505,3401.8467153284673,10.919360444903136,24.51240875912411,6.504333941605839,696.8332116788324,0.9638354346380298,95.06909783327572,2405.2481751824816,3.609083536088802,0.8195089581951697,144.87445255474458,6.895263961973399,14.816077602757515,159.56788321167897,0.3905109489051095,6.301703163018616,149.50665
1836206950,A,7982.5,102.9629629629999,268.1481481480004,3400.7438162544167,0.0,0.0,0.0,0.0,0.03967234179257951,94.65415019760077,2394.75,0.8932076953280564,0.07388371345969254,15.286219081272082,8.904593639572411,22.320531895093264,159.41201413427666,0.2332155477031802,0.0,152.6787
1836206954,A,8005.0,104.07407407400018,288.1481481480004,3401.25,0.0,0.0,0.0,0.0,0.0,94.92094861660006,2401.5,0.0,0.0,0.0,0.0,0.0,158.65507246376828,0.18840579710144928,0.0,151.97205
1836206958,A,7991.67550058935,103.3333333330003,276.06595995292946,3400.8736749116606,66.67507992593534,216.2077738515909,55.51678445229682,1498.1925795053007,8.485062640553464,94.76295059988009,2397.5026501766783,4.149980369060103,0.9090909090909972,347.5166077738523,12.768510148731767,52.10340338472955,160.68975265017693,0.14840989399293286,38.87139950744626,152.8923
1836206966,A,7983.33629893225,103.02227494396094,268.8177145115199,3400.75,13.250296559897508,37.88754448398577,9.892126334519572,617.4629893238433,1.467000970561014,94.66406678574548,2395.0008896797153,1.0676156583619245,0.4367518602394496,132.92526690391455,3.120913680376619,0.0,158.48540925266911,0.5160142348754448,8.110643804590136,151.2015
1836206976,A,8015.8333333300025,104.44444444400042,297.7777777779994,3401.75,0.0,0.0,0.0,0.0,0.0,95.04940711459969,2404.75,2.2222222222200085,0.9090909090909975,0.0,14.190401532984426,67.05006899265348,162.09737827715364,0.0,0.0,150.5826
1836206980,A,8015.833333330007,104.44444444400045,297.7777777779994,3401.75,0.0,0.0,0.0,0.0,0.0,95.04940711459966,2404.75,2.9390516890494216,1.2962037962036097,15.815384615384616,6.9886702444920825,79.44958550214045,160.86739926739938,0.0695970695970696,0.0,148.36215
1836206984,A,8056.666666669988,108.88888888899972,7.4074074074099485,3404.5035971223024,0.0,0.0,0.0,0.0,0.0,95.53359683790032,2417.0,0.055955235811294975,0.022890778286464027,6.8589928057553955,0.0,0.0,158.27338129496408,0.4136690647482014,0.0,148.29135
1836206992,A,8270.020908004797,118.14814814800029,197.3609451745771,3410.8826164874554,65.56238265913683,209.29032258064578,53.72087813620072,1413.2537634408611,8.240632127738502,98.0634890277189,2481.0062724014338,5.366885702904606,0.9090909090909973,330.94193548387125,12.221388680496782,64.99245425385827,160.5390681003586,0.5412186379928315,38.39904420549716,154.47525
1836207000,A,8057.579075427121,108.88888888899972,8.434712084350375,3404.625,37.21584984355291,93.38978102189775,23.44434306569343,827.0704379562039,3.6509621765079188,95.54441591411452,2417.2737226277372,1.1354420113532877,0.46449900464503785,161.33722627737237,4.422848412838102,0.0,158.24817518248187,0.6496350364963503,26.706480867040995,149.43195
1836207008,A,8279.571078431067,118.58523965175699,206.0539215686141,3411.2242647058824,40.05952380951365,115.47794117647047,29.63120404411765,1245.94963235294,4.583890374336137,98.17673215531347,2483.8713235294117,4.961192810455437,0.7386363636364365,214.44705882352966,14.960670314631097,30.642414860650455,159.16470588235313,1.0,21.16644385027031,150.9006
1836207012,A,8406.929669030485,124.88967691106363,319.1279222484825,3415.543439716312,48.9243498818008,147.32765957446804,39.22318262411348,1473.079787234043,5.559316569956033,99.686913071508,2522.07890070922,4.4321315996828705,0.905867182463015,297.20709219858156,11.910770245747441,34.13867114591869,159.35319148936176,0.26595744680851063,29.13819041477877,152.67555
1836207016,A,8185.833333330017,114.44444444400055,122.96296296299991,3408.5,0.0,0.0,0.0,0.0,0.0,97.06521739130032,2455.75,0.0,0.0,0.0,0.0,0.0,158.21209964412844,0.47330960854092524,0.0,151.22625
1836207020,A,8056.666666669982,108.8888888889997,7.407407407409954,3404.5,0.0,0.0,0.0,0.0,0.0,95.53359683790033,2417.0,0.0,0.0,0.0,0.0,0.0,158.26062717770068,0.47735191637630664,0.0,151.81005
1836207028,A,8293.364083640527,119.43692770265277,218.15771491050555,3411.75,87.93533649635366,272.6922509225097,66.71010147601476,1387.5365313653147,11.24773565916602,98.34028557676689,2488.0092250922507,5.728269782698938,0.9090909090909974,310.1697416974168,9.654166309100669,74.46445911820912,160.80295202952044,0.46494464944649444,50.051436878018755,153.4002
1838206722,A,8517.5,133.3333333330004,85.18518518520037,3421.25,0.0,0.0,0.0,0.0,0.0,100.99802371500031,2555.25,0.0,0.0,0.0,0.0,0.0,158.21697416974177,0.25092250922509224,0.0,152.4384
1838206726,A,9078.333333330038,167.77777777799943,98.51851851850004,3444.25,0.0,0.0,0.0,0.0,0.0,107.64822134399967,2723.5,0.0,0.0,0.0,0.0,0.0,158.50818505338086,0.33451957295373663,0.0,155.8884
1838206730,A,8517.5,133.3333333330004,85.18518518520037,3421.25,0.0,0.0,0.0,0.0,0.0,100.99802371500029,2555.25,0.0,0.0,0.0,0.0,0.0,158.509090909091,0.4318181818181818,0.0,152.3268
1838206734,A,8401.66666666998,124.8148148149996,314.8148148150012,3415.25,0.0,0.0,0.0,0.0,0.0,99.62450592889967,2520.5,2.9292471819621806,1.3257575757576678,15.978260869565217,0.0,0.0,158.41159420289884,0.5797101449275363,0.0,154.1079
1838206742,A,8310.0,120.0,232.59259259299907,3412.25,0.0,0.0,0.0,0.0,0.0,98.53754940710041,2493.0,0.0,0.0,0.0,0.0,0.0,158.35836431226772,0.44609665427509293,0.0,154.2624
1838206746,A,8310.0,120.0,232.59259259299907,3412.25,0.0,0.0,0.0,0.0,0.0,98.53754940710044,2493.0,0.0,0.0,0.0,0.0,0.0,158.79136690647488,0.3776978417266187,0.0,150.97425
1838206750,A,8338.333333330014,121.48148148100069,257.7777777779994,3413.25,0.0,0.0,0.0,0.0,0.0,98.87351778660012,2501.5,0.0,0.0,0.0,0.0,0.0,158.6656826568267,0.3763837638376384,0.0,153.3063
1838206762,A,8517.5,133.3333333330004,85.18518518520037,3421.25,0.0,0.0,0.0,0.0,0.0,100.99802371500031,2555.25,0.0,0.0,0.0,0.0,0.0,158.45882352941194,0.34191176470588236,0.0,151.8822
1838206770,A,8401.66666666998,124.8148148149996,314.8148148150012,3415.25,0.0,0.0,0.0,0.0,0.0,99.62450592889967,2520.5,2.961111111108263,1.3112947658399432,16.24,0.0,0.0,158.47563636363645,0.3490909090909091,0.0,148.4748
1838206782,A,8773.333333330018,145.9259259259998,311.8518518519996,3429.75,0.0,0.0,0.0,0.0,0.0,104.03162055299984,2632.0,0.0,0.0,0.0,0.0,0.0,158.2844106463879,0.4296577946768061,0.0,152.253
1838206952,A,8288.614097968188,119.25925925900059,213.92273994424727,3411.6442652329747,47.34254992324481,139.62150537634426,34.79278673835125,1201.926881720431,5.773053111757178,98.283961635987,2486.5842293906812,3.6872759856630513,0.8080808080808871,244.17204301075265,3.591731266149069,34.85285795129846,159.62150537634426,0.7240143369175627,27.111980015212296,153.7527
1838206960,A,8401.66666666998,124.8148148149996,314.8148148150012,3415.25,0.0,0.0,0.0,0.0,0.0,99.62450592889967,2520.5,2.9614533011253337,1.330423803250349,15.73478260869565,0.0,0.0,158.3884057971016,0.23550724637681159,0.0,150.10665
1838206972,A,8310.0,120.0,232.59259259299907,3412.25,0.0,0.0,0.0,0.0,0.0,98.53754940710041,2493.0,0.0,0.0,0.0,0.0,0.0,158.77925925925945,0.3851851851851852,0.0,154.02675
1840206962,A,5136.3146811078705,517.1453402859869,128.367428800614,3680.3158844765344,67.70328347938796,215.96967509025274,47.729016245487365,1691.7411552346564,7.888743025920092,60.90491716727945,1540.8944043321299,3.976634576812664,0.9058089924516797,303.27942238267184,12.963647048941185,34.02147064408727,159.9537906137186,0.48014440433212996,36.260802975619775,151.4508
1840206966,A,5565.8518518486635,541.5130315496385,177.0370370370001,3696.75,1.742504409169259,4.5200000000000005,1.1979166666666667,116.11888888888889,0.17390572390574077,65.99824330257532,1669.7555555555555,0.2304526748968888,0.09427609427610369,27.035555555555558,0.0,0.0,158.40000000000012,0.45555555555555555,1.134680134681593,154.16415
1840206974,A,5408.80461922438,533.333333332997,36.88722430295102,3691.1058052434455,28.633850543954722,145.16853932584277,43.74765917602996,755.855056179776,6.411985018732959,64.13602315288321,1622.6413857677903,4.446004993756072,0.5992509363296482,257.3692883895131,9.077606480268845,50.521880544014614,160.81498127340853,0.18726591760299627,22.62512768130074,152.6226
1840206980,A,5440.833333329997,535.1851851849966,65.18518518520027,3692.25,0.0,0.0,0.0,0.0,0.0,64.51581027670002,1632.25,2.6819923371622685,1.1862881690469396,11.18927203065134,0.0,0.0,158.14865900383165,0.4521072796934866,0.0,149.89725
1840206984,A,5391.666666670003,532.5925925930019,22.22222222219991,3690.75,0.0,0.0,0.0,0.0,0.0,63.93280632409963,1617.5,2.9410517387597044,1.3332755031227872,17.86870229007633,0.0,0.0,158.33893129771016,0.46564885496183206,0.0,147.4839
1840206992,A,6078.333333329997,575.1851851849963,246.66666666699953,3719.25,0.0,0.0,0.0,0.0,0.0,72.07509881420015,1823.5,0.0,0.0,0.0,0.0,0.0,158.5803636363638,0.5527272727272727,0.0,155.3631
1840207000,A,5400.161192214453,532.9643146796826,29.229521492293188,3690.890510948905,53.69655891553902,270.1883211678837,81.05155109489051,1378.2514598540142,11.674021234252928,64.03353192349147,1620.0483576642337,10.1084752635838,0.9090909090909973,343.1635036496356,5.452384994056938,75.24971187083098,160.68905109489094,0.15328467153284672,45.394824153941734,150.2247
1840207008,A,5404.777568922632,533.1439710385613,33.361180729606424,3691.0,57.68349445039794,300.0000000000007,90.67551691729324,1484.8296992481185,12.991114149023325,64.08827156825092,1621.4332706766918,8.375626566414624,0.9090909090909975,430.15789473684197,9.39499912571951,78.98595172131856,160.66165413533835,0.05263157894736842,47.410571884240596,150.95805
1840207028,A,5440.833333329997,535.1851851849965,65.18518518520028,3692.25,0.0,0.0,0.0,0.0,0.0,64.5158102767001,1632.25,2.95151701516783,1.313597226881891,15.983763837638378,0.0,0.0,158.5121771217714,0.5682656826568265,0.0,149.54595
1840207036,A,5535.0,540.0,148.8888888889997,3695.5164835164837,1.243676957961392,2.197802197802198,0.5780677655677655,100.48571428571428,0.08325008325,65.63241106719975,1660.5,0.19536019535999996,0.0799200799200879,21.733333333333334,0.0,0.0,158.55824175824205,0.3553113553113553,0.5594405594407692,149.9037
1842206722,A,6782.5,617.7777777780016,137.7777777779995,3748.25,0.0,0.0,0.0,0.0,0.0,80.42490118579988,2034.75,0.0,0.0,0.0,0.0,0.0,158.47619047619057,0.3968253968253968,0.0,162.56205
1842206734,A,6778.345454546292,617.4383838380295,133.9178451179636,3747.9372727272726,90.33246753225795,307.86763636363634,70.4659090909091,1920.4025454545474,10.967107438004641,80.37563780093204,2033.5036363636364,5.355555555553523,0.9090909090909973,276.5992727272728,7.695560253695643,70.52727272719561,160.72145454545475,0.7818181818181819,45.97245179067078,160.2288
1842206742,A,5432.5,534.4444444440012,58.51851851850005,3692.0,0.0,0.0,0.0,0.0,0.0,64.41699604739958,1629.75,0.0,0.0,0.0,0.0,30.654066985614183,158.60363636363647,0.4290909090909091,0.0,150.06585
1842206746,A,5585.833333329997,543.3333333329969,194.0740740740002,3698.0,0.0,0.0,0.0,0.0,0.0,66.23517786559982,1675.75,0.0,0.0,0.0,0.0,0.0,158.39413919413946,0.6263736263736264,0.0,153.1476
1842206770,A,7590.620229007481,664.0274243709064,144.69607011585123,3779.437022900763,50.954198473281224,147.44885496183193,37.33182251908397,1426.7450381679391,5.894691186681064,90.00735449416149,2277.18606870229,7.124151823577769,0.8952116585705244,233.6931297709927,7.59364459435073,67.54369224582238,159.5236641221376,0.36259541984732824,28.008327550308938,160.2576
1842206774,A,6714.411196911622,614.2885742882866,76.94265694265708,3745.8861003861,65.94594594598081,210.3104247104244,55.73359073359073,1390.7791505791515,8.073008073009154,79.61752407405038,2014.3233590733591,6.875268125266871,0.9090909090909977,299.9675675675672,11.81826344616448,70.78947368412919,161.00077220077225,0.528957528957529,41.10331110330385,159.44025
1842206948,A,5515.0,538.8888888890023,131.1111111110003,3694.75,0.0,0.0,0.0,0.0,0.0,65.39525691699976,1654.5,0.0,0.0,0.0,0.0,1.6578947368407408,158.1629629629631,0.5222222222222223,0.0,150.80445
1842206968,A,5548.101684717654,540.6605161119043,160.66586442051266,3696.0442238267146,41.337459171389526,123.24043321299631,31.419223826714802,1354.8205776173302,4.861174926156714,65.78776701245403,1664.4305054151625,3.9350180505400436,0.8303249097473735,258.22671480144356,9.141130047850625,32.63110393308222,159.67653429602925,0.40794223826714804,23.580571053496797,150.91545
1842206972,A,5440.833333329997,535.1851851849963,65.18518518520031,3692.25,0.0,0.0,0.0,0.0,0.0,64.51581027670021,1632.25,2.894234440624166,1.3139123190672197,15.096907216494845,0.0,0.0,158.39450171821343,0.46048109965635736,0.0,150.414
1844206918,A,4198.333333329997,455.185185184999,148.14814814800025,3638.5,0.0,0.0,0.0,0.0,0.0,49.78260869570008,1259.5,0.0,0.0,0.0,0.0,0.0,158.22417582417555,0.45054945054945056,0.0,154.55625
1844206922,A,4449.166666670003,470.0,45.185185185200105,3648.25,0.0,0.0,0.0,0.0,0.0,52.75691699600023,1334.75,2.9850823045244526,1.3425925925931128,15.680000000000005,0.0,0.0,158.51851851851862,0.4666666666666667,0.0,151.0689
1844206926,A,4441.666666670003,469.25925925899725,37.77777777779992,3648.0,0.0,0.0,0.0,0.0,0.0,52.667984189700185,1332.5,0.0,0.0,0.0,0.0,0.0,158.44740740740747,0.337037037037037,0.0,153.6759
1844206942,A,4449.166666670003,470.0,45.185185185200105,3648.25,0.0,0.0,0.0,0.0,0.0,52.75691699600023,1334.75,2.962271973464485,1.3226481230216731,16.361194029850743,0.0,0.0,158.53134328358223,0.39925373134328357,0.0,149.75625
1844206984,A,4684.166666670003,482.9629629630036,254.07407407400018,3657.25,0.0,0.0,0.0,0.0,0.0,55.54347826090041,1405.25,0.0,0.0,0.0,0.0,0.0,158.54964028776996,0.5935251798561151,0.0,149.64345
1844206988,A,4934.166666670003,500.7407407410026,149.6296296299994,3669.0,0.0,0.0,0.0,0.0,0.0,58.50790513829998,1480.25,0.0,0.0,0.0,0.0,0.0,158.65576208178453,0.7063197026022305,0.0,147.05535
1844207004,A,4684.166666670003,482.9629629630036,254.07407407400018,3657.25,0.0,0.0,0.0,0.0,0.0,55.54347826090041,1405.25,0.0,0.0,0.0,0.0,0.0,158.16317689530695,0.4404332129963899,0.0,150.29145
1844207008,A,4684.166666670003,482.96296296300346,254.07407407400018,3657.25,0.0,0.0,0.0,0.0,0.0,55.54347826090038,1405.25,0.0,0.0,0.0,0.0,0.0,158.33939393939409,0.42803030303030304,0.0,149.6013
1844207012,A,4703.333333329997,484.8148148150033,270.3703703700009,3658.5,0.0,0.0,0.0,0.0,0.0,55.77075098810016,1411.0,0.0,0.0,0.0,0.0,0.0,158.21855670103116,0.5189003436426117,0.0,147.56805
1844207016,A,4665.593480934464,482.0158534918525,237.41150744843534,3656.5,70.80302231593649,230.0147601476015,57.26245387453874,1635.6254612546136,8.833780610560542,55.323242856926186,1399.6780442804427,3.8299507995054287,0.9090909090909974,367.461254612545,15.372865356554195,50.12818022912375,160.7911439114392,1.0,41.701889746152794,147.64815
1844207020,A,4679.166666670003,482.59259259300256,249.6296296299992,3657.0,0.0,0.0,0.0,0.0,0.0,55.4841897233,1403.75,0.0,0.0,0.0,0.0,0.0,158.5647058823531,0.33088235294117646,0.0,147.64665
1844207024,A,4190.0,454.81481481500293,140.74074074099937,3638.0,0.0,0.0,0.0,0.0,0.0,49.68379446640018,1257.0,0.0,0.0,0.0,10.232558139532731,101.09090909082428,160.4189090909093,0.9272727272727272,0.0,152.8851
1846206722,A,5230.0,522.2222222219997,211.1111111110003,3683.5,0.0,0.0,0.0,0.0,0.0,62.01581027670003,1569.0,0.0,0.0,0.0,0.0,0.0,158.26319702602248,0.49814126394052044,0.0,152.5488
1846206726,A,5186.004273505276,519.6472663142665,172.6387193053554,3681.921245421245,42.71411128554873,128.8571428571428,34.276556776556774,1492.1857142857152,4.917582417582786,61.49415801589789,1555.8021978021977,4.450040700038983,0.9090909090909974,273.9384615384618,7.16756112104832,34.993252361638206,159.402197802198,0.5054945054945055,25.95404595403771,150.5889
1846206730,A,5565.833333329997,541.4814814809973,177.0370370370001,3696.75,0.0,0.0,0.0,0.0,0.0,65.99802371539981,1669.75,0.0,0.0,0.0,0.0,0.0,158.14117647058845,0.4632352941176471,0.0,150.9303
1846206738,A,5190.0,520.0,176.29629629600046,3682.0,0.0,0.0,0.0,0.0,0.0,61.541501976300296,1557.0,0.0,0.0,0.0,9.068902913458365,34.22862453529368,159.45278810408925,0.17100371747211895,0.0,155.45445
1846206754,A,5096.635572137685,514.5992260915855,93.23383084576614,3678.366604477612,39.712153518144405,127.71492537313426,33.9540578358209,736.9544776119394,4.809362279513027,60.4344138988614,1528.990671641791,3.576388888887616,0.5766621438263811,216.70746268656714,14.845539743139454,48.14414768259127,160.11940298507466,0.11940298507462686,24.214156490264127,149.76435
1846206758,A,5230.0,522.222222222,211.1111111110003,3683.5,0.0,0.0,0.0,0.0,0.0,62.0158102767,1569.0,0.0,0.0,0.0,0.0,0.0,158.284410646388,0.6653992395437263,0.0,151.95285
1846206762,A,5088.512544802831,514.10726138314,85.97371565113043,3678.2132616487456,46.9926608636406,186.0688172043014,45.881496415770606,1213.3053763440853,7.328282828278877,60.33809341663537,1526.5537634408602,7.159498207882748,0.8895405669600082,315.2759856630826,10.651829624070679,52.85842293901765,160.64229390681024,0.2939068100358423,28.945367655037174,146.96835
1846206766,A,5174.166666670003,518.8888888890025,162.22222222200054,3681.5,0.0,0.0,0.0,0.0,0.0,61.35375494069968,1552.25,0.0,0.0,0.0,0.0,0.0,158.37664233576646,0.19708029197080293,0.0,148.85355
1846206774,A,5190.0,520.0,176.29629629600046,3682.0,0.0,0.0,0.0,0.0,0.0,61.54150197630031,1557.0,0.22727272727249992,0.09297520661157953,0.0,0.0,0.0,158.48484848484864,0.5075757575757576,0.0,154.09125
1846206778,A,5208.333333329997,520.740740741002,192.59259259299918,3682.75,0.0,0.0,0.0,0.0,0.0,61.75889328059971,1562.5,0.0,0.0,0.0,0.0,0.0,158.14306569343094,0.5583941605839416,0.0,152.08515
1846206782,A,5092.968750000478,514.2837690628978,89.92647058823727,3678.25,59.45203081235456,189.63970588235316,47.95726102941177,1241.6911764705872,7.060160427808208,60.39093379446681,1527.890625,7.588337418298487,0.899064171123082,303.4499999999994,10.533515731868677,80.87122678009992,160.25882352941207,0.24632352941176472,32.533422459879496,149.47245
1846206912,A,4679.872262776353,482.6412543934407,250.21897810243027,3657.0,40.56308654844491,86.26861313868613,24.76163321167883,625.8218978102188,3.420039814201386,55.49255647556411,1403.9616788321168,2.321066504460622,0.35500995355013565,105.11240875912411,1.2035308097094526,0.0,158.37664233576655,0.5474452554744526,17.660915726612632,149.97495
1846206920,A,4938.2361111114005,500.9012345679994,153.40000000006995,3669.1408333333334,10.59523809523167,28.42800000000001,7.416666666666667,556.218,1.1012121212131003,58.55615942028831,1481.4708333333333,0.9185185185176021,0.37575757575761426,117.02133333333335,1.853488372091967,0.0,158.0053333333335,0.5366666666666666,6.443434343434765,145.7394
1846206924,A,4703.333333329997,484.81481481500293,270.37037037000084,3658.5,0.0,0.0,0.0,0.0,0.0,55.770750988100154,1411.0,0.0,0.0,0.0,0.0,0.0,158.68527131782943,0.4573643410852713,0.0,149.92395
1846206928,A,4684.166666670003,482.9629629630035,254.07407407400018,3657.25,0.0,0.0,0.0,0.0,0.0,55.543478260900386,1405.25,0.0,0.0,0.0,0.0,0.0,158.3278195488725,0.43609022556390975,0.0,149.8503
1852206918,A,10070.839694655342,43.47469607009413,139.38931297717556,3882.8568702290077,113.4605597961565,377.7664122137404,83.3587786259542,1878.8026717557264,13.154580152658367,119.41707147814152,3021.2519083969464,3.3524173027978326,0.8986814712006428,356.8076335877863,19.059115924009934,25.298312575311954,159.42595419847342,1.0,53.0233634050554,159.7026
1852206930,A,7021.666666670003,631.1111111109996,11.111111111099953,3757.0,0.0,0.0,0.0,0.0,0.0,83.26086956520037,2106.5,0.0,0.0,0.0,0.0,0.0,158.55999999999995,0.3535714285714286,0.0,159.4644
1852206934,A,7021.666666670003,631.1111111109992,11.111111111099955,3757.0,0.0,0.0,0.0,0.0,0.0,83.26086956520032,2106.5,0.0,0.0,0.0,0.0,0.0,158.25239852398545,0.33948339483394835,0.0,155.8158
1852206942,A,6753.0294825530345,616.1171279581664,111.48549271316189,3747.120938628159,32.4325253567155,99.11046931407941,24.984205776173287,843.9346570397112,3.8982605841824896,80.07544840968062,2025.908844765343,2.9472523064566816,0.4922874958976545,150.4924187725632,13.526991856260977,51.7532775982992,160.63537906137205,0.6101083032490975,18.217919264851226,162.6417
1852206980,A,8581.666666669984,721.4814814809965,312.5925925930006,3818.0,0.0,0.0,0.0,0.0,0.0,101.75889328099969,2574.5,0.0,0.0,0.0,0.0,35.98095051056357,159.00895522388083,0.22388059701492538,0.0,156.49545
1852206992,A,7021.666666670003,631.1111111109996,11.111111111099953,3757.0,0.0,0.0,0.0,0.0,0.0,83.26086956520037,2106.5,0.0,0.0,0.0,0.0,0.0,158.56512455516034,0.2526690391459075,0.0,157.24065
1852206996,A,7021.666666670003,631.1111111109993,11.111111111099955,3757.0,0.0,0.0,0.0,0.0,0.0,83.26086956520032,2106.5,0.0,0.0,0.0,0.0,0.0,158.67058823529413,0.34558823529411764,0.0,158.2758
1852207004,A,7021.666666670003,631.1111111109989,11.111111111099955,3757.0,0.0,0.0,0.0,0.0,0.0,83.26086956520028,2106.5,0.0,0.0,0.0,0.0,0.0,158.3325670498085,0.3524904214559387,0.0,158.25015
1852207008,A,7050.833333329997,632.5925925930004,37.777777777799955,3758.25,0.0,0.0,0.0,0.0,0.0,83.60671936760005,2115.25,0.0,0.0,0.0,0.0,0.0,158.45000000000002,0.4765625,0.0,157.58925
1852207012,A,6749.2602657004345,615.9339774557855,108.0515297907246,3746.914855072464,58.47135955832121,172.47826086956528,43.57676630434783,1579.0195652173916,6.827075098817389,80.03075413873205,2024.778079710145,6.147846215779106,0.9090909090909973,271.10289855072466,7.178968655204316,71.76773455371196,160.77681159420322,0.5217391304347826,32.06960913482846,160.9824
1852207016,A,7021.666666670003,631.1111111109994,11.111111111099955,3757.0,0.0,0.0,0.0,0.0,0.0,83.26086956520035,2106.5,0.0,0.0,0.0,0.0,0.0,158.49208633093554,0.420863309352518,0.0,157.18455
1852207024,A,7021.666666670003,631.1111111109992,11.111111111099955,3757.0,0.0,0.0,0.0,0.0,0.0,83.26086956520032,2106.5,0.0,0.0,0.0,0.0,0.0,158.18666666666684,0.3814814814814815,0.0,154.60515
1852207028,A,7021.666666670003,631.1111111109988,11.111111111099955,3757.0,0.0,0.0,0.0,0.0,0.0,83.26086956520025,2106.5,0.0,0.0,0.0,0.0,0.0,158.4941176470589,0.37254901960784315,0.0,159.61155
1852207032,A,7021.666666670003,631.1111111109986,11.111111111099955,3757.0,0.0,0.0,0.0,0.0,0.0,83.26086956520024,2106.5,0.0,0.0,0.0,0.0,0.0,158.37460317460332,0.2896825396825397,0.0,157.0176
1852207036,A,7021.666666670003,631.1111111109988,11.111111111099955,3757.0,0.0,0.0,0.0,0.0,0.0,83.26086956520025,2106.5,0.0,0.0,0.0,0.0,0.0,158.4564705882354,0.34509803921568627,0.0,155.8752
1854206786,A,9428.333333330032,770.740740740999,78.51851851850004,3851.25,0.0,0.0,0.0,0.0,0.0,111.79841897200018,2828.5,0.0,0.0,0.0,0.0,0.0,158.2479087452474,0.3231939163498099,0.0,147.8568
1854206790,A,8851.666666669978,736.2962962960008,220.0,3828.0,0.0,0.0,0.0,0.0,0.0,104.96047430800064,2655.5,0.0,0.0,0.0,0.0,0.0,158.6060606060606,0.5492424242424242,0.0,152.28885
1854206798,A,8851.666666669977,736.2962962960008,220.0,3828.0,0.0,0.0,0.0,0.0,0.0,104.96047430800066,2655.5,0.0,0.0,0.0,0.0,0.0,158.16119402985086,0.3656716417910448,0.0,153.3726
1854206806,A,8818.51923077129,734.4444444440012,190.51282051273867,3826.9134615384614,38.7692307693177,103.6707692307692,31.884615384615383,792.8250000000002,4.706643356650148,104.56742170851903,2645.5557692307693,3.949786324784962,0.3916083916084315,93.6707692307692,7.602862254021157,78.63866396752822,160.24615384615396,0.25769230769230766,21.081585081593474,153.2358
1854206810,A,8744.179197994583,730.9649122807375,124.42495126703035,3824.5,62.12853562476975,182.72932330827072,46.50258458646616,1655.7699248120311,7.2465823650072885,103.68591934382741,2623.253759398496,6.4416248955704605,0.9090909090909975,284.53684210526296,10.267529288333419,73.00356153535168,160.63759398496256,0.5375939849624061,33.98496240601927,155.4033
1854206814,A,8747.69570707233,731.2794612791779,127.56453423121198,3824.620265151515,38.04292929292576,120.55454545454539,30.877130681818183,863.2590909090906,4.764634986229543,103.72761708022045,2624.308712121212,4.116687710434927,0.557851239669478,199.34090909090887,17.565186751227984,43.07565789470236,161.0909090909094,0.5265151515151515,22.001836547292402,157.88175
1854206818,A,9761.666666669944,23.333333333300068,235.55555555599904,3869.25,0.0,0.0,0.0,0.0,0.0,115.75098814200028,2928.5,2.222222222220009,0.911994509555558,0.0,12.627015638943561,117.89427837874685,161.54982578397235,1.0,0.0,155.68635
1854206822,A,9850.83333333004,28.888888888899842,271.1111111109998,3873.0,0.0,0.0,0.0,0.0,0.0,116.8083003950005,2955.25,0.0,0.0,0.0,0.0,0.0,158.40613026819946,0.5095785440613027,0.0,152.95125
1854206830,A,9607.153284674185,15.670451473393875,98.77534468774193,3864.2554744525546,7.052485227662047,19.248175182481752,5.093521897810219,446.421897810219,0.737558062375329,113.91881365201476,2882.1459854014597,0.7380373073796361,0.301924353019274,79.4934306569343,0.0,0.0,158.45839416058413,0.2591240875912409,4.9192656491975555,150.9534
1854206842,A,9857.566425121331,29.35990338165348,276.55662909287213,3873.491847826087,49.58074534152797,145.42173913043482,34.59692028985507,966.9597826086957,6.079216073783159,116.88813942845243,2957.269927536232,9.342793880836476,0.9025032938077293,194.36666666666656,16.784630940337575,103.14931350105424,163.1652173913046,0.4927536231884058,23.05884936320564,153.5334
1854206880,A,8819.166666669975,734.4444444440012,191.1111111110003,3827.0,0.0,0.0,0.0,0.0,0.0,104.57509881399973,2645.75,0.0,0.0,0.0,7.366646494334204,38.486597534687114,159.3814126394054,0.24907063197026022,0.0,153.90015
1854206888,A,8851.666666669977,736.2962962960008,220.0,3828.0,0.0,0.0,0.0,0.0,0.0,104.96047430800066,2655.5,0.0,0.0,0.0,0.0,13.307707470906958,157.84269662921363,0.24344569288389514,0.0,151.5282
1854206892,A,8582.30794271093,721.4814814809966,312.9976851854292,3818.03125,9.281994047611724,23.207812500000003,6.2109375,535.8082031250001,0.89417613636336,101.7664973445312,2574.6923828125,0.9548611111101583,0.3906250000000398,109.221875,1.187318313953086,0.0,158.20000000000005,0.3359375,5.724431818186719,155.33235
2056207360,A,3758.765206815185,310.0,248.52392538531024,4062.9297445255474,16.84045881127044,48.227737226277384,12.683622262773723,575.5773722627737,1.8951559389523336,44.57033842068527,1127.6295620437957,3.0175385239247094,0.3317850033178837,69.49927007299273,7.12951960617712,70.92777564340456,160.58394160583978,0.7372262773722628,9.835213448349265,158.7663
2056207368,A,4241.544871793306,341.928774928846,7.199430199431869,4084.420192307692,61.0329670328858,135.42,36.91466346153846,1041.4049999999993,5.388461538465232,50.29499847977954,1272.4634615384616,6.853098290597261,0.9055944055944939,174.27846153846167,14.927549194993114,101.5495951416112,163.39692307692326,0.5653846153846154,31.8543123543064,147.7914
2056207372,A,3729.184652281442,307.4460431651258,222.2355448971984,4061.25,5.517300445360429,14.663309352517988,3.917491007194245,99.53417266187049,0.56147809025518,44.21958085702214,1118.7553956834533,1.978417266186151,0.10791366906475895,0.0,0.0,0.0,157.97410071942474,0.48201438848920863,3.6439938957928057,154.31715
2056207384,A,3632.4349442380667,303.2025333882037,136.21643948781397,4058.2704460966543,35.652327845636336,159.01561338289974,46.511384758364315,1247.521561338291,6.796721865501148,43.072351117440334,1089.7304832713755,6.042441140022715,0.871916187901403,296.581412639405,2.968790524767584,35.00586969278612,159.63122676579954,0.9442379182156134,29.60572265405577,153.28515
2056207392,A,2895.833333329997,257.40740740700056,122.96296296299991,4027.5,0.0,0.0,0.0,0.0,0.0,34.33794466399999,868.75,0.15076414704684016,0.0067590402162899625,2.7063197026022303,9.239215008209262,22.575327724500184,159.72639405204484,0.15985130111524162,0.0,157.00575
2056207396,A,2895.833333329997,257.4074074070007,122.9629629629999,4027.5,0.0,0.0,0.0,0.0,0.0,34.337944664000005,868.75,0.0,0.0,0.0,0.0,0.0,158.49696969696973,0.49242424242424243,0.0,153.6072
2056207400,A,2546.019813519405,234.81481481499966,153.97306397313275,4012.125874125874,68.33499833503282,223.33426573426607,59.47880244755245,1446.2727272727266,8.434361093453827,30.189992813501767,763.8068181818181,5.103923853923211,0.9090909090909971,317.5356643356641,14.351927142619926,49.82655502387852,160.727272727273,0.5454545454545454,42.53761390124371,152.68305
2056207404,A,2895.833333329997,257.4074074070006,122.96296296299991,4027.5,0.0,0.0,0.0,0.0,0.0,34.33794466399999,868.75,0.0,0.0,0.0,0.0,17.037256061477898,158.56179775280916,0.48314606741573035,0.0,156.5634
2056207408,A,4244.650243306238,342.2222222220006,9.656663963248112,4084.6131386861316,21.93430656931716,52.948905109489075,13.132983576642335,327.5145985401461,2.066025215662627,50.33182106691684,1273.3950729927008,1.3706407137050407,0.5607166556072232,94.24963503649634,20.709556951283627,132.71657702637793,161.79854014598567,0.6094890510948905,15.496571554951027,147.5847
2056207412,A,4243.243080623861,342.0951998929389,8.70704639657862,4084.5,44.25305140102955,108.66714801444029,27.198781588447652,678.4873646209387,4.316540859866285,50.315135343393756,1272.9729241877255,4.6043922984342185,0.9090909090909973,137.61444043321288,18.625640164553737,117.15466463982986,162.32202166064994,0.8303249097472925,30.417897385383448,146.84295
2056207416,A,2884.646371463506,256.78966789688855,113.24039907076326,4027.0756457564576,36.169390265345726,109.94833948339476,29.37961254612546,975.2014760147595,4.133176786314801,34.205329405084925,865.3948339483395,3.5726732267304477,0.6843341160685014,190.10036900369005,17.012786406928488,28.402602447038007,159.63394833948357,0.5092250922509225,20.899027172091582,154.3845
2056207420,A,3157.5716845873826,273.6333466083471,25.88610115491211,4038.3010752688174,14.4034818228172,30.984946236559136,9.321236559139784,584.6365591397849,1.3049853372449463,37.44156147735153,947.2715053763441,10.235961768218662,0.6581948517433042,146.2121863799283,24.826206551624903,100.45510281071076,161.57132616487462,0.4659498207885305,6.791571630276705,149.19945
2056207558,A,2781.4515151514543,251.40740740708102,21.56228956228973,4023.280909090909,52.45194805196955,154.416,41.01477272727273,1502.2374545454543,5.9271074380187,32.98163851956592,834.4354545454545,7.089898989897142,0.9057851239670301,250.3403636363638,7.306553911200406,71.6775119616515,160.83781818181842,0.34545454545454546,30.26666666666151,151.85055
2056207562,A,790.0,124.444444444001,8.88888888888998,3937.75,0.0,0.0,0.0,0.0,0.0,9.367588932809968,237.0,0.0,0.0,0.0,5.530388173248291,67.73527685377816,160.9159851301123,0.25650557620817843,0.0,155.78985
2056207566,A,790.0,124.44444444400098,8.888888888889987,3937.75,0.0,0.0,0.0,0.0,0.0,9.367588932809975,237.0,0.0,0.0,0.0,0.0,0.0,158.71515151515223,0.35984848484848486,0.0,154.2108
2058207552,A,3739.166666670003,309.2592592589989,231.11111111100033,4062.256205673759,0.0,0.0,0.0,0.0,0.0,44.33794466399979,1121.75,0.14184397163106385,0.05802707930368087,13.324822695035461,0.0,0.0,158.28652482269518,0.28368794326241137,0.0,153.57315
2058207556,A,3846.3454545446907,316.1185185184004,326.36228956229525,4067.0,44.00865800863749,139.69309090909078,35.95227272727273,1249.9996363636365,5.450413223143526,45.60883938195101,1153.9036363636365,3.465656565654189,0.8330578512397507,287.12727272727346,7.8469344608832765,30.632057416246912,159.80218181818194,0.5018181818181818,27.2606060606015,152.2884
2058207560,A,4190.0,337.7777777779994,278.5185185189998,4081.5,0.0,0.0,0.0,0.0,0.0,49.68379446640018,1257.0,0.0,0.0,0.0,0.0,0.0,158.45882352941183,0.5588235294117647,0.0,147.975
2058207564,A,3638.342490844654,303.487993487923,141.3566680232457,4058.5,26.83935112506407,125.53846153846153,36.38278388278388,918.5142857142877,5.438228438233412,43.14240107718907,1091.5027472527472,1.6524216524200057,0.6759906759907431,286.7076923076925,4.440753045401796,20.211586658944903,159.94139194139206,0.3882783882783883,23.348873348879145,152.9673
2058207580,A,3759.1666666700035,310.0,248.88888888899967,4063.0,0.0,0.0,0.0,0.0,0.0,44.57509881420018,1127.75,0.0,0.0,0.0,3.980145233935969,39.379030580359725,159.4181818181819,0.5810276679841897,0.0,4326.15405
2058207618,A,4520.0,357.7777777779994,254.07407407400018,4095.0,0.0,0.0,0.0,0.0,0.0,53.59683794470027,1356.0,0.0,0.0,0.0,0.0,0.0,158.17464788732423,0.2605633802816901,0.0,142.38285
2058207622,A,4353.333333329997,348.1481481480004,105.92592592599982,4088.5,0.0,0.0,0.0,0.0,0.0,51.62055335970023,1306.0,0.0,0.0,0.0,0.0,0.0,158.48057553956858,0.4352517985611511,0.0,147.2622
2058207630,A,4190.0,337.7777777779994,278.51851851899994,4081.5,0.0,0.0,0.0,0.0,0.0,49.68379446640018,1257.0,0.0,0.0,0.0,0.0,0.0,158.21075268817222,0.7455197132616488,0.0,150.79695
2058207646,A,4354.166666670003,348.1481481480004,106.66666666699972,4088.75,0.0,0.0,0.0,0.0,0.0,51.6304347826003,1306.25,2.96379863617925,1.3425773985342475,15.688086642599275,0.0,0.0,158.37111913357418,0.34657039711191334,0.0,147.56265
2058207658,A,3759.1666666700035,310.0,248.88888888899984,4063.0,0.0,0.0,0.0,0.0,0.0,44.57509881420022,1127.75,0.0,0.0,0.0,0.0,0.0,158.70334572490717,0.5204460966542751,0.0,153.32505
2058207662,A,3997.3154761931096,325.7050264553208,107.27513227533584,4073.5294642857143,10.069727891152041,25.967142857142868,6.888392857142857,598.1346428571427,1.0397727272722506,47.3989977413763,1199.1946428571428,0.936507936507002,0.38311688311692227,112.17999999999994,1.5390365448493932,0.0,158.44571428571456,0.5785714285714286,6.12554112554582,150.4917
2058207666,A,4300.282002535666,344.8148148150015,59.05365441487532,4086.3688212927755,24.731124388927356,78.85323193916341,18.329372623574145,629.812927756654,2.8975112340131566,50.99148619603803,1290.0846007604562,4.312420785803803,0.5184929139302292,162.76197718631173,10.88513573259905,57.332399439614655,160.9733840304185,0.7110266159695817,11.875792141951733,147.70725
2058207670,A,4040.0,328.88888888900163,145.18518518500042,4075.75,0.0,0.0,0.0,0.0,0.0,47.90513833990006,1212.0,0.0,0.0,0.0,0.0,0.0,158.2705882352942,0.46691176470588236,0.0,146.2707
2058207678,A,4283.760606061019,344.0659932659275,44.61144781144365,4085.920909090909,37.1740259740154,168.48000000000016,50.06704545454546,1310.0880000000006,7.2505785124066815,50.795580309007256,1285.128181818182,5.9803030303016325,0.9024793388430629,327.5083636363638,5.939112050736331,35.658851674606446,159.162181818182,0.2545454545454545,29.010468319556328,148.0416
2062207560,A,142.5,84.07407407409974,102.22222222200044,3910.5,0.0,0.0,0.0,0.0,0.0,1.689723320159999,42.75,0.0,0.0,0.0,0.0,0.0,63.303816793893056,0.6030534351145038,0.0,155.5752
2062207568,A,10141.696217500361,47.230102442846665,202.28001050691498,3885.4317375886526,29.635258358608862,96.78723404255317,23.552748226950353,808.0053191489359,3.659896840745213,120.25726740107149,3042.508865248227,4.086879432624043,0.4964539007092705,113.76737588652479,11.757380834564747,83.5516983948381,161.49787234042572,0.375886524822695,15.598538577272793,154.79505
2062207572,A,10142.5,47.407407407399795,202.9629629629999,3885.5,0.0,0.0,0.0,0.0,0.0,120.2667984190004,3042.75,0.008051529790652174,0.003293807641634058,1.663768115942029,0.0,21.094107551461953,158.43478260869588,0.39855072463768115,0.0,157.17945
2062207576,A,10108.48540145693,45.30278453638538,172.79264666133926,3884.2290145985403,95.91588460178649,316.36642335766425,69.83234489051095,1715.4733576642348,11.004479097530432,119.8634632583791,3032.545620437956,4.025243309000503,0.9024552090246397,320.0686131386866,17.940926837544822,47.94515943136235,159.7430656934309,0.27007299270072993,44.39615129397455,153.5691
2062207580,A,9896.039518900148,32.41058928343449,310.6300114549449,3875.5601374570447,30.810014727470424,99.1917525773196,22.793170103092784,787.3041237113398,3.542018119335084,117.34434212116503,2968.811855670103,2.939098892705094,1.3191190253047742,184.54020618556697,4.8541516822477355,0.0,158.31752577319622,0.42955326460481097,16.260543580139178,152.8959
2062207626,A,790.0,124.44444444400057,8.888888888890039,3937.75,0.0,0.0,0.0,0.0,0.0,9.367588932809982,237.0,0.0,0.0,0.0,0.0,0.0,158.71999999999994,0.45660377358490567,0.0,157.4319
2062207634,A,634.698986058215,114.2472891139627,211.58428390379805,3930.865969581749,67.88882853506814,225.11178707224343,50.79253802281369,1418.7399239543713,7.955409609395582,7.526074933496781,190.4096958174905,5.392374313475932,0.6533010715520874,188.48365019011416,16.214519409313635,55.33119871919044,160.6205323193919,0.6577946768060836,33.21811268581305,153.12735
2062207642,A,10532.5,72.22222222220043,297.0370370369986,3902.5,0.0,0.0,0.0,0.0,0.0,124.8913043479995,3159.75,0.0,0.0,0.0,0.0,0.0,158.02724014336926,0.5340501792114696,0.0,155.7486
2062207646,A,10532.5,72.22222222220041,297.0370370369988,3902.5,0.0,0.0,0.0,0.0,0.0,124.89130434799951,3159.75,3.0942792234598233,1.3830686042581346,16.414869888475835,0.0,0.0,158.45353159851322,0.4163568773234201,0.0,159.84915
2062207654,A,88.33333333329963,80.73939393935397,54.07407407410018,3908.241818181818,0.0,0.0,0.0,0.0,0.0,1.0474308300400075,26.5,0.9080808080808365,0.08595041322314907,14.631272727272728,9.116279069764001,27.09377990428087,159.58109090909116,0.3709090909090909,0.0,157.90155
2062207658,A,10375.83333329997,63.33333333329972,157.77777777799946,3896.25,0.0,0.0,0.0,0.0,0.0,123.03359683799961,3112.75,0.0,0.0,0.0,0.0,0.0,158.63512544802884,0.5555555555555556,0.0,160.8633
2062207662,A,10532.5,72.22222222220041,297.0370370369988,3902.5,0.0,0.0,0.0,0.0,0.0,124.89130434799952,3159.75,0.0,0.0,0.0,0.0,0.0,158.31641791044805,0.44029850746268656,0.0,155.96205
2062207666,A,10113.376068371423,45.50942884280311,177.1482838149451,3884.334249084249,72.64433978709143,241.67912087912092,58.11240842490842,1839.8142857142843,8.743423243417947,119.92145535620185,3034.0128205128203,5.45787545787404,0.9057609057609938,274.64615384615405,17.12241247124498,57.928475033670196,158.4058608058609,0.5970695970695971,38.50926850929206,156.33555
2062207674,A,10142.5,47.407407407399795,202.9629629629999,3885.5,0.0,0.0,0.0,0.0,0.0,120.26679841900042,3042.75,0.0,0.0,0.0,7.603946441152391,66.77980462512738,160.83636363636364,0.14772727272727273,0.0,158.73885
2064207376,A,6247.649253732501,463.8045881704548,147.40740740743303,4166.6875,45.37313432832694,116.04626865671634,29.500932835820894,1038.8261194029847,4.527137042065152,74.08279747506937,1874.294776119403,3.4406094527341833,0.6716417910448429,187.49552238805978,10.231690385290028,44.635212097372005,161.83880597014942,0.6753731343283582,31.64179104475983,151.99035
2064207388,A,6796.666666670003,502.9629629630035,144.44444444400068,4193.0,0.0,0.0,0.0,0.0,0.0,80.59288537549973,2039.0,0.0,0.0,0.0,0.0,0.0,158.3518796992483,0.41729323308270677,0.0,154.13565
2064207392,A,6220.833333329997,460.0,123.69547325132196,4164.230555555556,1.4109347442685183,0.0,0.0,307.8255555555555,0.0,73.76482213440005,1866.25,1.0889917695468887,0.14814814814816288,13.294814814814815,9.3910422049927,47.360136452193316,158.76740740740757,0.29259259259259257,0.0,156.93165
2064207404,A,6219.101368157648,460.0,122.02598120522711,4164.111007462687,68.8734896941881,234.85074626865674,52.75536380597015,998.8365671641793,8.275271370410735,73.74428499794068,1865.7304104477612,3.0109867330011246,0.5834464043419855,220.45820895522365,18.416348490100052,24.417714061247768,160.62089552238837,0.6380597014925373,33.94504748984328,154.1364
2064207412,A,6193.462695547545,458.5185185190022,99.02928198957137,4163.118231046931,127.56575554373168,434.6339350180507,97.62522563176896,2080.8541516245473,15.2850344601061,73.4402691171606,1858.03880866426,3.687324508621488,0.9090909090909973,364.97039711191417,16.053228108463408,52.898061941815456,160.51985559566802,0.09386281588447654,62.88480472598978,155.9178
2064207420,A,6142.240948814908,456.0313497017305,53.26120127619026,4161.5,44.55323702512366,120.58426966292133,29.902855805243444,681.7550561797751,4.646237657475731,72.83289662624755,1842.6722846441949,7.518726591759856,0.6332992849847416,113.03820224719102,9.761344830592586,67.13335304546652,160.443445692884,0.8764044943820225,29.431392577440096,157.59375
2064207570,A,6298.333333329997,470.37037037000096,42.22222222220015,4171.25,0.0,0.0,0.0,0.0,0.0,74.6837944664002,1889.5,0.15118901189003692,0.006709158000671587,2.841328413284133,9.192482622495902,24.452806370151933,158.9608856088561,0.977859778597786,0.0,145.27995
2064207574,A,5592.5,422.96296296300295,219.2592592590007,4139.0,0.0,0.0,0.0,0.0,0.0,66.31422924899978,1677.75,0.0,0.0,0.0,0.0,0.0,158.2328358208957,0.30970149253731344,0.0,152.20185
2064207578,A,5993.333333329997,446.66666666700246,246.66666666699945,4155.25,0.0,0.0,0.0,0.0,0.0,71.0671936759002,1798.0,0.0,0.0,0.0,0.0,0.0,158.22878228782298,0.3726937269372694,0.0,153.22305
2064207582,A,5988.80486358071,446.47291419536975,242.57809410854765,4155.002669039146,55.03304524640893,185.85053380782924,41.50467081850534,791.727758007118,6.553219022961168,71.01349640612636,1796.6414590747331,1.2905298536965153,0.4496926560983963,183.36512455516024,8.929901514522031,8.237497658741638,159.45338078291837,0.3238434163701068,26.463927531557648,152.25345
2066207556,A,6471.772673732755,481.70658290789765,196.1366313309785,4178.750883392227,39.12502103314065,123.01484098939929,30.12809187279152,1449.3805653710249,4.5565371024729755,76.7403874355864,1941.5318021201413,3.540439733017074,0.8223578541600545,258.2925795053004,6.939764976577353,33.69490422165045,159.36678445229728,0.3286219081272085,20.62212228289444,152.6031
2066207572,A,6298.333333329997,470.37037037000096,42.22222222220015,4171.25,0.0,0.0,0.0,0.0,0.0,74.6837944664002,1889.5,0.0,0.0,0.0,0.0,16.250733711579453,158.39405204460977,0.7657992565055762,0.0,148.4688
2066207638,A,7107.5,521.4814814809974,88.14814814809968,4205.75,0.0,0.0,0.0,0.0,0.0,84.27865612649964,2132.25,1.7955635491591748,0.8709396119464985,14.896402877697842,0.0,0.0,158.2618705035974,0.44964028776978415,0.0,152.1099
2066207654,A,6331.239157373756,472.44802423257545,70.94589012806185,4172.586431226766,29.229952203938627,81.52416356877322,20.963057620817843,830.0330855018591,3.0608313619476553,75.07398210322506,1899.3717472118958,6.412639405204085,0.5778979384927923,121.40966542750935,12.468228581314326,73.8133437682749,161.0349442379183,0.4349442379182156,15.736172130214854,147.75465
2066207658,A,6560.833333329997,487.0370370369965,275.555555555999,4182.25,0.0,0.0,0.0,0.0,0.0,77.79644268770032,1968.25,0.0,0.0,0.0,0.0,0.0,158.40599250936344,0.4307116104868914,0.0,154.8909
2066207662,A,6690.833333329997,496.2962962960007,50.37037037039999,4188.75,0.0,0.0,0.0,0.0,0.0,79.3379446639996,2007.25,0.0,0.0,0.0,0.0,0.0,158.10850202429148,0.5991902834008097,0.0,144.68265
2066207666,A,6461.785268412957,481.21653488672746,187.0467471216741,4178.5,18.858569645084998,81.94157303370787,23.568586142322097,721.3977528089881,3.514811031664196,76.62195970454165,1938.5355805243446,1.2234706616716888,0.5005107252298776,198.92584269662922,4.734779200416441,1.9633353045543072,158.9093632958803,0.21348314606741572,15.436386335268665,150.2016
2066207674,A,6460.833333329997,481.111111110997,185.9259259259998,4178.5,0.0,0.0,0.0,0.0,0.0,76.61067193679993,1938.25,0.0,0.0,0.0,0.0,0.0,158.5318996415771,0.2616487455197133,0.0,151.3467
2066207678,A,6411.666666670003,477.4074074069976,142.9629629629999,4176.0,0.0,0.0,0.0,0.0,0.0,76.02766798420014,1923.5,2.938649080733389,1.3143121866142817,15.289208633093525,0.0,0.0,157.82446043165478,0.44964028776978415,0.0,149.9028
2068207526,A,5592.5,422.96296296300306,219.2592592590007,4139.0,0.0,0.0,0.0,0.0,0.0,66.31422924899981,1677.75,0.0,0.0,0.0,0.0,0.0,158.11282051282055,0.2564102564102564,0.0,153.5343
2068207530,A,5025.0,389.6296296299991,45.18518518520012,4116.75,0.0,0.0,0.0,0.0,0.018911745189124085,59.58498023719984,1507.5,0.867802108677155,0.35500995355013565,0.0,5.11543031743832,0.0,158.2598540145986,0.24817518248175183,0.0,144.85365
2068207550,A,5025.0,389.6296296299991,45.185185185200105,4116.75,0.0,0.0,0.0,0.0,0.08161541061159851,59.58498023719984,1507.5,1.9496076001632787,0.7975667455222141,0.0,12.722399930851708,56.09029544114572,161.01115241635696,0.022304832713754646,0.0,144.41715
2070207528,A,5321.3126566417295,405.9607351713008,308.5519353939949,4127.712406015037,42.09094163980417,114.26165413533828,29.2093515037594,1309.0071428571423,4.523239917977478,63.098569051082244,1596.3937969924812,5.940893901417701,0.7655502392345251,199.10526315789502,14.114355656574865,56.55619311429888,158.64060150375954,0.37218045112781956,21.045796308954223,151.17435
2070207532,A,5438.139606393465,413.9975399754024,82.09375427085655,4132.959409594096,9.878755930418079,19.328413284132846,4.8212638376383765,419.7177121771218,0.7812814491779704,64.48386885054664,1631.4418819188193,2.8710537105364584,0.241529688024177,24.135793357933576,8.917017077143509,33.445329190100956,159.3505535055352,0.3062730627306273,3.4529799843446503,153.8523
2070207682,A,5210.0,400.7407407410022,209.62962962999924,4124.0,0.0,0.0,0.0,0.0,0.0,61.778656126500145,1563.0,0.0,0.0,0.0,0.0,0.0,158.2588235294119,0.5845588235294118,0.0,149.4942
2070207686,A,5292.5,404.44444444400114,282.96296296300096,4126.75,0.0,0.0,0.0,0.0,0.0,62.75691699600029,1587.75,0.12300123001217717,0.05031868500503691,0.0,0.0,0.0,158.35867158671599,0.25830258302583026,0.0,155.46525
2070207690,A,5210.0,400.7407407410021,209.62962962999924,4124.0,0.0,0.0,0.0,0.0,0.0,61.77865612650016,1563.0,0.0,0.0,0.0,0.0,0.0,158.4297397769518,0.32342007434944237,0.0,149.62095
2070207694,A,5455.833333329997,415.1851851849976,97.77777777779949,4133.75,0.0,0.0,0.0,0.0,0.0,64.69367588930022,1636.75,0.0,0.0,0.0,2.989286647504121,39.038537354578196,159.52059925093644,0.12734082397003746,0.0,153.3288
2070207698,A,5316.72032828231,405.7042648712266,304.45286195282176,4127.59375,56.45382395380707,190.0318181818185,46.99810606060606,1507.482954545457,7.1079545454553825,63.044151994240636,1595.0170454545455,3.7715698653179253,0.9022038567493992,359.98030303030276,18.643410852703035,31.83413078146545,159.70909090909106,0.6742424242424242,29.687786960504145,152.4831
2070207702,A,5446.924528302114,414.44444444400114,89.93431167017762,4133.420754716981,22.84995507637507,54.94641509433956,13.627358490566039,599.4667924528302,2.0653516295025263,64.58803788502003,1634.077358490566,3.368448637314869,0.3773584905660762,89.05056603773583,7.3611232996894005,73.30635551134024,160.56754716981158,0.7471698113207547,9.647798742130561,157.05285
2070207706,A,5516.666666670003,418.5185185190018,151.85185185199967,4136.0,0.0,0.0,0.0,0.0,0.0,65.41501976280018,1655.0,0.0,0.0,0.0,0.0,0.0,158.1204460966543,0.3643122676579926,0.0,154.14795
2070207714,A,5455.409090906543,415.07744107736085,97.47070707072456,4133.75,16.360173160177823,45.77018181818183,12.044318181818182,507.5389090909092,1.7638016528931253,64.68864534673111,1636.6227272727272,3.0994949494947996,0.3239669421487932,64.3389090909091,7.34122621564215,72.83349282288837,160.1163636363638,0.21454545454545454,9.464462809914906,154.76025
2070207718,A,5592.5,422.96296296300306,219.2592592590007,4139.0,0.0,0.0,0.0,0.0,0.0,66.31422924899981,1677.75,0.0,0.0,0.0,0.0,0.0,157.89010989011012,0.41025641025641024,0.0,154.9548
2070207726,A,5573.333333329997,421.8518518519996,202.22222222200057,4138.25,0.0,0.0,0.0,0.0,0.0,66.08695652169992,1672.0,0.0,0.0,0.0,0.0,0.0,158.2196363636366,0.4,0.0,155.68185
2076207424,A,7374.166666670003,538.5185185190027,8.888888888890039,4217.25,0.0,0.0,0.0,0.0,0.0,87.44071146249948,2212.25,0.0,0.0,0.0,0.0,29.187706350720216,158.78376383763853,0.6088560885608856,0.0,155.06985
2076207436,A,7124.03073286007,522.5558182299233,102.61097977400989,4206.4033687943265,42.608915906772,125.56170212765937,32.508865248226954,1431.0925531914904,4.9445519020086826,84.4746727216655,2137.209219858156,3.538219070133377,0.8317214700194234,261.5517730496451,7.285997031167699,34.138204553903535,159.58014184397186,0.41134751773049644,24.446593595530622,153.14775
2076207444,A,6796.666666670003,502.9629629630035,144.44444444400068,4193.0,0.0,0.0,0.0,0.0,0.0,80.59288537549973,2039.0,0.0,0.0,0.0,1.5649589089000002,37.77057776014784,159.39849624060147,0.21804511278195488,0.0,154.6014
2076207476,A,7523.725845411196,547.0289855072134,141.65324745033348,4222.921195652174,34.3150448585232,152.86956521739145,44.65466485507246,1248.4663043478263,6.558629776029165,89.21414045941641,2257.1177536231885,5.12026972624674,0.8135704874836105,292.22463768115904,6.069261880685728,35.3775743706787,159.01449275362327,0.3333333333333333,28.4815546772116,154.3755
2076207480,A,7610.833333329997,551.8518518519996,218.51851851899895,4226.25,0.0,0.0,0.0,0.0,0.0,90.24703557309958,2283.25,2.9777167277144403,1.3184038184041902,15.784615384615384,0.0,0.0,158.41758241758257,0.5604395604395604,0.0,150.46965
2076207484,A,7630.833333329997,553.333333332997,237.0370370370001,4227.25,0.0,0.0,0.0,0.0,0.0,90.48418972329948,2289.25,2.9850344530553192,1.3363284002816174,16.322480620155037,0.0,13.812219502224805,158.15193798449633,0.5503875968992248,0.0,148.9098
2076207526,A,6810.833333329997,503.7037037039993,157.77777777799946,4193.5,0.0,0.0,0.0,0.0,0.0,80.76086956520031,2043.25,0.0,0.0,0.0,0.0,0.0,158.4750902527078,0.5342960288808665,0.0,158.02485
2076207546,A,6796.694444447669,502.9629629630036,144.4801097389377,4193.037962962963,3.280423280420296,9.333333333333334,2.454861111111111,226.63333333333338,0.353535353535,80.59321475626314,2039.0083333333334,0.4444444444439997,0.1818181818181999,54.23703703703703,0.0,0.0,158.47111111111124,0.5444444444444444,2.3759820426507408,151.9125
2078207496,A,7654.076923078155,554.548433048168,257.47008547015366,4228.030769230769,59.76007325993194,202.33384615384617,47.19591346153846,1482.3,7.365034965028338,90.75980541197293,2296.223076923077,5.554487179484687,0.7377622377623108,188.5692307692305,13.730769230764151,64.65840080966032,159.64307692307707,0.34615384615384615,31.510489510524607,151.5633
2104497922,B,5376.3342440787965,704.6073669296075,302.4590163932521,3300.3606557377047,34.91543065312267,107.9508196721311,27.623804644808743,855.0163934426239,4.231371087938109,63.75099894165486,1612.9002732240438,2.5941105039451946,0.5240933929459038,180.72240437158482,13.784470707836833,52.69772792632663,159.91256830601162,0.09016393442622951,19.59347574101559,61.94955
2110498180,A,5081.651785712498,513.8734567902461,79.92724867725656,3677.8712797619046,32.946428571441686,102.71071428571425,27.274925595238095,860.4374999999998,3.9168019480525027,60.256740542061706,1524.4955357142858,3.2118055555549723,0.4951298701299197,168.8999999999997,14.83596345514459,59.88956766911389,160.02857142857198,0.11904761904761904,19.551767676772965,76.7823
2110498228,A,7112.099697885415,637.2183059189952,91.82947297751525,3761.25,66.50553877143494,208.43746223564972,54.977341389728096,1761.7867069486424,7.818181818184558,84.33319799864101,2133.629909365559,5.07217186975394,0.90634441087622,325.94199395770335,11.373568467648001,86.93432978207446,160.4253776435048,0.5800604229607251,39.631053739813666,74.7474
2114498118,A,4593.752340824158,656.0955056178824,300.95089471494146,3267.6151685393256,66.64392723379727,212.44719101123587,56.465941011235955,1546.437640449437,7.97050561797898,54.47139938713763,1378.126404494382,4.9309456928808695,0.9065372829418641,327.5685393258427,13.886203292390768,57.386531638021964,159.78426966292184,0.5393258426966292,40.20684371807524,70.82595
2655292676,A,8063.075801749184,580.7407407409991,245.14415289935093,4245.618804664723,33.079272525339405,103.51137026239066,27.45444606413994,837.0446064139946,3.873045322026477,95.60959448714554,2418.922740524781,2.534418529315338,0.49827723297116033,168.8979591836734,14.757610685464876,58.37962252565565,160.3265306122453,0.09620991253644315,19.613923491467304,77.9922
2655292676,B,8409.808488613176,602.032436162834,222.22912353341925,4259.878881987577,68.93670511685583,205.05838509316808,50.484277950310556,1702.2288819875757,7.760163749296038,99.72104927209719,2522.942546583851,5.71212905451866,0.900621118012509,312.9826086956521,7.748086089841897,31.566688460250607,159.43354037267096,0.16459627329192547,39.2188970449631,95.60205
2655292684,A,7771.273080659611,562.0256991685261,317.68707482984286,4233.112973760933,33.244481466055156,103.67230320699704,27.53735422740525,860.3422740524792,3.9155844155858945,92.14948316990782,2331.3819241982505,2.6842403628108777,0.503578054598513,171.19183673469365,14.620652247603745,58.84225870792452,159.80408163265338,0.09912536443148688,19.59978796713474,76.8294
2655292684,B,8119.147398842196,583.5142367801055,294.9218582743299,4247.616329479769,32.785576658422514,99.57572254335248,24.2503612716763,789.5358381502886,3.8138465580796184,96.27447508512489,2435.7442196531792,3.1647398843919023,0.49132947976883523,163.86473988439306,14.556391988165965,58.32712199567592,159.9630057803474,0.5404624277456648,18.903485724282326,93.74595
2655292700,B,8717.90927021669,620.0,170.64650449268038,4272.119822485207,65.81713158636855,200.36449704142007,50.14885355029586,1663.3846153846157,7.720683163005505,103.37441822391735,2615.372781065089,5.755670611439283,0.9090909090909963,330.9881656804734,14.798403742941666,59.80886016811257,160.2840236686395,0.17455621301775148,37.2198314505954,86.5329
2655292708,B,8353.939620757032,599.0685296073864,172.54601907293417,4258.115269461078,33.550042771614024,101.30658682634723,24.967252994011975,827.1970059880235,3.840092542201821,99.0585725781721,2506.181886227545,2.700848303392099,0.4953728905825211,167.06107784431128,15.236039548799946,60.04294043486455,160.16287425149736,0.5419161676646707,19.30593358736373,95.51445
2655292712,B,8542.495126707012,611.1111111110007,14.764998917050976,4266.119152046784,33.48231690338389,100.92631578947356,24.86202485380117,829.3087719298253,3.8062200956939756,101.2944086170122,2562.748538011696,2.5207115009736287,0.5023923444976578,163.03859649122813,14.577723378208162,57.98514927665541,160.37426900584833,0.5526315789473685,19.03508771928747,97.2468
2655292716,B,8414.191616764727,602.2222222219956,226.03681525813158,4260.120508982036,33.130881094967314,100.69940119760471,24.78574101796407,845.3425149700603,3.79817637452413,99.77302312372946,2524.25748502994,3.3628576180958656,0.5171475231355988,165.86227544910156,15.02228101935066,65.01497005981577,160.31616766467124,0.12275449101796407,19.093630919965314,89.90775
2655292922,B,7489.9098440558655,545.3541260559807,111.66125189500625,4221.622807017544,37.03007518798508,116.08070175438596,28.57547514619883,873.8508771929819,4.385167464118828,88.81316020619978,2246.972953216374,2.837881741389887,0.4997341839447602,178.92163742690025,16.21583027335057,58.33948907350386,160.29005847953246,0.5526315789473685,21.79780258726369,88.9599
2657292900,A,8612.71739130597,614.6250287553299,77.18196457325904,4268.5,33.52854185153604,103.2074534161491,27.401009316770185,840.425776397515,3.9192546583852472,102.12708369152112,2583.8152173913045,2.589285714285003,0.4658385093168173,167.32173913043485,13.105590062106177,62.560885910373976,160.59627329192574,0.5124223602484472,19.630152456235987,80.43405
2657292942,A,8338.31025641034,598.328205128366,158.61424501429528,4257.5,33.705494505503715,104.35938461538458,27.722115384615385,834.5760000000012,3.929370629370737,98.87327455153091,2501.4938461538463,2.5965811965805563,0.4699300699301174,165.6996923076923,8.166010733449511,58.22874493921029,160.4824615384619,0.09538461538461539,19.81351981351436,76.1862
2657292950,A,8516.831395348852,607.2189922478441,317.41602067197124,4263.561773255814,61.46317829454912,172.27674418604624,44.65479651162791,1279.472093023255,6.613239957719071,100.99009559692756,2555.0494186046512,6.0360142118841855,0.8588794926005054,251.85348837209287,18.292320173066592,56.69713892284051,159.93488372093069,0.7151162790697675,39.082980972496415,73.98945
2663292680,A,4257.467071935289,457.9725318023464,200.61690870205473,3640.370060790274,65.3669127225574,205.9550151975686,54.8109802431611,1559.431003039513,7.740397899975164,50.48379927194858,1277.240121580547,5.496876055384295,0.9063277148384402,333.37021276595715,15.116985933409667,58.785794272858666,160.4474164133742,0.1702127659574468,39.088145896633925,75.97005
2663292680,B,4665.828792007002,482.0254314259473,237.57795943088846,3656.5,63.02192811729837,190.04795640326972,47.264986376021795,1807.0177111716619,7.34976467676218,55.326033106791996,1399.7486376021798,4.3645927944269625,0.9066138221452439,308.350953678473,13.76592104428823,55.07027104540208,160.18310626703055,1.0,34.896375196089195,80.5098
2663292684,B,4902.893450634868,498.40447485616136,122.0115129792084,3667.592375366569,40.87138667784192,117.76187683284454,29.873533724340177,1143.4090909090899,4.465075979742196,58.137076489745496,1470.8680351906157,7.636445096121496,0.7624633431085782,233.69736070381228,19.21093909840525,60.53943509793846,160.37536656891544,0.5131964809384164,22.688172042998765,88.96125
2663292688,A,2635.5009633909826,362.59259259300234,96.2663241276074,3575.866329479769,32.92595650976137,102.31907514450862,27.15679190751445,828.3893063583819,3.828560168156622,31.25102812492154,790.6510115606936,2.5545921644175746,0.5018392012612166,169.36763005780324,14.405834117484345,57.97801947058844,160.36994219653215,0.09826589595375723,19.414083026800338,79.65045
2663292688,B,3005.703048180619,388.3196766089084,87.85753304927103,3593.25,67.74546986939421,208.03539823008836,51.11725663716814,1655.4176991150428,7.900777688412015,35.64074760688019,901.7109144542773,5.546132415599605,0.9064092249933827,331.8867256637176,14.736228304860065,57.63041453185861,160.4719764011803,0.1592920353982301,39.54947707160069,86.42175
2663292696,B,3361.2247838618446,407.59205891761474,71.75792507205266,3606.3688760806917,65.68409496363678,198.1417867435162,49.76494956772334,1606.6426512968305,7.638852501979284,39.85642036201093,1008.3674351585014,5.395853346139474,0.9038511920357167,325.49394812680146,14.64714161248709,59.15478537837819,160.30432276657098,0.1786743515850144,36.79591302068768,85.6881
2663292700,B,3331.195014662786,406.2962962960008,45.05919409144773,3605.3717008797653,65.84555229716761,201.55777126099767,50.61858504398827,1674.9527859237542,7.773393761688796,39.50033614225488,999.3592375366569,5.3584229390674425,0.9064249533458614,322.2709677419349,15.35838505080314,58.50748572305057,160.10322580645217,0.592375366568915,37.391806629342426,86.7111
2663292720,A,4251.2025641027385,457.7834757836931,195.03817663821823,3640.1169230769233,64.89230769231993,204.94523076923122,54.44326923076923,1598.4720000000016,7.705734265736299,50.409516570378976,1275.3607692307692,5.0846153846136914,0.9062937062937935,332.57969230769277,15.449016100174195,54.47894736837261,160.12800000000038,0.16307692307692306,38.67505827504482,72.1563
2663292724,A,4125.620210727126,451.1472967218593,83.41421881651179,3635.6364942528735,72.13054187181825,234.74482758620675,57.39224137931034,1653.1293103448277,8.559952978057202,48.920397755662236,1237.6860632183907,4.958093869729931,0.9038662486939215,298.7954022988508,15.009355787218322,57.993421052571264,159.76091954023042,0.5488505747126436,39.256356670164685,76.23855
2663292728,A,4620.3747534513905,479.43786982253135,197.20359412671888,3654.8668639053253,67.66694843620304,210.89822485207137,53.530880177514796,1582.292307692307,7.998924152773861,54.78705241247969,1386.112426035503,4.8763149243893045,0.9037116729425289,332.0485207100579,14.838998211086043,60.25809716593352,160.53964497041463,0.11834319526627218,40.00268961805603,64.7448
2663292728,B,4897.395251397319,497.9557210842568,117.22118766817867,3667.3645251396647,63.93322692207568,192.50279329608944,47.05394553072626,1542.9511173184367,7.2861858811629405,58.07188045133848,1469.2185754189943,5.5346058348832,0.9065515490097363,296.23687150837935,12.43341561647167,63.15348426925843,160.46480446927418,0.15921787709497207,37.10682241407355,94.31475
2663292922,B,2927.9190751443352,384.074074074,18.450010704347402,3590.366329479769,34.2581888246803,103.6265895953756,25.148121387283236,850.0872832369946,3.916579085662683,34.718408005695764,878.3757225433526,2.6027617212573144,0.504466631634312,170.80809248554883,14.578572388755434,57.33153331299879,160.00924855491382,1.0,19.592748292171922,90.2769
2665292900,A,4744.663742690351,487.03703703699574,307.68031189080443,3659.870614035088,65.2812587023414,203.45964912280706,54.10361842105263,1691.8929824561417,7.686868686869457,56.26083489355737,1423.3991228070176,5.559210526314151,0.9037745879852009,320.8701754385959,14.419964640277815,60.456294244326855,159.39181286549749,0.5847953216374269,38.64788233210136,75.5895
2665292900,B,5277.58566978346,524.4444444440012,254.0602284529899,3685.1253894080996,34.54977006380369,105.30841121495322,25.681464174454828,842.0355140186907,3.993627867470401,62.580067230587375,1583.2757009345794,2.69254067151156,0.4786179552535176,173.20747663551387,7.885966818803397,61.44900803404924,160.22928348909696,0.09968847352024922,20.054753138856032,90.4239
2665292916,A,4262.771428572029,458.3164021165428,205.34391534398569,3640.5,68.50884353732698,224.5954285714285,55.18571428571428,1407.4765714285718,8.310389610390933,50.54669678146788,1278.8314285714287,5.022222222219858,0.7740259740260488,286.0559999999997,14.235880398668069,61.840225563843696,160.10971428571486,0.1742857142857143,37.74372294372732,74.394
2665292920,B,5513.1053921567645,538.687363834735,129.55773420473844,3694.6242647058825,33.66386554623203,104.88352941176463,25.399816176470587,784.5997058823525,3.935828877007851,65.37279121134364,1653.9316176470588,3.1715686274506765,0.4973262032086059,173.18823529411765,14.900136798898187,58.996130030901675,160.54588235294153,0.12058823529411765,19.962566844924076,81.0303
2665292924,A,4805.224867724444,492.59847148776305,35.25769155398898,3663.75,58.05240614767092,181.61269841269828,48.354828042328045,1618.0047619047623,6.93554593554842,56.97895100069673,1441.5674603174602,4.352586713696249,0.9042809042809946,300.7851851851851,13.309954472740158,52.43316624889749,159.74603174603152,1.0,34.46849446847999,78.2805
2665292924,B,5263.059664694201,523.7037037039992,240.80648696022232,3684.619822485207,34.034939419569184,103.42721893491118,25.125739644970412,849.5307692307695,3.8940290478769772,62.40782211099065,1578.917899408284,3.235124917816454,0.4975793437332397,171.628402366864,14.913994770875476,59.84778885076724,160.00946745562177,1.0,19.632418863187624,91.0362
2665292934,B,5627.988921001242,545.3553842861226,231.75337186901146,3699.2723988439307,72.76080374338036,235.42543352601152,55.32604768786127,1580.4580924855475,8.611271676316834,66.73504649409347,1688.396676300578,5.496547848424536,0.8880714661062334,293.6924855491327,14.728458126086167,57.169911773594905,160.5179190751448,0.7052023121387283,39.474513925394774,79.85055
2665292942,B,8418.103448275628,710.5544912728216,166.9710515112156,3810.867816091954,65.08894362343213,199.44482758620703,49.65607040229885,1730.5577586206896,7.6479885057641965,99.81940847759176,2525.4310344827586,5.339639208172433,0.9064785788924589,320.77701149425417,14.651831061206526,53.93262250449034,159.9448275862074,0.1781609195402299,36.785092302331925,85.4217
2665292946,B,5621.644864340901,544.9903100775269,226.08311800170893,3699.1133720930234,67.02380952383459,206.28488372093022,50.10537790697674,1532.1444767441878,7.791622621591393,66.6598205257857,1686.4934593023256,5.007671188628608,0.9064482029599178,329.07325581395304,14.551784748506352,56.81341799259135,160.15813953488416,0.5523255813953488,39.1455250176241,91.1082
2665292950,B,5541.4057971000275,540.1749865806049,154.73322597947865,3695.8615942028987,34.28157349897881,105.27999999999993,25.832427536231883,855.2530434782611,3.967325428204922,65.708369135565,1662.4217391304348,2.6622383252803212,0.5111989459816056,175.31246376811586,14.603977081219199,58.256674294377625,159.99072463768167,0.09565217391304348,19.93588054458257,82.1724
2665292986,A,1273.9021956088923,157.77777777799943,108.4386781991646,3960.122005988024,65.42629027661847,202.84670658682663,53.885666167664674,1665.1598802395222,7.6385410996194745,15.105559631714012,382.1706586826347,5.761393878907298,0.9036472509527269,311.42035928143747,14.987466926603542,60.76820044116566,160.20119760479085,0.17664670658682635,38.554708764286225,78.19155
2665292986,B,1773.970734125504,188.14814814800036,212.40740740736913,3980.6197916666665,32.990362811804715,101.79999999999993,25.006510416666668,886.4839285714278,3.856195887450057,21.035226096384985,532.1912202380952,3.0534887566122952,0.4924242424242918,166.73333333333304,14.995847176074175,59.61779448616368,160.17142857142906,1.0,19.3109668109702,89.40465
2665292990,B,1552.971652003636,176.8437058761201,15.96394048007189,3973.1151026392963,65.34422566682592,201.29032258064507,50.870601173020525,1633.8255131964827,7.586643561725769,18.414683620593806,465.891495601173,4.998370804820508,0.9064249533458614,314.1583577712609,14.737775352923999,59.274193548326394,160.23460410557237,0.1466275659824047,38.24313516396568,97.47975
2667292672,B,5076.723039213851,393.1416122002913,91.14596949891343,4119.1161764705885,34.95798319329203,106.58470588235286,26.20863970588235,863.9417647058812,4.025267379684645,60.198296907668905,1523.0169117647058,2.733251633986326,0.4919786096257177,166.58352941176483,14.83857729137525,62.92724458198241,159.99058823529452,0.09411764705882353,20.254901960787606,90.6483
2667292676,A,1619.2193775082212,180.17737617117527,74.8616688978189,3975.25,32.33648881240242,100.69879518072285,26.713102409638555,858.7165662650594,3.7773822562992208,19.20022977283437,485.765813253012,3.2868975903600317,0.4901423877327984,164.93012048192762,15.100868590633683,60.220355104567815,160.16385542168706,0.12650602409638553,19.190397955458753,75.87015
2667292676,B,2044.7477744821977,205.36322672832893,89.3878448181047,3992.364243323442,33.603221704126064,101.27715133531153,24.62444362017804,837.4700296735903,3.840976530901804,24.246021041297816,613.4243323442137,2.593142103527065,0.5017534394389496,164.47715133531187,14.955489614236983,58.72052163042006,160.09495548961482,0.5548961424332344,19.261757036234975,96.3981
2667292680,A,1261.8170234453207,157.21712538204653,97.62373994787758,3959.8669724770643,65.55846803556447,204.07706422018376,54.24503058103976,1685.622935779817,7.658187378374036,14.962317631846837,378.5466360856269,5.101087325855826,0.9063108145677824,308.47951070336444,14.111371879661831,63.11644938027245,159.89235474006134,0.5932721712538226,38.69891576311967,81.3213
2667292704,B,1580.0346191888423,178.14814814800036,40.028574568629494,3973.870919881306,67.36328952948692,203.41246290801178,49.9406528189911,1578.5394658753717,7.653358510931584,18.735588369826097,474.01038575667656,5.907929442793526,0.9090909090909963,319.62373887240364,14.885101097226476,54.907465250608325,160.170919881306,1.0,38.64850283248013,93.0291
2667292708,A,1231.6437308852278,155.9259259259998,70.56971344435742,3958.8730886850153,34.28134556576425,107.53027522935767,28.52446483180428,839.2633027522934,4.044342507645564,14.604471117263001,369.49311926605503,2.6749915052657833,0.483736447039248,171.0825688073394,11.694758552020442,61.93304361816223,160.29357798165177,0.5688073394495413,20.344731720874275,79.9104
2667292712,B,1756.6546242771965,187.40740740700093,197.01562834515616,3980.1170520231212,66.76162950732073,202.5433526011564,49.92232658959538,1598.0080924855513,7.679059379954942,20.82989673055663,526.996387283237,4.935773924211166,0.9064634787179009,315.4693641618503,14.642425057125498,58.28643139636084,160.3514450867058,0.14450867052023122,38.48134524433826,87.42225
2667292716,A,839.9497991969259,128.14814814800033,53.362338241849116,3940.1182228915663,32.83849684453285,102.15542168674699,27.116905120481928,804.4924698795185,3.8333789704286185,9.959879041860228,251.98493975903614,3.3509036144572883,0.4901423877327984,165.60481927710845,15.17652003361953,60.96504438801657,160.00963855421733,0.12048192771084337,19.39667761957062,76.39095
2667292720,B,1762.9227405245185,187.58449411499996,202.5979915775746,3980.3651603498542,66.89296126616789,202.81399416909653,49.9207361516035,1631.4052478134129,7.674264511014582,20.904222219657072,528.8768221574344,5.674198250726026,0.9064404982773199,316.0489795918363,14.613194114847765,58.85069817394658,160.07463556851366,0.1749271137026239,38.48131460375958,84.65415
2667292866,B,1586.253687315694,178.33169452654806,45.556648093511455,3974.1172566371683,65.78171091447975,200.2442477876105,51.0693215339233,1656.9823008849564,7.5278895146209335,18.809332260658127,475.87610619469024,5.816945263845065,0.9064092249933827,314.4920353982297,14.818549770178793,55.80383480821253,160.42477876106247,0.5988200589970502,38.126396710473436,94.9788
2667292870,B,1769.108015640323,187.95047246665098,208.08515260125478,3980.5,65.27998882840465,199.78768328445767,49.105571847507335,1674.7011730205274,7.555451879503596,20.977565402847887,530.7324046920821,5.60646790485169,0.9090909090909963,315.5542521994131,14.709131828404178,58.45346504084393,160.20645161290375,0.5865102639296188,37.930329689863036,87.783
2667292874,A,1149.8402163225962,147.21075057337234,328.8998142684024,3952.966076696165,40.58294704313516,116.85309734513275,30.029498525073745,1113.0761061946905,4.372485921159534,13.63446896823855,344.9520648967552,7.402081284823708,0.7428264950389565,189.73923303834837,19.075255539545623,59.252833410910576,160.48141592920402,0.49557522123893805,21.743988558144007,74.82855
2667292878,B,1608.7512363996448,179.63292669560755,65.5346741400059,3974.8716617210684,64.40158259151943,196.92462908011888,50.32919139465876,1584.649851632047,7.455489614259157,19.076101617389032,482.62537091988133,5.0313221233082,0.9036957108174593,306.8617210682495,14.911324270231223,59.78759956264116,160.04747774480748,0.6083086053412463,37.484039205102796,93.70605
2667292894,A,1278.4375000002976,157.9574514991607,112.57936507934242,3960.3653273809523,32.75935374151132,102.08214285714274,27.112165178571427,832.2089285714276,3.8471320346322893,15.159337944635624,383.53125,3.316385582009939,0.4924242424242918,163.97500000000014,14.866417497223287,60.12609649116861,160.4571428571433,0.125,19.447150072151448,79.21215
2667292894,B,1866.492647057351,192.76470588258786,250.4183006536762,3983.6235294117646,33.63165266107702,101.6752941176469,25.032169117647058,831.9502941176472,3.855614973274083,22.13232387815665,559.947794117647,3.2287581699337933,0.48930481283427363,166.1717647058822,14.71545827632684,58.921826625329146,159.99058823529452,0.12058823529411765,19.35294117647534,89.53875
2669292930,B,7212.969961240029,527.9511197244243,181.7161929370758,4210.114098837209,91.94352159483554,258.3976744186049,73.64189680232558,1911.3514534883661,11.098572938717442,85.52928807794328,2163.890988372093,5.348433462530004,0.9011627906977608,326.19186046511567,14.775554353699102,58.32848837203798,160.16744186046554,0.5784883720930233,51.03946441155759,87.5064
2669292938,B,6795.157378742469,502.7726178192886,143.1808278864435,4193.0,34.38891346013524,104.78266253869973,25.751741486068113,840.9752321981418,3.9393470306794725,80.57498868072395,2038.547213622291,2.7162882696929436,0.472839853644855,165.18266253869984,7.871697026420184,31.10518168482763,159.01919504644005,0.09907120743034056,19.911811614592217,92.01885
2669292962,B,6376.858585856666,474.99326599327,111.92817059467328,4174.25,35.419913419929955,109.730909090909,26.582386363636363,859.2172727272725,4.135812672179118,75.61492394298672,1913.0575757575757,2.7255892255881844,0.48760330578517297,174.19393939393936,7.523608174769059,30.392743221662347,159.41818181818215,0.5303030303030303,20.7731864095542,83.67975
2669292970,B,6509.748062016994,483.7037037039992,229.67915590002514,4180.123546511628,33.36378737542932,100.63255813953486,24.42859738372093,824.5438953488369,3.8267706131109187,77.19068848241399,1952.9244186046512,3.972868217053069,0.8377378435518777,163.01860465116263,18.53501892915174,57.8396572826785,160.2883720930236,1.0,19.053030303027285,88.42305
2703293042,A,2705.4543314499156,733.4965473947944,251.67608286233755,2800.861581920904,35.31611514661192,109.17966101694908,29.09516242937853,848.6686440677956,4.10143810991376,32.08048614367843,811.6362994350283,3.0583019460134167,0.5059065228557258,179.3265536723161,14.088818814867741,57.62228664876255,160.1265536723168,0.11864406779661017,20.71306283169241,54.82875
2703293046,B,3198.7603878115788,765.1851851849951,256.7087308915871,2822.25,70.26645561269264,220.46759002770125,54.17330332409972,1485.5218836565098,8.31138252331144,37.929965072856696,959.6281163434903,4.737226839025724,0.90405439435919,357.2598337950149,14.124847001216141,55.86273509253214,160.2038781163441,0.11357340720221606,41.37496852176869,60.10935
2703293050,A,1936.3952380938265,693.7037037039992,131.67195767177756,2774.0,35.051700680261185,108.08914285714276,28.76607142857143,867.1371428571424,4.074805194805543,22.961208356845734,580.9185714285715,3.179365079364142,0.506493506493557,176.96799999999968,14.54551495016195,56.89699248114629,160.39314285714315,0.11714285714285715,20.510822510814613,61.77915
2703293054,A,2699.8412698413445,733.131030189722,246.83058408538392,2800.614145658263,66.34387088166447,208.3462184873957,55.559348739495796,1647.4605042016838,7.794754265344757,32.0139281008897,809.952380952381,4.228913787735628,0.9039979628215787,341.72549019607777,13.875968992243195,55.26242075772111,160.0537815126056,0.12324929971988796,39.04931669635829,56.79555
2703293060,B,3205.7527624313266,765.3540004093499,262.92203806016,2822.3825966850827,52.980794527735625,185.1480662983427,42.8125,1377.2386740331506,6.810647915625268,38.012905902641364,961.7265193370166,6.125306936769978,0.8739326971372008,332.27955801104986,14.070409867651962,55.8443588251871,160.0530386740338,0.48342541436464087,32.41001171939128,59.27085
2703293068,B,3115.343806921667,761.6433920256993,182.5946164742166,2819.8592896174864,35.7168878480249,109.62622950819667,26.952698087431695,821.2909836065566,4.156110283162704,36.94088965206726,934.6045081967213,3.556845780204258,0.909090909090996,185.95519125683077,17.285550895920625,55.75568018401658,160.03497267759633,0.5628415300546448,20.66567312467427,59.48385
2703293072,B,3334.8346920286954,5.343196457331536,51.69484702093387,2828.3566576086955,66.43762939959136,210.09130434782622,53.10971467391305,1602.020380434783,7.984189723333747,39.54349437189658,1000.4504076086956,4.594278381641755,0.909090909090996,345.4271739130432,13.818882709803852,54.25772311207212,160.0869565217396,0.6086956521739131,42.00263504609619,63.99765
2703293076,B,3191.7217630851237,764.9770431588835,250.45607591061705,2822.1101928374655,70.48143775414252,220.45289256198365,54.177858126721766,1479.3462809917364,8.302028549985726,37.846503119581755,957.5165289256198,4.914294459746104,0.9065865264213239,355.39944903581346,13.97142674097654,54.610700304440385,160.09696969697012,0.5647382920110193,41.45337674261835,60.3726
2707293030,A,10066.998567332947,385.18518518499684,143.1582298631061,3084.75,67.46895893025706,204.97650429799427,54.52990687679083,1713.4409742120347,7.755405053400939,119.37152451385423,3020.099570200573,4.814151544092187,0.9090909090909962,313.158739255014,14.397947624437203,57.15540642431954,160.3484240687684,0.5415472779369628,38.889467743323124,72.54285
2707293042,A,10086.24503968542,385.9259259259998,160.2689594356399,3085.3645833333335,68.12783446709803,215.34285714285727,57.232142857142854,1548.868750000002,8.12418831169053,119.5997435535661,3025.873511904762,5.580357142854997,0.9036796536797405,327.20833333333434,14.825581395343695,60.83881578941394,160.33333333333383,0.13392857142857142,40.78192640690042,68.2245
2707293050,A,10073.431796351879,385.36663464629623,148.87608069166856,3084.8731988472623,67.31165088511769,206.6974063400577,54.93695965417867,1614.3752161383318,7.753078333772533,119.44780786191652,3022.0295389048993,5.578370156897603,0.9090909090909962,325.67953890489974,14.72689498022661,58.226528135855936,160.1475504322772,1.0,39.17736442229838,69.43485
2707293054,B,656.0560146923999,425.92592592600204,84.86685032139316,3112.25,69.73370064277033,214.23140495867776,52.65926308539945,1437.5099173553708,8.103305785135568,7.7793203323207445,196.8168044077135,5.418579736760433,0.909090909090996,346.5597796143254,13.905439169704616,56.05009424381613,159.85013774104752,1.0,40.46247599964394,67.09305
2707293076,A,10079.9055712966,385.7276256429121,154.6385478964191,3085.1175637393767,66.19317415349552,202.19490084985827,53.73052407932011,1604.6345609065156,7.6022405356706475,119.52457199164314,3023.971671388102,5.392272584196649,0.9090909090909961,311.23626062323,14.35074774359093,58.15416728785855,159.99093484419305,0.6175637393767706,38.344063868120216,70.3011
2707293108,A,929.2235410485669,261.6540279149677,244.55434663159159,3507.69881305638,37.438180019781996,109.3210682492583,29.104228486646885,1167.6854599406536,4.141623954680496,11.018460961030833,278.76706231454006,5.13517969007427,0.6690045859185979,220.73471810089035,19.46104478641185,59.4678275807671,160.5127596439174,0.29080118694362017,21.395557953421612,83.36445
2707293112,B,1603.9773844626527,302.0321206161594,171.6704905493692,3535.1157817109142,33.96825396826987,102.34336283185839,25.141961651917406,812.7876106194686,3.8976937516879286,19.019494677449412,481.19321533923306,3.2776138970816815,0.4987932421561239,173.35221238938044,14.782191122999052,59.32929669300507,160.19823008849596,0.12389380530973451,19.428801287209986,88.3725
2709292810,B,1580.7509689919764,301.1111111109976,151.00559862189237,3534.3691860465115,65.4111295681359,197.74534883720932,48.60828488372093,1651.2191860465098,7.464191331946137,18.744082636271777,474.22529069767444,4.825581395347165,0.9038054968288393,317.59651162790766,14.678880475928052,57.775015299813056,159.92558139534933,0.5581395348837209,37.59425651867444,89.1222
2709292838,B,1593.1636271527052,301.6582235729365,162.03985140152002,3534.75,68.07931683314628,207.0674772036473,50.92610182370821,1737.3729483282677,7.858386294578206,18.89126830616228,477.94908814589667,5.383316447144923,0.9063277148384402,325.7787234042558,15.365801936798851,61.434570468673975,160.15562310030418,0.1641337386018237,39.53117804181005,85.69455
2709292842,A,949.3793793794109,262.40573907249694,262.5069513958318,3508.3671171171172,64.54883454883353,200.03603603603602,53.19538288288288,1683.2774774774775,7.591728091728902,11.257492670534022,284.8145645645646,5.5146813480126715,0.9009009009009874,313.19639639639587,14.971715901941396,60.91591591585702,160.04804804804846,0.5915915915915916,38.10082810082773,81.7785
2709292846,B,1587.1421568624407,301.2952069713925,156.68409586057936,3534.616176470588,64.31092436977687,197.29764705882377,48.50091911764706,1633.549411764706,7.515374331567857,18.819867472679725,476.1426470588235,5.3656045751626396,0.9064171122995522,309.50705882352946,14.882352941171373,59.17647058817657,159.9623529411769,0.638235294117647,37.62834224598182,88.00155
2709292850,A,918.1065088757153,260.925925925998,234.70742932288425,3507.369082840237,63.93632009016321,197.72307692307695,52.54068047337278,1574.3538461538458,7.4307423345900485,10.886667680143526,275.4326923076923,5.490631163706419,0.9064012910167626,311.2556213017747,14.881656804727461,58.96099345993756,159.97159763313667,0.19822485207100593,37.53272368656274,84.72675
2709292850,B,1432.994639375994,293.50985488409054,19.664284167206965,3529.25,65.75048732943992,199.71929824561386,50.01827485380117,1638.1026315789472,7.688463583220672,16.9920312969606,429.8983918128655,4.763239116306625,0.9037745879852009,320.39532163742706,14.726642186856953,58.15635580172123,159.9625730994158,0.5906432748538012,37.17437533226745,89.59815
2709292854,A,911.945244956752,260.7428754405401,229.281673604412,3507.121757925072,63.72855770549958,198.29740634005768,52.6621037463977,1591.2449567723309,7.449698716270971,10.813579979723674,273.5835734870317,5.813720781297943,0.9090909090909962,318.3285302593657,11.784062730375835,86.38290611246565,161.45706051873253,0.5677233429394812,37.58012400662802,84.9639
2709292858,A,828.2963510848754,256.18233618236536,154.9046679815298,3504.167899408284,50.00845308536966,157.53372781065104,42.0155325443787,1185.7846153846156,5.905997848306303,9.821695862667298,248.4889053254438,3.2700525969741654,0.7154384077461696,267.20946745562105,20.033714049803915,58.626206789104664,160.07573964497067,0.3165680473372781,29.449524834141506,83.75475
2709292862,A,937.6401869158608,262.0341525325609,252.07568939654166,3508.0,66.56282450674104,206.81869158878501,55.055490654205606,1709.244859813084,7.815632965166405,11.118293869211444,281.2928348909657,5.140619591551917,0.9034267912773455,320.56074766355084,7.783815112653207,30.793982620075447,159.12274143302227,0.16199376947040497,39.2919852732889,77.8455
2717292802,A,1930.9785714288003,693.498412698358,126.9142857142172,2773.8614285714284,68.69931972786738,214.3782857142858,57.14732142857143,1483.8831428571439,8.118311688312474,22.896979107838515,579.2935714285715,5.498412698410621,0.9064935064935933,338.22399999999925,14.489036544843785,56.71578947363126,159.97257142857185,0.5714285714285714,40.634632034617425,60.1968
2717292802,B,2722.783149171271,734.6030284426361,267.125025578099,2801.607044198895,36.72586161535418,111.57679558011044,27.441298342541437,828.9870165745845,4.199397287801434,32.285966195698215,816.8349447513813,2.570595457334727,0.5223505775992481,184.83093922651906,13.76975459333974,55.046888630352704,159.97348066298403,0.09116022099447514,21.143478988775648,63.93645
2717292818,B,1530.912129895129,674.0740740739938,102.21797728955733,2760.75,69.73393368807,211.0040114613186,52.04244269340974,1499.6002865329524,8.033862985174354,18.153108259622325,459.27363896848135,6.247612225404061,0.9064860640792741,327.6080229226356,14.308655960547256,61.708641230521856,160.3209169054447,0.13753581661891118,40.60606060605603,77.61765
2717292822,A,862.5299401197738,633.1426036813817,182.7167886449104,2733.122005988024,69.8887938408662,214.8179640718565,57.141654191616766,1662.0071856287411,8.064099074580927,10.227627748446784,258.75898203592817,5.0902361942772245,0.9036472509527269,340.3173652694606,11.597966856979905,60.16939804596206,160.3736526946111,0.1317365269461078,40.68953003083055,72.0921
2717292822,B,1537.4881628788062,674.2466329963871,108.04924242423863,2760.8671875,69.37905844153764,211.63977272727288,52.11026278409091,1505.145170454549,8.004907024816337,18.231084935321835,461.2464488636364,5.445864898987407,0.9065082644628967,333.6454545454538,14.128567653272256,57.43047248798764,159.91818181818246,0.14488636363636365,40.135158402194186,74.14575
2717292834,A,894.9610136453614,634.6209659950944,211.6504223519969,2734.120614035088,33.785853522686295,103.39649122807002,27.53015350877193,837.8614035087719,3.911483253590151,10.612185932550835,268.48830409356725,3.2630766731633614,0.4970760233918626,170.38245614035068,14.756561947497177,57.68351800548142,160.028070175439,1.0,19.695197589921012,70.43655
2717292838,A,883.5816618911433,634.2396264456912,201.46662421728956,2733.8624641833812,65.9407831900445,204.30601719197725,54.38932664756447,1603.1681948424075,7.672831466530744,10.477252907790826,265.07449856733524,4.9797039159480265,0.9064860640792741,325.65845272206246,14.428599986666136,57.58746795349888,160.29340974212082,0.1346704871060172,38.65589997393618,70.90125
2717292842,B,1354.6161048704514,662.2575946731575,272.5239284228016,2752.7745786516853,38.010968432306775,112.12247191011231,28.08637640449438,877.4671348314598,4.275919305419324,16.062641559687577,406.38483146067415,4.571239076153455,0.6307456588356082,181.53595505618014,14.114188659517056,55.63904494376143,160.17078651685438,0.21629213483146068,21.187436159339278,72.813
2717292858,A,819.7286263209947,631.2765503252609,144.82228626334546,2731.8616714697405,34.72622478384932,107.3602305475503,28.596902017291065,874.0046109510085,4.038642913283574,9.720102288387759,245.9185878962536,3.170829330770979,0.5030128373068357,173.414409221902,14.602908652228308,57.19096010915727,160.0461095100869,0.5677233429394812,20.41481093354088,66.2304
2717292858,B,1329.6875000015298,660.9125514404215,250.62962962982908,2751.866666666667,36.47089947088836,110.31999999999995,27.19184027777778,824.4491666666657,4.187752525264772,15.767045454547626,398.90625,3.227623456788972,0.5151515151515663,182.41999999999982,14.087209302320723,56.72185672508948,160.44444444444494,0.5638888888888889,20.899831649828013,68.23875
2717292862,A,868.6570048309412,633.5008051529287,188.20826623724636,2733.363043478261,67.06694271909369,207.39130434782626,55.218297101449274,1565.4600000000019,7.787878787881127,10.300280689688451,260.5971014492754,5.566022544281935,0.9038208168643818,329.79942028985425,14.50893158071523,58.81769641489209,160.23188405797163,0.1565217391304348,39.299077733845216,69.18045
2911013960,A,320.6676413255322,227.95213342001747,31.63526099196897,3485.0,32.78752436647606,102.47719298245603,27.23044590643275,806.7070175438605,3.8524720893147384,3.8023830987236296,96.20029239766082,3.2159681611425466,0.4970760233918626,170.12046783625738,14.742282061738461,58.26292705442451,160.03742690058536,1.0,19.50292397660698,74.9115
2911013964,B,574.5027624309777,241.27378759947968,257.21506036430674,3493.868093922652,62.52433570110905,185.21104972375696,47.427486187845304,1648.2240331491703,7.303114013083422,6.812285720525782,172.35082872928177,4.652777777775754,0.9015570065294685,314.4508287292817,14.509829114731678,56.24054957831004,160.23867403314964,0.143646408839779,33.849824208934706,91.7526
2911013972,A,518.1146744411982,238.31767627700088,207.14609653388382,3492.0,33.579064278764506,104.79883381924189,27.833454810495628,866.2206997084553,3.945003975616761,6.143652266101547,155.43440233236151,3.220359572399448,0.5009276437848367,172.73469387755085,14.651162790692188,58.6120914530721,160.29854227405283,0.12244897959183673,19.959360367525036,74.4585
2911013972,B,775.7300884956198,253.5026767179704,108.10007647778698,3502.25,32.133726646992066,96.8141592920354,24.740966076696164,840.8814159292039,3.8168409761422346,9.198380495993419,232.71902654867256,3.1796951819055796,0.5014749262537375,168.96637168141592,14.979762639769534,58.566216425967276,160.41533923303865,0.1415929203539823,17.504245999813858,95.1084
2911013976,A,652.5539215687796,244.81481481500103,326.6535947711474,3496.3683823529414,32.843137254902416,101.6647058823529,27.01011029411765,836.1141176470595,3.896122994652675,7.737793536387933,195.76617647058825,3.227124183004974,0.4973262032086059,170.24,14.88440492475478,57.922213622248755,160.21647058823564,0.5882352941176471,19.33155080214114,78.51765
2911013980,A,647.8561046511331,244.6145564167285,322.36003445303476,3496.122819767442,64.7009966777374,200.08953488372086,53.17405523255814,1639.3264534883722,7.5307875264279485,7.682088197444059,194.35683139534885,4.890584625320475,0.9038054968288393,318.30465116279044,14.61330448890577,57.929161566661946,160.29767441860528,0.5988372093023255,38.12984496124544,82.21785
2911013992,A,513.0144927535969,237.95491143321732,202.50563607082915,3491.863768115942,66.00552104898475,207.58608695652157,55.1911231884058,1618.8504347826074,7.837944664032937,6.083175803400863,153.90434782608696,5.498389694039472,0.9038208168643818,327.0643478260861,14.69565217390532,58.4988558351769,160.2318840579715,0.15942028985507245,39.47738252085624,73.4631
2911014050,B,770.907354345774,253.14231136566335,103.86288867658186,3502.1167621776503,62.30181470867152,187.85673352435535,48.03993553008596,1623.2492836676222,7.400625162825013,9.141193925047638,231.27220630372491,4.828876154088601,0.9090909090909962,311.83495702005723,14.439261677877294,57.332604433667946,160.0825214899718,0.17765042979942694,34.00277850133575,91.6953
2913014234,A,750.1957831326993,252.025881302964,85.79205711735543,3501.1242469879517,33.44951233505128,103.61204819277101,27.50094126506024,855.5918674698804,3.8941675794090655,8.895602171532252,225.05873493975903,3.18858768406895,0.49288061336259054,170.71566265060224,15.123984309324168,60.6642358908658,160.25060240963893,1.0,19.597480832417126,83.15835
2913014238,B,1293.0499031005231,285.1851851849981,237.00473729546522,3523.6191860465115,63.540974529325204,192.92790697674434,49.39044331395349,1619.6904069767445,7.60187632137968,15.332607546641873,387.9149709302326,4.817910206716524,0.9064482029599178,320.3802325581406,14.494997295832215,58.29444614436911,160.5023255813958,0.561046511627907,35.16560958421025,92.02575
2913014250,B,1020.172583826361,267.58711374085806,325.432829278938,3511.8653846153848,64.9041983657129,195.75976331360943,50.147004437869825,1649.2499999999989,7.723238300183286,12.09690810862063,306.051775147929,5.511176857328458,0.9064012910167626,321.02248520710054,14.89885785055142,59.75669573336808,160.25562130177553,0.17159763313609466,35.56392325622621,87.5745
2915014054,A,151.86930091182978,217.22841382393017,212.02746819775646,3477.87537993921,65.93863077144091,205.95866261398209,53.49829027355623,1552.6386018237063,7.949986184036758,1.8008217499437416,45.56079027355623,4.902482269501847,0.9063277148384402,328.51063829787313,14.609457835578421,60.67669172926066,160.04863221884537,0.13677811550151975,38.245371649619436,77.50935
2917014064,B,618.4907945736666,243.1330749352663,296.3027562446366,3495.1220930232557,64.42275747507225,198.07325581395344,51.72510901162791,1621.8558139534869,7.675739957728001,7.333882939608963,185.54723837209303,5.622981266148451,0.9064482029599178,323.11511627906964,14.670091941582049,58.30592105257323,160.43720930232604,0.17732558139534885,36.943269908383485,87.1053
2917014230,A,336.73611111110233,228.72751322778745,45.88888888889243,3485.5,53.37755102039725,169.7828571428572,45.220982142857146,1165.4964285714286,6.400649350650296,3.9929183135692043,101.02083333333333,4.563492063490253,0.7532467532468254,286.626666666666,6.0802879291219325,48.06516290723203,160.08380952381003,0.6523809523809524,32.26479076479244,73.83915
2917014230,B,587.0406626506477,241.65216421221413,268.3668005354907,3494.359186746988,63.179862306347445,198.46626506024154,50.83490210843374,1498.3753012048173,7.82584884996807,6.960956474118592,176.11219879518072,4.801706827307527,0.9063526834612042,329.9361445783125,15.114177640791596,48.55976537725986,160.5012048192775,0.16566265060240964,35.88809784592631,87.27075
2917014250,A,349.6486229819284,229.2677007489368,57.33882030179114,3485.868945868946,61.84235517568681,193.8290598290598,51.58297720797721,1531.0333333333322,7.349391349392982,4.146031102551915,104.8945868945869,5.072016460903843,0.9065009065009934,296.0900284900286,14.563705028815821,57.88686459733686,160.37378917378967,0.2222222222222222,36.81343348008598,72.1308
2917014250,B,580.9766763848608,241.4814814809997,262.9629629629681,3494.120991253644,64.21907538523286,196.19825072886297,50.23050291545189,1639.989795918366,7.7157434402585405,6.88905149863558,174.2930029154519,5.503320375767459,0.9037900874636435,322.2857142857139,14.718963997553303,59.011431640266316,160.61574344023379,0.16909620991253643,35.879494654999135,88.10025
2917014262,B,564.9488304095,240.74074074100074,248.73294346957366,3493.6176900584796,32.85157337787751,99.39649122807009,25.429459064327485,849.800877192982,3.930489101550434,6.69899798904219,169.484649122807,4.31042884990025,0.9064327485380986,173.2970760233917,18.23881408948783,58.06517389960784,160.64561403508822,0.12280701754385964,18.112706007444146,85.4862
2917014266,A,343.29129574675403,229.06363336623951,51.68040444005483,3485.6253709198813,67.65861240637464,212.34302670623174,56.55044510385757,1618.511572700296,7.99473968168432,4.070647775651856,102.98738872403561,4.967029343882383,0.9036957108174593,336.21602373887185,14.783658822712232,84.80946431353159,160.4557863501489,0.5637982195845698,40.351587087478244,74.664
2917014270,A,332.1425120772548,228.49168008587077,41.76489533012482,3485.363768115942,43.94340924774797,136.95304347826087,36.5,1053.2713043478261,5.185243741766524,3.9384487598084834,99.64275362318841,2.808373590980816,0.6324110671937379,240.50782608695658,20.180653859108247,55.83104500376807,159.80521739130467,0.5478260869565217,25.709266578829034,75.6558
2917014270,B,638.0787704130548,244.0740740740002,313.7794855376592,3495.865994236311,32.6869768080029,99.86628242074926,25.5421469740634,844.8726224783863,3.939088289246218,7.566151427819657,191.4236311239193,2.620076849182135,0.5056326958344753,173.61613832853018,14.484283895177581,57.25466403756804,160.4426512968303,0.09798270893371758,18.21674962884735,90.76995
2919013980,A,69.42307692307462,212.77197425368425,138.73799725647584,3474.8646723646725,65.26522859856622,203.93162393162393,54.232549857549856,1660.4000000000003,7.719243719244774,0.8231985405897986,20.826923076923077,4.806900918010326,0.9065009065009934,323.41196581196584,14.296693831573561,56.977807767232584,159.83589743589795,0.5470085470085471,38.730898730889045,71.643
2921014246,A,82.2318007662862,213.5036185610458,150.12558535545685,3475.1221264367814,65.596606458678,206.21379310344835,54.81232040229885,1690.7844827586198,7.764629049113297,0.9750806414968979,24.669540229885058,5.3432311621949395,0.9012539184953842,326.61839080459856,14.40924886393418,57.44063823345708,160.28505747126485,0.16666666666666666,39.051724137919294,69.43905
2921014258,A,119.78045325794285,215.00157381176962,183.50645262811645,3476.3703966005664,32.11655200323575,100.43626062322937,26.744865439093484,806.7254957507095,3.7892093741954653,1.420321580134955,35.934135977337114,2.9497167138803424,0.47643574555760626,161.69405099150134,14.197246195397142,28.48553749811241,153.65439093484466,0.5580736543909348,19.075457120773418,69.64515
2921014270,A,88.51449275362555,213.7037037039994,155.7101449275246,3475.3673913043476,66.06349206347826,207.27652173913026,54.04076086956522,1545.903478260868,7.951119894613804,1.0495789654563785,26.554347826086957,5.47946859903292,0.9038208168643818,336.47884057971066,14.529154027632153,58.32913806248295,160.30608695652214,0.14492753623188406,38.48221343872952,69.9084
2939014266,B,1299.2805232556102,285.3639104221682,242.53445305768338,3523.8655523255816,64.49058693242547,194.98953488372086,49.940043604651166,1643.5552325581389,7.750660676558747,15.406488418041558,389.7841569767442,5.443717700256943,0.9064482029599178,326.48488372093107,14.479448350455204,58.6956854344592,160.26976744186086,0.5930232558139535,35.512684989423974,86.59425
2939014292,A,733.4305150632256,251.11219090799568,70.54097829608072,3500.6202623906706,63.46661113424807,198.61924198250745,52.80612244897959,1557.0209912536448,7.469652796185006,8.6968045264405,220.02915451895043,4.8226433430490525,0.9064404982773199,308.82448979591754,13.792121499757373,58.71566671775974,160.24256559766818,0.5568513119533528,37.8726035868913,86.77335
2939014292,B,1317.2167968751953,286.0474537036564,258.54166666668743,3524.3232421875,61.5029761904597,180.99374999999992,46.334228515625,1673.1457031250002,7.133522727290886,15.619171504440542,395.1650390625,6.420898437497678,0.9090909090909978,287.5687499999999,9.732013081392928,78.47707648018283,160.7125000000002,0.25,33.7736742424158,86.31195
2939014300,A,739.6111111111593,251.29683306465134,76.03435319377496,3500.8702898550723,63.6300897170634,197.17565217391328,52.41847826086956,1628.9339130434787,7.420421607379347,8.77009222661422,221.88333333333333,5.342190016100949,0.906455862977689,305.98724637681113,13.934614088298202,58.48627002282147,160.3153623188409,0.6144927536231884,37.57312252963321,83.10525
2939014300,B,1305.453431372294,285.72657952097,248.01742919387934,3524.0,64.27731092434841,194.98235294117669,49.87867647058823,1660.5970588235293,7.715775401097026,15.47968495697711,391.6360294117647,5.570261437906643,0.9064171122995522,326.150588235295,14.590287277696529,58.38777089778316,160.197647058824,0.5794117647058824,35.52406417111857,84.82605
2941014050,B,1246.1647173491524,282.7636993721246,195.3606237817161,3522.0,65.0320245056856,197.08771929824556,50.446820175438596,1655.7438596491218,7.7477405635557,14.77665672747082,373.84941520467834,5.559616634175755,0.9064327485380986,329.1637426900589,14.711682306535444,57.88819636805719,160.19649122807067,0.16666666666666666,35.88250930355298,87.0621
2941014078,A,791.6367265470443,254.4211576846662,122.31315147490099,3502.8645209580836,50.68719703445007,159.70059880239518,39.72679640718563,1096.145209580837,5.870168753404576,9.386996757475258,237.49101796407186,2.743679308049556,0.6205770277627175,226.83353293413177,20.38225873833174,58.28829183732172,159.46347305389264,0.5568862275449101,27.38160043548531,86.8872
2975014144,A,7124.220588235225,637.7854030503283,102.61655773415889,3761.616911764706,57.80532212886272,226.99764705882362,64.50827205882354,1467.7994117647067,9.23395721925416,84.47692397117609,2137.266176470588,6.756127450978471,0.9064171122995522,343.51882352941254,14.93570451436027,58.734907120678656,160.4141176470592,0.17647058823529413,39.31550802138634,69.90225
2975014148,A,7118.066959921848,637.5790159660014,97.14999456933216,3761.3724340175954,64.99511241450107,203.71143695014698,53.536473607038126,1614.3598240469169,7.657158091178324,84.40395604650703,2135.4200879765394,5.661860540891633,0.9064249533458614,322.5173020527858,14.768464843479423,57.714539280692286,160.57243401759578,0.5894428152492669,38.737225628719344,71.10975
2975014152,A,6136.691394656941,577.5887460159503,298.32948675682485,3721.11646884273,32.54345061468427,101.48011869436198,26.656157270029674,831.9151335311567,3.811168060427183,72.76709163625165,1841.0074183976262,3.258325090668429,0.49635824116541255,169.40415430267086,14.939617693732892,60.55052319219791,160.25637982195894,0.12759643916913946,19.270749033364737,78.71865
2975014160,B,6862.2426095835035,621.6366519422434,208.54003850924823,3750.75,35.55409931555779,109.51192660550448,27.96158256880734,915.4146788990818,4.292465943855009,81.37046572626453,2058.673547400612,3.5100237852516796,0.5421184320267429,192.01834862385348,15.668160159298546,51.00233381613788,160.254434250765,0.13149847094801223,19.892503011762177,70.5336
2975014168,A,6395.57655038749,597.5764427216753,143.95348837199717,3734.5,67.09025470655683,203.6720930232557,53.68095930232558,1716.7142441860453,7.672436575055141,75.83687609154573,1918.672965116279,4.903504521961959,0.8985200845666824,333.1348837209301,11.154678204439616,81.69981640139835,160.10232558139575,0.5465116279069767,38.5914376321374,77.2398
2975014168,B,7203.752380952543,641.282539682253,173.3481481481884,3764.1114285714284,65.60272108842024,203.3485714285713,51.535714285714285,1548.3111428571442,7.997792207803547,85.41998870694012,2161.1257142857144,5.399206349204851,0.9064935064935933,339.968000000001,14.42524916942938,56.53872180445372,160.13714285714343,0.5714285714285714,36.794805194791664,68.7249
2975014172,A,6329.1372549021535,592.7647058825926,84.9063180827842,3731.25,64.18207282916168,201.5788235294117,53.204963235294116,1650.3423529411752,7.580614973264555,75.04905835851629,1898.7411764705882,5.589052287580289,0.9064171122995522,328.74470588235226,14.680574555396136,59.10178018569568,160.6400000000004,0.5882352941176471,38.35472370767733,76.0518
2975014180,B,6857.1699905036285,621.2852168404829,203.87675424709445,3750.6118233618236,65.29643196308203,201.9897435897434,51.611467236467234,1499.6555555555578,7.936285936300858,81.31031609292239,2057.1517094017095,4.97704969926926,0.9065009065009934,337.81082621082703,14.418604651156766,58.338956365218095,160.1094017094021,0.11965811965811966,36.68738668737342,71.2785
2975014184,A,6653.734827264082,611.6516236122144,23.11028114949116,3744.109243697479,60.7683073229596,191.54621848739487,50.54884453781513,1571.0336134453771,7.181818181820102,78.89806910907048,1996.1211484593837,4.859165888574962,0.9090909090909961,316.792156862745,14.059018956416221,56.07179713985369,159.7848739495805,0.1568627450980392,36.26856803325886,74.54235
2975014188,A,6270.7747196737,589.4348170801194,32.98901347830859,3728.8769113149847,65.77544779382805,206.92110091743137,55.04300458715596,1632.2036697247656,7.777453433419784,74.35701248625666,1881.2324159021407,5.174991505264969,0.9063108145677824,323.1045871559638,15.36306094871883,61.316996619912935,160.29357798165188,0.5749235474006116,39.29292929292405,74.40255
2975014200,B,6921.169548511229,624.2523214854992,260.8175899242104,3752.613832853026,65.8007410456844,203.42939481268004,51.26350864553314,1594.6054755043253,7.976290280340984,82.06920413254747,2076.3508645533143,5.462295869354721,0.9038511920357167,335.51585014409216,14.315394410557868,58.5742454117403,160.13832853025966,0.14985590778097982,36.98454283467876,73.5189
2975014374,A,6316.851577909057,592.2222222219956,73.9206662283664,3730.8683431952663,65.73823612288274,201.33017751479278,53.125924556213015,1712.065384615384,7.557826788597296,74.90337839419298,1895.055473372781,5.455703484548195,0.9037116729425289,324.4852071005915,14.89679372505273,60.03503581432278,160.58698224852114,0.5798816568047337,38.331540254616066,74.92335
2975014374,B,8280.279356060542,703.7037037039992,44.51388888888892,3806.114346590909,66.63961038960082,206.3147727272728,52.84002130681818,1479.6178977272734,8.142174586782964,98.18515877649148,2484.0845170454545,5.815183080805898,0.9065082644628967,333.8761363636367,14.22634778012013,56.78453947363455,160.3909090909095,0.13636363636363635,37.619662534428066,73.8438
2975014378,B,6995.129310344803,627.573435504349,326.5772669219798,3754.6185344827586,66.66666666666514,205.90689655172415,51.947737068965516,1470.6810344827559,8.130094043898884,82.94619735585609,2098.5387931034484,5.409083652617609,0.9038662486939215,347.3770114942522,14.346431435439026,57.20583787048109,160.23908045977055,0.13505747126436782,37.38592824798914,71.2356
2977014368,A,6264.187558031184,589.056019808057,27.139172598778497,3728.7555710306406,62.37697307337985,192.31420612813375,51.283948467966574,1584.160445682452,7.245758419855711,74.27890385018054,1879.2562674094709,5.728102754563364,0.9040263357812969,324.92479108635075,14.715294422487752,55.609148218674314,160.26740947075248,0.1977715877437326,36.44720182323014,76.713
2977014372,B,7007.204761906225,627.9470899471427,337.4010582009427,3755.1107142857145,34.209523809518835,104.95885714285707,26.398214285714285,866.5131428571425,4.15961038962622,83.08938452848821,2102.1614285714286,3.2277777777771126,0.5116883116883626,185.55999999999975,14.216611295674813,56.86315789469625,160.10971428571483,0.11428571428571428,18.973160173154294,71.35335
2977014380,A,6413.9496007984735,598.3200266135866,160.29718341099104,3735.0,65.55460507559481,202.9508982035928,53.54135479041916,1635.956586826347,7.639765922702388,76.05473834938704,1924.184880239521,5.540169660676945,0.9036472509527269,324.3305389221557,14.94986770644079,60.61771194447851,160.0383233532939,1.0,38.60279441118264,76.5222
2977014406,B,6975.366088631994,626.6666666670042,308.993791479361,3754.117774566474,65.89733003026323,205.08901734104072,51.64107658959538,1575.4421965317879,8.043483972681713,82.71185085333094,2092.6098265895953,5.585260115605745,0.9090909090909962,345.767630057803,14.584621588918445,56.92006388797977,160.25895953757276,0.1416184971098266,37.1912769311528,72.36585
2977014410,A,6322.952310717487,592.3992133727414,79.36414290396775,3731.1150442477874,65.63983705579723,202.41061946902644,53.16187315634218,1648.9176991150462,7.607401448111648,74.97571909942876,1896.8856932153392,5.592838413632711,0.9037275408957692,331.8536873156343,14.812375660281386,59.43370594622005,160.6985250737466,0.5929203539823009,38.584070796467216,76.1562
2977014410,B,8286.89285714261,703.8730158731358,50.40211640211874,3806.3607142857145,66.55918367345566,208.81371428571416,53.46607142857143,1476.9745714285725,8.220519480537886,98.26355166571791,2486.067857142857,5.483333333331019,0.9090909090909961,344.2240000000002,14.381395348832235,58.310902255582164,160.32000000000048,0.12285714285714286,37.80952380951347,72.64965
2977014414,B,6939.171483620606,625.1851851849955,276.89145793220945,3753.116329479769,33.103495733546545,101.34104046242769,25.918533236994218,850.1999999999994,3.9859432475191254,82.28266581370613,2081.751445086705,3.292389210017888,0.504466631634312,178.8682080924859,14.650490657342838,57.90842713715296,160.32369942196573,0.5491329479768786,18.44456121912168,72.76575
2977014418,B,8196.244164332513,697.9468824567397,325.4694470380253,3802.25,65.11671335199047,197.45882352941223,50.13830532212885,1620.1277310924365,7.778584160962967,97.18866598023051,2458.87324929972,5.074696545282574,0.9039979628215787,310.5333333333344,14.069441730174326,58.30716497119165,160.2151260504207,0.13445378151260504,36.06060606060063,68.89545
2979014144,A,5847.374497993254,560.0,85.16733601072681,3709.1167168674697,32.920252438340064,102.82409638554215,27.293862951807228,840.2620481927704,3.9052573932095167,69.33645649793864,1754.2123493975903,3.3128346720213293,0.49835706462217483,171.52530120481921,15.198234799657895,58.45196575770496,160.42409638554267,0.5843373493975904,19.54819277109093,76.92135
2979014148,A,5909.6828908556345,564.8148148150042,140.73200043699728,3712.3672566371683,63.9513976682421,198.96637168141595,52.80696902654867,1658.9725663716852,7.531241619737681,70.07529119590286,1772.904867256637,4.984431333988268,0.9090909090909963,318.8778761061952,14.761610756663497,58.85305076845776,160.2265486725668,0.1592920353982301,37.93510324484815,78.30795
2979014148,B,6731.9908741592635,615.1851851849955,92.6715764756077,3746.363832853026,65.38493207079937,201.91815561959643,50.871757925072046,1562.0904899135464,7.92048729369312,79.8260072217085,2019.5979827089336,5.692042907460052,0.9064710505633564,342.58443804034545,14.47087996782503,58.2193235248964,159.9446685878968,0.5677233429394812,36.72692341279232,69.9189
2979014152,A,5875.698067632608,561.6511003755439,110.5013419216319,3710.25,64.76604554868223,202.23304347826073,53.71739130434783,1627.0347826086957,7.60092226614138,69.67230910237483,1762.709420289855,4.842190016100825,0.906455862977689,313.97333333333376,14.37748567576081,57.785659801630835,160.12057971014542,0.5507246376811594,38.41194554239137,80.80005
2979014164,A,6031.3194444444825,572.0242656449262,248.80800340570423,3717.1242816091954,64.75643130818754,203.8068965517246,53.95743534482759,1653.6336206896565,7.692006269594276,71.51765026578065,1809.396551724138,4.713840996166625,0.9064785788924589,316.47241379310316,15.195134990637909,57.926875378032626,160.3126436781612,0.16091954022988506,38.716475095785114,77.2539
2979014168,A,5888.149509803647,562.0337690631427,121.5860566448326,3710.616176470588,65.39775910366606,203.56941176470576,53.512867647058826,1682.6320588235285,7.641176470591028,69.81995466171837,1766.445588235294,5.526143790847788,0.903743315508108,318.95294117647,14.863885088914305,59.29643962841996,160.15058823529463,0.17352941176470588,38.69786096257645,74.913
2979014168,B,6549.652173913373,604.6215780996994,280.86097691893366,3739.363768115942,65.63008971703037,203.98956521739112,51.80797101449275,1525.8947826086962,8.028326745734933,77.66388841151232,1964.896376811594,5.591787439611936,0.906455862977689,343.1663768115947,14.425345466796385,57.89282990077728,160.25043478260923,0.13623188405797101,37.0944224857168,78.07065
2979014172,B,6685.775696445954,613.1294695270335,51.53591631978491,3745.0,65.44394126525442,202.2881844380402,51.11941642651297,1550.1319884726222,7.929656798537097,79.2779726851304,2005.7327089337175,5.5263368555857,0.9064710505633564,344.7308357348699,14.52583606996335,58.00925223716102,160.19365994236355,0.14697406340057637,36.73216312985691,73.06665
2979014180,A,5821.915422885432,558.6954118300443,62.68435599779094,3708.25,64.71073205404977,200.98029850746258,53.059701492537314,1660.9226865671662,7.536227951155998,69.03457023184777,1746.5746268656717,5.703150912105335,0.9090909090909963,322.81910447761175,15.012842762926207,75.09190887659058,160.51582089552267,0.5940298507462687,38.16372682045289,73.6695
2979014184,A,5992.156862746501,569.8050108934407,213.8823529414228,3715.863970588235,33.443977591052374,102.17647058823525,27.172794117647058,834.9555882352937,3.899331550802351,71.05324343175191,1797.6470588235295,2.57802287581559,0.502673796791494,168.69999999999993,14.743502051977414,58.512770897764675,160.0847058823534,0.09411764705882353,19.458110516936724,76.9923
2979014184,B,6955.933333333511,625.9259259260057,291.68465608470234,3753.615714285714,65.34285714285768,202.04228571428575,50.948214285714286,1586.9991428571436,7.9640259740334916,82.48142292490428,2086.78,5.484126984126048,0.9064935064935933,336.12000000000114,14.27508305647463,57.57067669167279,160.0822857142861,0.5885714285714285,36.59567099567175,71.38245
2979014196,A,7243.627596439136,643.5080778107105,208.72403560831162,3765.5,65.63233008340406,200.05103857566746,52.855155786350146,1666.0406528189897,7.566630698679515,85.89281734907964,2173.0890207715133,5.573689416418866,0.9036957108174593,311.53115727002927,14.916844938233034,58.18678744332799,160.25637982195892,0.18991097922848665,38.01366783561683,70.74945
2979014378,B,6737.248062016985,615.3585271318905,97.4332472007065,3746.6119186046512,33.24197120707909,102.28604651162789,25.843931686046513,833.6023255813952,4.011495771675084,79.88834566598047,2021.1751453488373,3.256621447028603,0.5047568710359912,180.12790697674382,14.621416982147622,57.95861383103808,159.92558139534927,0.5523255813953488,18.596723044391865,71.3613
2979014382,B,6556.21557454917,604.9868101720068,286.74897119332525,3739.5,65.36155202820196,202.87863247863228,51.46189458689459,1568.8999999999992,7.960761460786951,77.74174295912317,1966.8660968660968,5.447926559035604,0.9039109039109905,340.323646723647,14.278142185112031,56.21195081715038,160.19145299145345,0.14245014245014245,36.84537684536723,79.93305
2979014390,B,6543.250237417138,604.4444444440013,275.1144877071764,3739.1182336182337,64.75783475782134,200.15042735042726,50.82532051282051,1573.5666666666687,7.879305879311235,77.5879474792361,1962.9750712250711,5.541706236148885,0.9090909090909961,336.9891737891745,14.086662691308268,57.57459889032841,160.10940170940214,0.15669515669515668,36.34291634290616,76.3365
2981014384,A,6275.184903750367,589.6296296300036,37.07531239445114,3729.1215805471124,33.482414242307904,104.17386018237077,27.694718844984802,850.4726443769008,3.917242332137421,74.40930715910127,1882.55547112462,3.084262073622437,0.4835589941973407,174.5702127659578,15.368629391384564,61.264997600313606,160.07781155015238,1.0,19.862761352125798,76.3284
2981014388,A,6086.392128279884,575.3590325019982,253.4737069431338,3719.6137026239066,63.84700819106202,198.81865889212816,52.82343294460642,1601.7061224489805,7.484230055661249,72.17065764759617,1825.917638483965,4.795918367344449,0.9064404982773199,308.97959183673424,14.558953149361319,57.89320239367863,160.02798833819278,0.5539358600583091,37.9211944518069,80.0391
2981014388,B,6962.69419862365,626.1061946901597,297.6772642849885,3753.869469026549,65.43896614693264,205.2778761061948,52.21884218289085,1603.762831858407,8.078707428271544,82.56159128801505,2088.8082595870205,5.4101114388710245,0.9064092249933827,332.47315634218376,14.937229882686095,59.617683589449044,160.1982300884961,0.168141592920354,37.24233485295036,72.2454
2981014396,A,6092.593966369881,575.7281019895055,258.9735135729084,3719.75,65.04733644202513,201.22255192878342,53.42637240356083,1649.005637982195,7.595764769357501,72.24419722969247,1827.7781899109793,5.5267062314513895,0.9036957108174593,313.82433234421296,15.030018632248684,59.04693112596421,159.85756676557924,1.0,38.36345652368825,76.97835
2981014396,B,6802.863550519377,618.6895393980635,155.66257475603965,3748.75,65.78982867933314,203.73824362606237,51.686437677053824,1510.6589235127472,7.995750708233969,80.6663942043875,2040.859773371105,5.531554926029397,0.9090909090909961,337.388101983002,14.18011726727146,56.742582376557436,160.29008498583624,0.5637393767705382,36.872692935008295,66.7824
2981014402,B,7001.7702448208165,627.7777777780053,332.4712282904007,3754.8629943502824,66.53214958298952,205.97627118644058,51.8458686440678,1466.3669491525452,8.149717514147401,83.02494361446828,2100.531073446328,5.382532956684623,0.9039548022599736,348.83728813559253,14.101957692807302,56.97368421047834,160.1807909604525,0.12994350282485875,37.329224447857705,71.53665
2981014410,A,6043.541055718798,572.4036059520719,259.7306397306509,3717.617302052786,82.48289345053462,271.85806451612893,65.67631964809384,1844.5398826979465,9.898960277256279,71.66254216267298,1813.0623167155425,5.223607038122368,0.9037589976007265,311.56363636363693,14.95669371887649,61.308072233301964,160.3190615835781,0.5894428152492669,44.62898782547929,77.6814
2981014410,B,6981.984805317955,626.8418275827244,314.89078822421044,3754.3618233618236,65.70071903403559,205.01880341880343,51.64707977207977,1559.0777777777798,8.051670551679154,82.79033365988657,2094.5954415954416,5.512029123139222,0.9090909090909961,346.09116809116796,14.460345855690376,57.39166291792282,160.14586894586952,0.5669515669515669,37.15445048777598,69.0447
2981014414,B,6894.119718309573,623.1309337505201,236.73656755348733,3751.8591549295775,58.0335345405745,224.9104225352112,61.933098591549296,1430.6628169014068,9.307810499377084,81.74845515782478,2068.2359154929577,6.055555555552824,0.9065300896287679,344.8416901408448,14.003930560102031,57.77020014819263,160.13521126760614,0.6112676056338028,39.978659837812515,75.1314
2981014418,B,6968.845973782665,626.4617145235004,303.14606741573886,3754.0,64.96789727126374,197.36292134831447,50.13079353932584,1641.779494382024,7.743871297245543,82.63453723852172,2090.6537921348313,5.508348938825749,0.9039836567927321,338.49325842696646,14.356545597066253,55.4316972205267,159.93707865168588,0.12640449438202248,35.817160367713804,72.79215
2981014422,A,6644.2300194913605,611.2843837987152,14.769330734248637,3743.75,32.30437204123333,100.38947368421047,26.6593567251462,828.3622807017541,3.8177830941004136,78.78533619952945,1993.2690058479532,2.559697855749331,0.4970760233918626,166.37894736842097,14.413164694674977,62.729301323426434,160.60818713450328,0.09941520467836257,19.002303739139812,77.39625
2981014426,A,6037.400793650982,572.222222221996,254.26366843039548,3717.3675595238096,66.53344671205465,209.7964285714288,55.79706101190476,1716.2669642857156,7.900838744591725,71.58973273103923,1811.220238095238,5.294725529099403,0.9036796536797405,323.1416666666672,15.737126245838684,60.13784461146629,160.52380952381003,0.16666666666666666,39.78715728714309,77.37015
2981014442,B,6934.178709055692,624.9828730464725,272.3356882894594,3752.8706647398844,65.16790531239938,201.09710982658953,51.06304190751445,1606.5520231213893,7.8967419863530965,82.22346295323791,2080.253612716763,5.603725112394101,0.9064634787179009,337.4404624277462,14.542949321140727,58.90059324607731,160.16647398843975,0.5722543352601156,36.523909616384245,74.5371
2983014176,B,5593.642241379454,543.7037037039992,201.2366964665204,3698.1170977011493,64.22550629446002,193.4413793103453,49.242097701149426,1541.5198275862087,7.599137931038458,66.32777361319678,1678.092672413793,5.302123243931202,0.9064785788924589,311.1540229885058,14.37583533813776,61.01519963695738,160.18390804597743,0.15517241379310345,35.54684778822476,80.3274
2983014200,A,5325.748248248649,527.2127683236664,296.85018351713063,3687.0,32.784212784223755,102.27027027027029,27.149024024024023,833.6279279279272,3.8400218400225534,63.15116499898983,1597.7244744744744,3.30914247580829,0.4968604968605467,168.73993993994,15.07507507507043,60.22087877345385,160.4132132132136,0.5855855855855856,19.49130949131618,82.2705
2983014200,B,5836.291182170581,559.4304478897851,75.48234280793042,3708.75,64.23311184939728,196.48953488372084,50.700399709302324,1621.4136627906983,7.539640591968654,69.20506250574724,1750.8888081395348,5.097302971574771,0.9064482029599178,319.6069767441855,14.444970254186275,57.04482864131257,160.20465116279098,0.5436046511627907,36.54510218463556,86.75685
2985014372,B,5689.5381231675665,548.7216248509362,286.4125122188881,3701.6151026392963,71.56821672942935,229.5765395894428,54.95876099706745,1663.6302052785911,8.596907491334768,67.46487893084587,1706.8614369501465,5.749837080480932,0.9064249533458614,303.0322580645161,15.110141171651934,57.85807995054498,160.3190615835783,1.0,37.515329245542546,81.46425
2985014384,A,5564.2442442424,541.4814814809968,175.34645756868167,3696.6186186186187,33.01015301016338,102.63783783783775,27.221283783783782,885.1594594594584,3.8521703521718056,65.97918076177942,1669.2732732732732,3.2044544544533036,0.4968604968605467,168.8912912912911,15.250366645709502,51.635451240674406,160.7879879879884,0.5825825825825826,19.523159523164527,78.8223
2985014392,A,5559.612919132367,541.2809555114401,170.9401709401863,3696.5,64.47872640183037,199.53017751479314,52.98539201183432,1711.823076923078,7.511430876818343,65.92426386322575,1667.883875739645,4.914119000655104,0.9090909090909963,316.95502958579823,14.953901197187935,58.97734350663985,160.3502958579886,0.5976331360946746,37.91913214990796,80.17725
2985014396,B,6119.718992248285,576.8464685617358,283.11154177433434,3720.6155523255816,63.514673311176686,191.954651162791,48.917151162790695,1627.8305232558153,7.5438689217823915,72.56583785273318,1835.9156976744187,4.9491279069749785,0.9090909090909962,315.4720930232552,14.421984856674403,58.613831089290954,160.15813953488424,0.15406976744186046,34.91455250175763,88.0542
2985014402,A,5321.20113168747,526.8587105625522,292.72976680388564,3686.871913580247,66.66078777192308,206.6777777777777,54.95659722222222,1700.5805555555573,7.817340067341623,63.09724662078996,1596.3603395061727,5.049296982166218,0.9062850729518268,321.5592592592589,8.924777490666415,62.91341780370596,160.51358024691393,0.16358024691358025,39.41451552562907,83.6112
2985014406,B,6493.560823754967,602.0263942102705,230.9897828863422,3737.614224137931,58.14997263272585,226.56551724137935,62.5628591954023,1424.5982758620669,9.380877742955741,76.99874494571993,1948.0682471264367,6.545338441889398,0.9064785788924589,347.32873563218334,15.19847634321694,57.09656684810307,159.86206896551778,0.6063218390804598,40.24294670846803,75.0927
2985014410,B,6487.2068798451855,601.8518518519996,225.35314384147068,3737.3670058139537,65.78903654483078,203.65813953488404,51.327216569767444,1633.0116279069773,7.974894291757364,76.92340173729971,1946.1620639534883,5.41141795865604,0.9064482029599178,333.6476744186045,15.546917252562768,58.65628824963828,159.83255813953545,0.5813953488372093,36.83844256518396,78.06525
2985014414,A,7093.616666666912,635.731216931491,75.47724867725475,3760.3621428571428,65.22448979594841,204.7199999999999,54.46160714285714,1568.0562857142888,7.695454545457256,84.11403162055792,2128.085,4.882936507934524,0.9064935064935933,326.2239999999994,14.54883720929781,56.41691729317043,160.07314285714332,0.13428571428571429,38.857142857155715,72.88755
2985014422,A,7098.886452240352,636.0948667965266,79.96534546242982,3760.5,33.82066276804593,105.02105263157887,27.90661549707602,804.1640350877182,3.966507177034769,84.17651919655229,2129.6659356725145,3.3183073424294154,0.5050505050505555,176.97309941520444,14.818441452461968,58.4872268389687,160.0842105263163,0.12573099415204678,19.925571504525134,68.32365
2985014426,A,5914.305150629793,564.997300507505,145.12039736538728,3712.618804664723,31.82007496877989,99.23615160349854,26.379373177842567,830.1314868804659,3.7580174927116605,70.13010060038428,1774.2915451895044,3.0405733722057158,0.47707394646174944,164.6693877551021,14.202318801268293,52.18467086078613,160.28921282798882,0.12244897959183673,18.95220425833124,75.71655
2985014426,B,6672.708933717549,612.5925925929982,39.976518305044216,3744.614553314121,65.89817483187632,204.02766570605172,51.38148414985591,1525.2821325648388,7.985328792255597,79.12303083459815,2001.8126801152737,5.501120717256908,0.9064710505633564,343.37521613832826,14.652503183426465,57.815865311639335,160.26743515850188,0.1440922190201729,36.93039909177654,74.6724
2985014454,A,5926.61721068074,565.5555555559988,155.6061105616142,3712.8724035608307,32.60844990816737,101.07418397626111,26.830489614243323,840.0507418397627,3.801996223362615,70.27609340727746,1777.9851632047478,3.2335970985810114,0.4909630428918755,168.9056379821959,14.978952453240293,59.3987193502445,160.04747774480748,1.0,19.243773041999667,75.75135
2985014458,B,6481.033037475502,601.6546131928866,219.85974139821556,3737.122781065089,65.6015779092532,200.12662721893497,50.798816568047336,1660.4192307692304,7.849246906955214,76.85019412026638,1944.3099112426034,4.858645627875727,0.8983324367940615,339.2142011834318,7.611806797849972,31.407661164716185,159.01538461538516,0.5857988165680473,36.346602115829356,78.24915
2985014462,A,5826.616616614863,559.0579468356693,66.7222778333646,3708.370870870871,32.77563277565045,101.52072072072073,26.6478978978979,844.3324324324311,3.7937482937497937,69.09031561207628,1747.984984984985,3.294961628294534,0.49959049959054963,171.22882882882882,14.989175221726969,59.91662715340855,160.4612612612617,0.12912912912912913,19.233779233785242,74.43165
2987014148,B,7177.680751173829,640.184663536586,150.15127803857743,3763.361971830986,62.82226693493964,197.50647887323962,49.70246478873239,1453.2059154929545,7.783354673522704,85.11083894671305,2153.3042253521126,4.707355242564209,0.9065300896287679,321.96056338028177,13.946937438581633,54.955893254211624,160.2163380281695,0.1352112676056338,35.72001707212732,73.0602
2987014184,A,4751.0628019325795,487.21846484143424,313.3784219001855,3660.115217391304,64.21532091100367,203.6417391304351,54.106884057971016,1569.122608695652,7.7173913043489994,56.33671306639339,1425.3188405797102,5.3293075684357,0.906455862977689,310.9379710144919,14.434782608688234,59.672006102152764,159.6104347826091,0.6202898550724638,38.64470794905146,74.1681
2987014192,A,5064.40302144231,512.9629629630044,64.52891487979136,3677.3698830409357,65.19075466447065,203.56842105263144,54.12280701754386,1627.6570175438587,7.650186071240106,60.052267526516296,1519.3223684210527,4.9792884990233715,0.9064327485380986,322.2456140350875,14.600843193247993,57.96745152349275,160.29005847953263,0.5467836257309941,38.78433457380353,83.5218
2987014196,B,5385.2640503873545,532.3923341947258,16.012058570203532,3690.3699127906975,64.35215946841623,195.13953488372093,49.35138081395349,1630.506104651165,7.689217759003143,63.85688597297353,1615.579215116279,4.920865633072538,0.9090909090909962,319.9488372093023,14.726203353155732,58.05079559358135,159.96279069767493,0.1511627906976744,35.49594785058935,91.3065
2989014348,A,5188.399122807369,519.799653454824,174.81264890609106,3682.0,32.284878863840056,100.62105263157893,26.782711988304094,845.5473684210536,3.8201754385973388,61.52254813582849,1556.5204678362572,2.534925276152401,0.4970760233918626,165.68304093567275,14.735482116139428,58.658818097825176,160.0093567251467,0.09941520467836257,19.05901116426458,82.89615
2989014438,B,5676.85990338142,548.3166935052404,275.2356414385738,3701.11884057971,64.68046928915734,198.1878260869564,50.38677536231884,1642.1034782608697,7.796706192362588,67.3145443088871,1703.0579710144928,4.77294685990155,0.906455862977689,322.7791304347822,14.664644421970207,58.97559115173483,160.32463768115997,0.13623188405797101,36.079929732093724,85.3947
2989014450,B,5664.228303745708,547.5761560375771,264.22748191978104,3700.75,32.92899408283582,100.04378698224849,25.585244082840237,829.4076923076924,3.982383001616684,67.16476249503178,1699.2684911242604,3.2359467455611273,0.5002689618074734,172.45680473372772,14.893353515884616,58.48217066328973,159.95266272189397,0.11834319526627218,18.154025461714284,81.57225
2989014454,B,5683.296996124215,548.5185185190034,280.88716623599737,3701.3655523255816,64.67469545957434,197.92325581395346,50.33157703488372,1657.6700581395332,7.7585887949317245,67.39087347184315,1704.9890988372092,5.397690568474385,0.9090909090909962,323.1965116279069,14.752568956188146,58.65208078329425,160.17674418604685,0.5726744186046512,36.040345313592525,78.0339
2999014220,B,8223.252611586147,699.0513875698599,349.5008969082364,3803.0,66.26780626778772,207.30598290598277,53.02884615384615,1439.6555555555567,8.174436674454048,97.50892424805507,2466.9757834757834,5.587211142765175,0.9065009065009934,338.2575498575498,14.152918571518763,57.460638776383895,160.05470085470125,0.5726495726495726,37.62755762754661,67.5474
2999014228,B,8376.666666666419,708.5185185190039,130.14538894193407,3809.368911174785,65.07981989355153,197.47392550143275,50.507700573065904,1575.5217765042976,7.728444907540007,99.32806324110817,2513.0,4.929560649472269,0.9038812190675521,325.8830945558748,14.534550543076282,52.779746644491624,159.54154727793755,0.1318051575931232,35.64383085871882,83.3613
2999014310,B,8216.486928104508,698.6865857457205,343.4837638758742,3802.8599439775912,66.52927837799999,207.84537815126075,53.23967086834734,1510.1193277310936,8.177361853837573,97.42869875224125,2464.9460784313724,5.517040149391894,0.9065444359562874,339.7176470588245,13.944368445050756,57.969187675032515,160.22408963585488,0.5546218487394958,37.551141668784375,63.5436
2999014314,A,7531.404979673417,661.2850045164226,91.84733513999846,3777.612042682927,33.802264808381715,105.56707317073162,28.09451219512195,840.0576219512191,3.9697893569859795,89.30519738744754,2259.421493902439,3.3735602981021966,0.5099778270510489,169.5792682926829,15.317640385700583,56.66720154038764,160.1365853658541,0.11890243902439024,20.05266075387771,76.5312
3003014256,B,8202.933052434466,698.3146067417106,331.4253017062331,3802.3686797752807,66.12225789190111,205.70561797752828,52.3095154494382,1561.5446629213507,8.107635342206798,97.2679808589128,2460.879915730337,5.346441947563332,0.9039836567927321,333.3730337078659,14.109615887111671,56.10881135417775,160.05393258427026,0.1404494382022472,37.15355805243322,68.0238
3005014324,A,7485.767156862971,659.0588235293577,51.48583877996314,3776.0,64.80952380955989,202.93058823529398,53.786764705882355,1642.2441176470606,7.628342245992113,88.76403743315328,2245.7301470588236,4.897058823527839,0.9064171122995522,310.2729411764705,14.47469220245741,58.00580495350456,159.96235294117693,0.1411764705882353,38.5837789661433,80.96775
3005014324,B,8228.820037985448,699.2592592590022,354.4729344727866,3803.1153846153848,33.787817121141316,104.1914529914529,26.619480056980056,831.2333333333331,4.082362082377228,97.57494116186578,2468.6460113960115,3.309591642924529,0.5076405076405582,176.99031339031333,14.314582919229405,57.92397660813609,160.30997150997186,0.11965811965811966,18.930328930320805,69.22395
3005014494,B,8292.296978282882,704.2367012902893,55.28905676212952,3806.5,34.43140428975127,105.88555240793197,27.09366147308782,861.5022662889506,4.164048416188973,98.3276321535097,2487.689093484419,3.1515580736532844,0.512490342518722,179.32691218130304,14.157059094797683,59.1885343670182,159.50141643059544,0.11614730878186968,19.178470254949957,70.82985
3005014526,A,7452.265395894634,657.5779298358814,21.696535244918373,3774.8717008797653,65.8120374249732,205.09794721407667,54.579362170087975,1654.8237536656893,7.740869101575483,88.36681232830334,2235.680351906158,5.595470837404536,0.9064249533458614,320.08680351906213,14.691400122753906,58.833153264332786,160.06568914956048,0.5894428152492669,38.85897094107985,77.394
3009014470,A,2257.710813491964,340.54343033502397,80.09259259258815,3561.0,66.17630385486629,206.4071428571428,53.756510416666664,1532.3982142857128,7.921130952388789,26.77127446829043,677.313244047619,5.483630952379491,0.9090909090909963,336.68333333333374,15.272009966770607,59.42120927312482,160.38095238095295,0.1488095238095238,38.23593073591961,74.62365
3009014494,A,2239.3706981315045,339.80006555247746,63.79329181688212,3560.5,64.31380811911052,201.09380530973448,53.42090707964602,1653.4274336283192,7.570260123358393,26.55380274464555,671.811209439528,4.887741724021576,0.9064092249933827,314.3185840707958,14.73074020716922,60.16224188784732,160.04719764011855,0.5545722713864307,38.24260302135206,81.48765
3011014208,B,2333.985915492986,344.991131977053,147.88941053726202,3564.1154929577465,64.18376928233768,197.7059154929578,50.646126760563384,1649.3045070422531,7.765941101167439,27.675722318083952,700.1957746478873,5.144366197180696,0.9065300896287679,319.7994366197188,14.073370455286002,58.7583395106807,159.99098591549347,0.6140845070422535,35.86939820742372,83.7336
3011014212,B,2262.9263005778907,340.74074074100247,84.41661314491888,3561.1170520231212,33.72694742635609,103.1028901734103,26.333092485549134,847.1228323699427,4.037572254342337,26.833118188685336,678.8778901734104,3.2233461785475144,0.5097214923805027,181.85433526011576,14.815835461749304,57.20794037110771,160.046242774567,0.12138728323699421,18.617095813626015,79.6245
3011014220,B,2584.248792270435,359.07461084266646,50.907139023081655,3573.615217391304,64.50241545893314,218.79652173913053,63.80344202898551,1633.851304347825,9.343478260874287,30.643266311499733,775.2746376811594,6.3768115942014525,0.906455862977689,349.83768115942036,15.269969666327661,57.361556064014316,160.15768115942083,1.0,42.745718050073215,81.7974
3011014228,A,2058.4070796462242,328.5185185190017,240.55063913473708,3552.8702064896756,65.75221238937065,205.35221238938036,54.50129056047198,1660.0654867256615,7.7185572539558205,24.40798908671471,617.5221238938053,5.556784660765717,0.9090909090909963,328.9215339233044,14.757494683398768,57.52484086316808,159.97168141592982,1.0,38.90408509877296,72.31815
3011014264,B,2340.3220255652504,345.35780618387275,153.52999016720628,3564.25,67.23837617640585,207.62831858407054,53.0844395280236,1621.284070796461,8.137168141618083,27.75085405807484,702.0966076696166,5.276138970827047,0.9037275408957692,337.6519174041306,14.852850380732223,59.78070175431837,160.22654867256688,0.5634218289085545,37.68302493965524,81.99945
3011014268,B,2472.3738095240856,352.02645502642866,270.9058201058257,3568.75,64.44081632650878,197.0845714285713,50.38125,1654.4914285714283,7.759740259768883,29.316685488430277,741.7128571428572,5.56547619047348,0.9038961038961905,330.2160000000009,14.310963455145775,57.819924811984464,160.27428571428626,0.1657142857142857,35.75844155843555,83.0055
3011014278,A,2115.0272007926724,331.1111111109973,291.0231893616308,3554.620919881306,33.16518298714219,102.80830860534121,27.288575667655785,836.2548961424321,3.9140814674944493,25.07937392239787,634.5081602373888,4.344708209691652,0.9063933099542278,172.41186943620175,18.405907114758516,59.80946431353246,160.14243323442196,0.12166172106824925,19.4883553637231,74.01555
3013014292,A,2251.664215686236,340.18082788653,74.71241830065367,3560.866911764706,64.72829131653252,200.7564705882354,53.35845588235294,1658.062058823529,7.548663101605694,26.69957568007793,675.4992647058823,5.495506535946085,0.9064171122995522,319.32352941176447,14.82626538986972,60.13660990705709,160.81882352941204,0.5941176470588235,38.04010695185273,75.9663
3013014296,A,2083.22124756307,329.62962962999904,262.6683993935321,3553.6169590643276,65.22417153996358,203.76842105263137,54.08625730994152,1660.9324561403496,7.65762892078741,24.70222823198741,624.9663742690059,5.564489928523269,0.9037745879852009,325.1356725146204,14.724602203176412,58.92428439513903,160.2432748538016,0.17251461988304093,38.63636363636414,72.84075
3013014486,B,2496.8338399197273,353.1374535628453,292.68715524040647,3569.447568389058,39.098277608904006,113.44559270516723,29.088145896656535,1182.766869300912,4.450262503466402,29.606725374551967,749.0501519756839,4.404761904760487,0.6659298148660503,240.69787234042565,16.20555594825225,61.497760358278455,160.04863221884548,0.8541033434650456,21.23883208989269,85.67175
3013014490,A,2245.5742912997944,340.0,69.30161833386815,3560.6217008797653,64.90992878089722,201.60703812316746,53.59695747800586,1687.887976539588,7.61543588376559,26.62736313794694,673.6722873900293,5.457396546103834,0.9064249533458614,318.11612903225785,14.55909431902795,60.3889489118093,160.50674486803572,1.0,38.219141562233894,76.84515
3013014506,A,2161.341642228828,333.87422613241625,332.06690561534566,3556.5,65.18363357072478,203.78533724340164,54.19721407624633,1633.8826979472137,7.685150626500188,25.628557022468403,648.4024926686217,5.703405017920053,0.9090909090909963,326.9102639296193,14.656618700124582,59.23406389869287,160.08445747800639,0.592375366568915,38.71234337510157,71.3712
3015014208,A,1826.0997067450446,316.09753448453404,34.082763115026374,3544.5,65.4922496857864,201.84985337243398,53.62994868035191,1620.9246334310849,7.609704078913417,21.65335620646538,547.8299120234605,5.517269468880641,0.9064249533458614,316.2768328445756,14.224237877646484,58.57192467967957,160.10322580645214,0.5953079178885631,38.21558695457928,79.43145
3015014208,B,2141.384874758931,332.962962963003,314.27531577826255,3555.8634393063585,65.8739333883589,208.54335260115627,53.3742774566474,1488.0979768786124,8.189174986884737,25.391915510966946,642.4154624277456,5.122029543993027,0.9064634787179009,343.8416184971098,14.370211049865846,56.84628840881082,159.9815028901741,0.5549132947976878,37.602907689607854,73.40715
3015014228,B,1983.6764329161313,323.74454762165817,173.9572348526505,3549.727665706052,32.19642285342723,109.38512968299754,25.985710854947165,702.8541786743567,4.003790062006706,23.521858732674538,595.1030259365995,2.7113619383066156,0.4169068203650719,142.84626320845334,6.725107789913253,31.347995348574536,159.40918347743167,0.5379442843419788,16.703810438687153,73.1484
3015014244,B,1756.0398445094468,310.1706079255399,306.81999784032405,3540.5,65.13674857696029,200.07113702623906,51.19806851311953,1582.456268221575,7.873442883672593,20.822635660697372,526.8126822157434,5.508179462258505,0.9064404982773199,331.15102040816316,14.602345921749508,57.42634647840035,160.24256559766792,0.5743440233236151,36.27882321759415,85.10355
3015014248,A,1848.2848837206684,317.2103789834222,53.82644272179994,3545.251453488372,63.63787375413332,196.34651162790698,52.19749273255814,1642.3421511627898,7.433535940803612,21.916421546104875,554.4854651162791,4.817102713176176,0.9064482029599178,311.4674418604651,14.516630611136682,58.784807221487554,160.2976744186052,0.17151162790697674,37.329985905563746,76.38435
3015014252,A,1854.3898809522323,317.4074074069983,59.204144620816244,3545.3727678571427,65.03259637186864,200.0821428571428,53.10639880952381,1678.7178571428553,7.569399350649834,21.988812817622062,556.3169642857143,5.608878968252047,0.9063852813853683,319.13333333333367,14.966085271313167,60.55921052627429,160.3714285714289,0.5892857142857143,38.005050505039286,70.7031
3015014256,B,1743.4651600756222,309.62962962999904,295.6413475622313,3540.1186440677966,66.19182136129297,198.61694915254256,50.77507062146893,1712.8822033898286,7.804571135103529,20.673499921834434,523.0395480225989,5.324466415565617,0.9065228556754849,329.5299435028243,14.670214163704184,56.00654177812271,160.3977401129949,0.1638418079096045,35.95360383495548,80.18385
3015014268,A,1131.745098039029,276.1034858386768,93.61220043573314,3517.4992647058825,65.37815126050516,203.69647058823543,54.22610294117647,1703.9329411764704,7.671122994653306,13.419902348284758,339.5235294117647,5.519607843136229,0.9090909090909963,324.1247058823534,14.641586867299655,59.01199690397294,160.16000000000034,0.17352941176470588,38.63012477717775,80.2101
3015014294,A,1068.6381514258114,273.13667649937,37.500273134495686,3515.5,64.7787610619341,200.76106194690266,53.30660029498525,1686.7787610619473,7.589434164656445,12.67162778223858,320.59218289085544,5.600622746638286,0.9037275408957692,326.20412979351,14.898813198869862,58.95357863679858,159.79233038348124,0.5929203539823009,38.26941986234569,77.3751
3015014302,A,1056.3289601555687,272.59259259300114,26.6364323507186,3515.1180758017495,64.48146605579349,200.32303206997094,53.15597667638484,1616.6011661807568,7.525841505434358,12.525639843735538,316.89868804664724,4.8582766439891385,0.9037900874636435,317.9265306122456,14.638280561387418,58.88407242590919,159.98134110787214,0.15451895043731778,38.09082074388349,84.67995
3017014276,A,2097.899709301976,330.37037037000096,275.6675279931047,3554.1162790697676,64.33693244738102,201.23372093023255,53.426598837209305,1690.922093023254,7.552854122622249,24.8762811379802,629.3699127906976,4.831233850127194,0.9064482029599178,311.52441860465126,14.551108707403467,60.00764993875686,160.77209302325633,0.1511627906976744,38.169485553209874,70.98945
3017014288,A,1872.6225490195286,318.3180827888142,75.4095860566535,3545.872794117647,65.1498599439631,202.71176470588227,53.833639705882355,1638.2982352941174,7.643181818182479,22.205010462692307,561.7867647058823,5.658088235292524,0.903743315508108,328.5223529411765,14.883036935697312,59.37035603709325,160.17882352941226,0.5852941176470589,38.53743315507423,73.58325
3017014288,B,2148.279036827479,333.1392298812975,320.4028958136825,3556.1126062322946,66.05557803855633,205.77790368271957,52.69652974504249,1458.445325779037,8.12567602372201,25.473664468296697,644.4837110481586,5.006688700029288,0.9065155807366307,337.2294617563744,14.106331115350956,55.79655583712847,159.9274787535414,0.5722379603399433,37.10103871576718,74.44095
3017014292,A,1860.4426310581007,317.5909440596915,64.6027035938004,3545.617952522255,65.6266779708785,202.63976261127593,53.77967359050445,1648.531157270028,7.644861073645206,22.060584558010138,558.1327893175074,5.5683316847987205,0.9036957108174593,322.814243323443,14.90649368572933,59.37490238945256,160.43679525222592,0.5875370919881305,38.4929412822495,71.37885
3017014296,A,2951.3609467441993,385.35393381557327,39.27679158446748,3591.25,33.740490278948585,104.676923076923,27.831915680473372,858.9230769230771,3.9287251210335516,34.996374862578385,885.4082840236687,3.205539119000002,0.5002689618074734,172.28284023668633,14.93050777486635,58.64683899089956,160.39763313609512,0.12130177514792899,19.836829836829928,73.64985
3017014300,A,1866.5615835778015,317.9559031172374,70.07711523841128,3545.75,65.18363357071718,201.4310850439881,53.48607038123167,1660.5765395894427,7.6117035457218005,22.133141307254252,559.9684750733138,5.525415444768148,0.9037589976007265,323.16598240469256,14.737093364242766,58.989427380704235,160.56304985337283,0.18181818181818182,38.2458011196936,72.08715
3017014470,A,2110.24754901947,330.91176470596736,286.6753812635209,3554.5,65.19467787114226,202.4152941176472,53.69669117647059,1640.833235294119,7.603342245989891,25.022698209715433,633.0742647058823,5.47712418300485,0.903743315508108,316.4082352941169,14.717510259912594,59.69388544885753,160.11294117647097,0.18235294117647058,38.416221033866506,73.54815
3017014470,B,2565.4397473272593,358.33603282600285,34.22740524781746,3573.1239067055394,69.09620991251168,211.87172011661846,54.2975583090379,1708.0067055393595,8.328385899833384,30.42023415802879,769.6319241982508,5.018221574342309,0.9090909090909962,340.8326530612248,12.853752796794723,58.500843946539945,159.86005830903846,0.5451895043731778,38.29313543599044,85.0212
3017014490,B,2485.0748792270433,352.40150295231314,282.19216317765193,3569.115217391304,64.42236024843493,199.27304347826086,51.92210144927536,1615.0634782608684,7.662714097511225,29.467291058035375,745.5224637681159,5.466586151366108,0.9038208168643818,326.95884057971034,14.53859116952691,58.16514111360445,160.11130434782643,0.6,36.94334650856901,86.1207
3017014494,B,2478.6801541428035,352.22222222200065,276.51038321559236,3568.8699421965316,64.6118909991531,199.026589595376,50.884212427745666,1625.7026011560672,7.823962165031354,29.39146427837796,743.6047687861271,5.477681438660945,0.9038360483448055,330.5375722543363,14.501277053362776,57.862032248209026,160.1849710982663,0.5751445086705202,36.15256612366279,85.0308
3017014498,A,1830.9137426903799,316.2962962960007,38.46653671215237,3544.62134502924,33.11055416318163,102.23157894736835,27.19389619883041,797.5043859649128,3.8422381711862874,21.71043963666449,549.2741228070175,3.2980019493168435,0.4970760233918626,169.62923976608172,14.008567931452747,59.50523237913889,160.1309941520472,0.5847953216374269,19.297359560507857,77.03775
3017014506,A,2046.0038424593952,327.9538904899596,229.593339737372,3552.614553314121,64.43392342526185,202.48530259365975,53.737391930835734,1663.8838616714677,7.653261723867592,24.260915127983225,613.8011527377522,4.850704450846841,0.9090909090909962,319.5469740633999,14.488305073381708,58.643637190908116,160.20288184438107,0.5504322766570605,38.44205746222943,76.0044
3017014510,B,2571.489971346447,358.6851321238451,39.543669744241434,3573.25,67.63132760264841,208.122636103152,53.31303724928367,1694.332091690544,8.18650690286006,30.491975944822162,771.4469914040114,5.1321235275376775,0.9064860640792741,336.7782234957024,16.08982474844498,57.782008746745305,160.00000000000045,0.13753581661891118,37.683424502907194,80.6004
3017014514,A,1819.7577519381973,315.72997416047616,28.484065460807575,3544.3640988372094,64.8574197120522,201.21627906976727,53.409338662790695,1644.2468023255822,7.597383720930505,21.5781551613227,545.9273255813954,4.9329780361742825,0.9064482029599178,316.95348837209303,14.895889670085419,57.75971542222556,160.14883720930274,0.5494186046511628,38.165081042991304,81.68865
3017014522,A,2088.172983479067,329.80563654052435,267.16121369185913,3553.8644314868807,33.09176731917266,102.95510204081624,27.332361516034986,824.7192419825084,3.8713225549960613,24.76094446816189,626.4518950437317,4.31162941366841,0.9037900874636435,172.3510204081635,18.38904332497066,58.84609482884975,160.3918367346943,0.12536443148688048,19.537061577879058,73.52445
3021014274,A,1514.006782944126,297.5872093022239,91.69035314382496,3532.1148255813955,32.56921373200412,100.43023255813947,26.677870639534884,827.8090116279069,3.7782769556031988,17.952649600144646,454.20203488372096,2.455587855295671,0.49947145877383425,164.3372093023253,14.64643050296765,57.24296205624805,160.05581395348878,0.11046511627906977,19.00105708244394,81.99375
3021014274,B,1887.3276676112464,319.0588605602153,88.48809149092531,3546.5,59.94469175772141,196.16770538243654,50.06905099150141,1571.6668555240772,7.199201648216317,22.379379457846422,566.1983002832861,4.669892980797183,0.9039402523822653,324.5541076487261,14.102378285785054,56.80930371248177,160.45325779036867,0.5920679886685553,30.455833118719465,83.87505
3021014278,B,1737.0991253646935,309.42986718499986,289.9341323830821,3539.8717201166182,64.98403443007543,199.54985422740532,51.011297376093296,1668.0061224489762,7.8501192685085135,20.59801334423325,521.1297376093295,5.326773566567461,0.9011396766499672,323.97551020408116,14.69794562342764,58.62398342790644,160.2985422740529,0.16034985422740525,36.30356038518272,86.9703
3021014286,A,1137.8763440857185,276.4668187248788,99.05941131745098,3517.623167155425,64.92808267000638,200.14310850439904,52.263563049853374,1666.7524926686203,7.7382031458417915,13.492633848359842,341.3636363636364,5.474503095468586,0.9064249533458614,326.66392961876903,14.735729386884524,59.859160364193755,160.34721407624698,0.17302052785923755,37.25939749399979,77.74695
3021014286,B,1653.38061465727,304.4444444440011,215.5581822957836,3536.6391843971633,68.92097264434649,221.527659574468,56.583554964539005,1624.4191489361708,8.663120567407484,19.605303731121243,496.01418439716315,4.059791174151175,0.8994197292070505,387.4425531914889,8.812469074712025,36.437103396756996,159.23971631205677,0.06028368794326241,39.25531914892076,80.4021
3021014290,B,1620.0788954634315,303.1349989040925,185.96318211700893,3535.75,64.06875176103745,193.82485207100586,49.6042899408284,1659.8192307692298,7.616729424441393,19.210480155297876,486.0251479289941,5.568293885599699,0.9064012910167626,317.31952662721835,14.82661345809343,59.88009965737255,160.5112426035507,0.5857988165680473,35.4222700376446,89.037
3021014294,B,1982.0857611061654,323.6728844650097,172.54552075758934,3549.682447195921,32.81569729124436,110.38077203204752,26.350316369264384,726.0987618354028,4.06513606568614,23.502996813189228,594.6258193736344,2.742296876263814,0.4422962325366227,147.37268754552105,6.915047680345221,33.22787691184248,159.41383831027653,0.531864530225783,17.047661612489115,72.50955
3021014298,B,1626.200690335326,303.3333333329982,191.4047775586685,3535.871301775148,64.17723302336466,195.29112426035496,49.961168639053255,1618.3499999999997,7.7053523399905455,19.283012138365997,487.8602071005917,5.511998685073961,0.9037116729425289,319.93727810650813,14.801843952107347,58.114294612212454,160.1041420118349,1.0,35.58185404338094,88.94625
3021014306,A,1062.5271203155326,272.77229892637445,32.13236905544591,3515.3653846153848,65.02958579880435,201.80591715976328,53.56971153846154,1670.9538461538448,7.6145777299630915,12.599135814012348,318.75813609467457,5.46967455621124,0.9037116729425289,323.02721893491116,14.877528553730412,58.54289940823051,159.9526627218941,0.5857988165680473,38.42119419042251,78.28005
3021014306,B,1557.3099415207896,299.8083170892101,130.16244314489174,3533.6154970760235,70.38847117794178,196.16140350877217,53.01626461988304,1601.8166666666643,7.610712387038642,18.466125788779628,467.1929824561403,5.647335932421632,0.9090909090909962,331.2350877192976,14.717122263014275,59.82302246839455,160.6736842105269,0.1608187134502924,34.38064859116643,87.4209
3021014314,B,1762.4259789873918,310.3799214683936,312.49920407509995,3540.617478510029,56.93136853593746,221.7180515759313,62.264505730659025,1435.9710601719175,9.246548580365962,20.898388393711137,528.7292263610315,6.664278892070517,0.9038812190675521,345.00974212034447,14.401279402937606,56.92052480766828,160.1375358166196,0.17765042979942694,37.48545628200435,80.29665
3021014318,A,1073.3432245305341,273.33333333299873,41.59358171229726,3515.6224035608307,32.9956196128241,102.05341246290799,27.092915430267063,848.9154302670631,3.827083895333679,12.727419335903681,322.00370919881306,3.190735245630211,0.493660642028644,170.9744807121662,14.967221033738225,59.25855067930739,160.18991097922878,0.12462908011869436,19.479363366609753,78.74865
3021014322,B,1488.0269607842351,295.9259259259998,68.59694989107525,3530.866911764706,33.103641456570905,99.90705882352941,25.563419117647058,820.1585294117649,3.9663101604426982,17.644588467780334,446.40808823529414,3.2156862745089114,0.50000000000005,176.49058823529387,14.632010943906415,60.3978328172789,160.24470588235343,0.12352941176470589,18.100713012472347,85.82955
3021014496,B,1404.4493177386253,289.8050682263154,336.05588044185043,3526.8640350877195,64.93873572818676,198.39649122806998,50.728252923976605,1615.101754385964,7.8258904838091805,16.65357811525316,421.3355263157895,5.598196881089818,0.9064327485380986,337.15438596491185,14.618523051810012,57.486919051957294,160.57076023391858,0.5847953216374269,36.127946127938465,87.26715
3021014500,B,1252.0505344990079,283.0342295648073,200.71050642469424,3522.1195335276966,50.17909204497826,155.07288629737604,38.17146501457726,1188.328862973762,5.995759342710502,14.8464490256883,375.61516034985425,6.254859086490535,0.7845216008482073,275.2326530612249,17.85544782696408,58.383842258655925,160.32653061224525,0.5830903790087464,25.80351621167956,87.69855
3021014508,A,1464.393034825522,294.8148148150019,47.573244886674836,3530.123134328358,65.15280739160525,197.99283582089558,51.38805970149254,1622.9937313432822,7.6489823609371355,17.364344286482076,439.3179104477612,6.060945273630946,0.9036635006785129,312.5050746268652,15.093370357509537,61.91594658281709,159.79940298507495,0.5940298507462687,37.379466304833734,74.98635
3021014508,B,1749.7838616717,309.80894439126763,301.2573380296056,3540.3652737752163,66.51296829969192,199.13083573487043,50.96451729106628,1735.2864553314125,7.866911186819338,20.748425237205712,524.9351585014409,5.1637047710506305,0.9090909090909962,326.4541786743514,14.90784799945641,56.18231457602458,160.17521613832915,0.5677233429394812,35.97677058772296,84.01875
3023014506,A,4525.074183976023,473.50368172322163,112.44532366197008,3650.6216617210684,68.51208139044586,218.73471810089032,58.14261869436202,1653.7735905044517,8.212301052064973,53.657006134105885,1357.5222551928784,4.803412462905803,0.9063933099542278,324.25163204747724,16.816644814013944,58.503826331346936,160.06646884273033,0.5519287833827893,41.40454995052589,83.7282
3023014514,A,3960.710422811858,440.55063913464784,275.60799737786385,3628.6157817109142,65.28164067987191,202.36460176991162,53.74170353982301,1646.92743362832,7.60914454277504,46.96494572505434,1188.2131268436578,5.603900360535186,0.9090909090909963,327.17050147492677,13.6331206695446,65.58181959317926,161.53864306784706,1.0,38.36059712165611,74.2611
3023014514,B,4488.408430232529,471.48148148099705,79.87295434969909,3649.3691860465115,64.26079734217318,195.69418604651173,50.0563226744186,1663.7581395348827,7.67349365751864,53.22223435057304,1346.5225290697674,5.518410852711039,0.9090909090909962,326.1267441860478,12.748107084905465,59.821756425879926,160.64186046511693,0.17732558139534885,35.56730091612778,87.00465
3023014518,A,3965.764482431054,440.9232879604008,280.0358763318759,3628.75,31.701261701265288,98.51623931623925,26.15740740740741,782.6777777777772,3.7020202020215995,47.024875285773014,1189.7293447293448,3.036166508387321,0.4895104895105384,162.83076923076928,12.954349698533271,62.908606987501756,161.31282051282105,1.0,18.621255287917048,74.5659
3023014518,B,4494.50589970531,471.65956516971056,85.30317928547392,3649.6150442477874,64.2815002106834,195.56814159292026,50.037794985250734,1658.6504424778782,7.683963529111598,53.2945363601312,1348.3517699115043,5.512536873153801,0.9064092249933827,326.8235988200588,14.797283391638587,58.271619313713444,160.13215339233088,0.17699115044247787,35.55913113434327,87.87435
3023014526,A,3674.542042041952,425.55555555599886,21.21454788121463,3618.376126126126,65.8944658944741,205.03783783783817,54.47165915915916,1657.160360360364,7.743106743107612,43.57164476729441,1102.3626126126126,5.313646980311498,0.9063609063609934,318.0228228228223,12.122354913049502,82.7793583055929,160.29789789789825,0.17117117117117117,38.8834288834205,81.31365
3023014536,A,4030.6927710843374,444.2536813919827,337.7086122265846,3631.0,33.94865174986029,105.19156626506019,27.985692771084338,827.4930722891563,4.006708652793522,47.79477594170831,1209.2078313253012,2.9580823293165706,0.48740416210300624,173.3048192771084,15.03292238721961,61.60074508553381,160.51084337349445,0.10542168674698796,19.987221613720525,77.7906
3023014544,B,4595.1298394712185,477.58367432577865,174.79173224225752,3653.6126062322946,66.17293943070592,204.26175637393754,52.320290368271955,1498.5169971671394,8.031805305200848,54.48773359908127,1378.539660056657,5.473717343403278,0.9039402523822653,337.06288951841293,14.259832663541111,56.787684508662785,160.12691218130348,0.5637393767705382,36.992016482088694,76.45845
3023014548,A,3679.200483089969,425.74020397234875,25.26892109502573,3618.61884057971,32.248447204976266,100.20521739130432,26.63677536231884,801.5686956521732,3.787483530962143,43.62688319872152,1103.7601449275362,2.9810789049901496,0.4874835309618406,162.14028985507213,14.51230198853792,59.612509534651,160.43594202898592,0.13333333333333333,19.018884497139382,78.94215
3023014548,B,4155.652492668387,452.7620288913027,110.09666558053078,3636.6202346041055,63.96732299955884,193.9953079178885,49.60043988269795,1635.335190615836,7.667955211961264,49.27651177077912,1246.6957478005866,5.529081133917619,0.9064249533458614,324.53724340175967,14.68867216803596,59.00601944737837,160.0656891495608,0.18181818181818182,35.370123522607514,79.3944
3023014552,A,4088.0746268655826,449.07020453282,49.70923161967032,3634.365671641791,32.62686567164512,101.74208955223875,27.053171641791046,852.9591044776123,3.829443690637818,48.475193203931084,1226.4223880597015,3.2052238805958835,0.49389416553600607,171.28477611940335,15.005206525505915,59.62804399051773,160.43940298507513,0.5880597014925373,19.330619629127423,76.35735
3025014278,A,4196.734104044391,454.9925069578297,146.6795118817286,3638.3648843930637,32.526837324525495,101.87861271676294,27.0628612716763,833.281213872831,3.8281660535998845,49.763645502553665,1259.0202312138729,2.4421965317911303,0.49132947976883523,164.1479768786126,14.44011291839937,57.608001216865645,160.5549132947981,0.5404624277456648,19.265195305652565,80.508
3025014282,A,4308.260233918539,460.54364305818814,245.81546458715994,3642.0,32.58702311333867,101.18596491228064,26.828399122807017,817.3464912280705,3.792796384903073,51.08608973025824,1292.4780701754387,2.5255847953209387,0.4917597022860673,166.9356725146201,14.684482524133989,57.51923668815282,160.4210526315794,0.5555555555555556,19.215842636899964,82.8951
3025014282,B,4677.355996224421,482.39743993292615,247.95719231997958,3656.861898016997,34.50829623633285,103.87308781869675,26.578434844192635,844.1566572237963,4.095287149122658,55.462719322785496,1403.2067988668555,3.0740478438775893,0.5099150141643567,177.6532577903681,14.126754068114446,55.30266885338733,160.07252124645962,0.12464589235127478,18.7501073053491,77.8269
3025014286,A,4529.995278566093,473.7037037039992,116.91113209556003,3650.875354107649,31.389450964535133,99.53541076487248,26.458038243626063,801.6764872521242,3.7370589750202567,53.715359034354854,1358.9985835694051,2.9123386842921004,0.45840844707704836,161.09915014164284,15.127478753536145,56.154763679684805,160.10878186968898,1.0,18.913211434452936,81.1032
3025014294,A,4182.3033431663425,453.8817873922277,133.79656943084058,3637.6157817109142,65.96993959826035,208.24424778761045,55.32448377581121,1638.5407079646027,7.821131670690369,49.592529760872075,1254.6910029498524,5.460095050800413,0.9090909090909963,326.0719764011806,15.31522261095839,59.34831547890529,159.85840707964647,0.5899705014749262,39.432376866005896,76.7817
3025014302,A,4176.243890518064,453.7037037039992,128.34582382968918,3637.368035190616,65.5411255411254,205.92492668621713,54.69391495601173,1670.080645161292,7.744201546255736,49.52067854369777,1252.873167155425,5.354757249916183,0.9064249533458614,321.1953079178885,15.317465730066246,59.29734526926998,159.94369501466323,0.5865102639296188,39.07402470451976,79.6812
3027014502,A,4025.833333333343,443.8878122309456,333.43669250647395,3630.8662790697676,63.00664451827638,193.74069767441867,51.5625,1745.1026162790715,7.280523255815335,47.737182875257524,1207.750726744186,4.958817829456172,0.9090909090909962,316.05813953488337,14.55786911843692,59.650397796750724,160.45581395348876,0.25290697674418605,36.237667371373014,78.12255
3027014522,A,3948.357988165888,440.17094017076806,264.58689458682863,3628.25,65.47055508593625,203.3076923076924,53.99778106508876,1631.5384615384626,7.703469607317295,46.818474167976596,1184.5081360946745,5.608563445100792,0.9037116729425289,323.79763313609527,14.925691482035877,58.80644658979787,160.43550295858034,0.591715976331361,38.61395015241243,77.53845
3027014528,A,3397.7374031006684,409.43260120589275,104.22911283370895,3607.372819767442,67.10132890365185,203.72093023255835,54.16424418604651,1723.459883720932,7.695824524314173,40.289405046406905,1019.3219476744187,5.397690568473832,0.9064482029599178,322.7813953488365,15.294753921031328,57.39596083225268,160.32558139534933,0.16569767441860464,38.4980620154979,75.1116
3027014528,B,4000.518731988213,442.96296296300403,310.93820044830295,3630.1174351585014,64.20886510221317,195.67608069164254,50.075648414985594,1641.0682997118154,7.703824993463145,47.436981011733295,1200.156340057637,4.893531860388049,0.9064710505633564,324.3077809798273,14.424636418464617,58.328530259323955,160.25821325648468,1.0,35.71041830406791,87.0783
3027014536,B,4206.644607842941,455.55555555599886,155.383442265838,3638.616911764706,64.87535014003345,197.66470588235285,50.546875,1605.8364705882361,7.7482620321023274,49.881161357831736,1261.9933823529411,4.793709150324252,0.9064171122995522,324.5694117647053,14.624487004097714,58.71594427239018,159.88705882352983,0.5882352941176471,35.89928698751189,95.3712
3027014544,A,3849.824046921027,434.44444444400114,177.0435538177946,3624.367302052786,66.29102080715496,209.51085043988252,55.59842375366569,1640.5847507331393,7.860570514530039,45.65008751289036,1154.9472140762464,5.621130661452165,0.9064249533458614,343.62815249266816,14.791652458564169,58.61822812157444,160.09384164222922,0.5747800586510264,39.73784768505786,74.9385
3027014552,B,4378.434418146273,464.07407407399785,308.18759588004673,3644.367603550296,32.84164553394322,99.07100591715977,25.03235946745562,843.6692307692301,3.8976600322902004,51.91819468158509,1313.530325443787,3.200608152530239,0.49488972565900596,172.02603550295862,14.920187147374298,59.67299906565551,160.39763313609492,0.5414201183431953,18.08499193113825,91.45425
3027014556,B,4006.8323586742395,443.14165042220816,316.5518735109472,3630.3633040935674,64.933166248944,198.884210526316,51.84758771929825,1617.6333333333337,7.637692716653029,47.51184615028872,1202.0497076023391,5.5445906432730325,0.9064327485380986,324.25964912280733,14.33156534747094,59.68182517692254,160.14970760233973,0.6023391812865497,36.934254828982354,86.9031
3027014564,A,4019.460199004985,443.7037037039992,327.7678275289785,3630.6223880597013,66.07675906183728,200.5504477611943,53.40858208955224,1880.7429850746246,7.492401628224613,47.661612884186844,1205.8388059701492,5.070480928689163,0.9063772048847546,331.3611940298507,14.971884762228573,60.097407698295214,160.13373134328387,0.20298507462686566,37.51153324286107,73.24965
3027014580,B,4295.227272727243,459.8034104487679,234.11751927890586,3641.5527859237536,59.20122887864937,184.6627565982405,44.339259530791786,1439.5917888563029,6.692482004799796,50.93154868846952,1288.5681818181818,6.430840664710109,0.9037589976007265,330.6873900293258,18.62988474390552,58.35507022683188,160.12199413489782,1.0,29.800941971036174,86.92755
3027014584,B,4373.788102261593,463.87413962647526,303.95061728391204,3644.1216814159293,64.9248489956253,196.59469026548658,50.02581120943953,1626.9672566371678,7.732233842878082,51.86310002682082,1312.136430678466,5.536299573908403,0.9037275408957692,327.0300884955752,14.757494683402102,59.81563421822627,160.20766961651964,0.5811209439528023,35.86841870026543,86.3625
3027014588,A,4170.029325513137,453.50276963175577,122.81742152708806,3637.1209677419356,64.64739561512836,200.9454545454547,53.34952346041056,1656.9853372434004,7.555985070649698,49.44698804956678,1251.008797653959,4.875366568913033,0.9064249533458614,318.6580645161286,14.769828820836313,58.549158820743834,159.99061583577762,0.5953079178885631,38.29378832311489,81.2301
3029014274,A,3856.138565891715,434.6210163650618,182.63781223082583,3624.6133720930234,65.61046511627714,206.67906976744175,54.88917151162791,1635.1203488372066,7.7744450317131255,45.724963231906685,1156.8415697674418,5.52042958656165,0.9064482029599178,338.2465116279068,14.588290968084651,58.16018971843537,160.23255813953526,0.5843023255813954,39.23713883017021,76.27245
3029014282,B,4475.762670565029,470.91726229161384,68.68312757201402,3649.1154970760235,64.23698134222157,195.19298245614027,49.88943713450293,1644.956140350877,7.67464114834123,53.072342417301975,1342.7302631578948,5.501137102011836,0.9064327485380986,325.41403508772055,14.655242758052875,59.53447214521406,160.29941520467887,0.5877192982456141,35.42973595604402,90.99915
3029014286,B,4434.759713701443,469.0718018631404,32.22903885480925,3647.75,66.15249780891676,206.74233128834356,52.91123466257669,1557.2484662576683,8.105270496389329,52.58608356166755,1330.4279141104294,4.834696659848248,0.9035136642499475,343.15460122699466,12.298473391347883,81.40821762988038,160.019631901841,0.12883435582822086,37.30712028257528,90.53775
3029014330,A,3942.2238658779293,439.80824019304686,259.1255752794057,3628.1153846153848,65.14088475626737,201.44733727810654,53.56878698224852,1635.7384615384608,7.582033351266535,46.7457375400553,1182.6671597633135,5.59212689020177,0.9064012910167626,321.9668639053261,15.14173661758024,59.396216131994336,160.37869822485246,1.0,38.31540254616875,75.0054
3029014464,A,3824.8023504274033,433.5185185184998,154.74833808172096,3623.6322115384614,68.33791208790565,213.27692307692328,55.520833333333336,1381.0749999999996,8.220862470874787,45.35338755446341,1147.440705128205,5.0716702279178225,0.8712121212122054,351.139743589744,7.918157423969424,63.03812415647773,159.866666666667,0.5128205128205128,39.823232323238535,77.2944
3029014464,B,4439.673295456224,469.2592592589994,36.30892255893699,3647.8664772727275,32.278138528129574,98.74772727272722,25.309836647727273,782.747727272728,3.882231404967354,52.64434737691612,1331.9019886363637,3.4150094696963893,0.503615702479389,177.0443181818183,14.419265327689432,55.75657894730639,160.1545454545458,0.5823863636363636,17.987258953167327,87.32445
3029014468,A,3792.941176470442,431.11111111099785,126.38779956415907,3622.1176470588234,33.623249299720946,104.3682352941176,27.70863970588235,829.5873529411755,3.9457219251345323,44.97558707277937,1137.8823529411766,2.599673202613062,0.5053475935829381,172.29058823529405,14.673734610118567,59.166021671771986,160.45176470588262,0.09411764705882353,19.854723707662604,81.1284
3029014472,A,3220.8308457708654,398.88888888900306,279.0779436152389,3600.370149253731,65.25657427149065,199.8913432835821,52.997201492537314,1685.8361194029833,7.540705563094914,38.19167010795222,966.2492537313433,5.664179104476055,0.9090909090909963,316.3247761194023,14.857341200964543,59.985074626815226,160.33432835820935,0.5970149253731343,38.118498417017285,73.57155
3029014472,B,3817.69683026678,433.14019540999135,148.3890024995088,3623.5,46.89891907682495,144.79509202453985,37.592983128834355,1148.2868098159502,5.612381483562665,45.26913237467797,1145.3090490797547,2.9136843899092075,0.6385945343001186,259.8932515337425,14.939363675268691,61.802954472010455,160.09815950920293,0.5674846625766872,26.32924335377913,87.44205
3029014476,A,3936.1700581397386,439.6307062880532,253.78552971581345,3627.8691860465115,64.58887043188537,198.82674418604662,52.9296875,1568.5255813953493,7.490882663849878,46.67395325857326,1180.8510174418604,4.762596899222515,0.9064482029599178,314.186046511628,14.834369929684847,59.82902386774653,160.23255813953526,1.0,37.81007751937544,77.17725
3029014476,B,4457.120991253791,470.1716877225342,52.048374905521854,3648.5,64.87713452725883,193.4239067055396,49.47066326530612,1679.6379008746371,7.619931089335719,52.85126585924113,1337.1370262390672,4.751781665044596,0.9090909090909962,311.159183673469,13.8151739100923,57.68643547638127,160.12128279883433,0.60932944606414,35.231027475927405,92.5014
3031014466,A,2841.4208074519856,375.3692201519561,279.28456406735853,3584.621894409938,33.66903283051808,106.40496894409931,28.257958074534162,770.7102484472057,3.996470920384222,33.69273684729298,852.4262422360248,3.2656142167000035,0.4743083003953048,175.79130434782593,15.60522894698321,60.669336384388224,160.23850931677066,0.08385093167701864,20.186335403729245,70.8684
3031014466,B,3582.450980393531,418.31699346419396,268.59694989085057,3613.3713235294117,33.03921568626267,100.2670588235294,25.576286764705884,823.1638235294123,3.9600267379758773,42.47965589398231,1074.735294117647,3.232843137253851,0.50000000000005,174.50588235294134,14.665526675779358,61.03405572749123,160.25411764705925,0.12058823529411765,18.19607843136588,88.93695
3031014528,A,3238.7876506025304,399.6329763502099,295.0624721107073,3600.8712349397592,63.10958118186769,196.49638554216872,52.27315512048193,1608.7617469879513,7.466730558599264,38.40459664745479,971.6362951807229,5.778112449797161,0.9090909090909964,310.20963855421655,15.228355281585493,59.8204660747656,159.97108433734994,0.608433734939759,37.43154435926084,73.87755
3031014528,B,3837.340116279215,433.8802756245794,165.95607235135196,3624.1148255813955,64.67331118491478,199.24186046511653,51.026526162790695,1668.3950581395345,7.856104651183517,45.50205671476397,1151.202034883721,5.536579457362379,0.9064482029599178,335.3325581395346,14.60722011897812,63.04850061191778,159.61860465116317,0.16279069767441862,36.139006342492216,87.1047
3031014536,A,3016.701388887081,388.6981922401636,97.72486772489178,3593.6153273809523,33.287981859416696,102.55714285714278,27.282366071428573,837.629464285715,3.9699675324676784,35.77116271409805,905.0104166666666,3.2725694444435707,0.4924242424242918,173.73333333333346,14.833887043185062,58.95050125307349,160.04761904761943,0.5744047619047619,19.4814213564188,72.3561
3031014540,A,3409.9116161617267,409.80695847381776,115.09988776659672,3607.865909090909,65.58585858584959,206.12363636363645,54.697916666666664,1589.9709090909091,7.737327823692344,40.433734578983206,1022.9734848484849,5.601851851849329,0.9063360881543571,327.642424242424,15.168428470747946,59.76555023918349,160.46545454545495,1.0,39.09917355371847,76.19625
3031014564,B,4361.46138807434,463.1443466925871,292.9922884761762,3643.866568914956,64.84708839545301,197.37360703812303,50.08797653958944,1688.2653958944268,7.747134097597216,51.71693345543192,1308.4384164222874,5.3771586836086485,0.9037589976007265,325.9002932551326,11.197572120300515,59.844111745587426,160.32844574780094,0.17008797653958943,35.880209721844146,92.82675
3031014568,A,2894.3841642227276,380.170522428417,326.5602259150144,3587.75,65.63189498672155,203.98944281524922,54.131231671554254,1657.9689149560118,7.698080511863765,34.32076084059174,868.3152492668622,5.551482567610523,0.9064249533458614,321.8275659824041,14.631385119003468,68.78955085654026,160.40351906158395,0.592375366568915,38.80387452235988,69.67035
3031014568,B,3571.1086529009444,417.5887687096145,258.3327870643863,3613.1150442477874,65.0807697710111,200.0389380530973,51.18547197640118,1592.7530973451321,7.88200589972074,42.34516189211142,1071.3325958702064,5.592838413632651,0.9037275408957692,332.4235988200586,14.69643959661744,58.79638254923284,160.3209439528028,0.15634218289085547,36.4172700455765,86.2803
3031014576,B,3430.730392156529,410.91285403058606,133.56644880179098,3608.5,64.85434173667113,200.39647058823562,51.42279411764706,1634.9488235294107,7.879010695197272,40.68059753545294,1029.2191176470587,5.3607026143773515,0.9064171122995522,319.49647058823484,15.517099863195845,59.14551083586408,160.44235294117684,0.17647058823529413,36.45900178253145,86.8221
3031014580,A,2900.594886922035,380.37037037000096,332.0922102043506,3587.8702064896756,65.57803062227129,203.98584070796454,54.24133480825959,1710.075221238936,7.6949584338973605,34.39440577378813,870.1784660766962,5.568256309404155,0.9064092249933827,321.8843657817104,14.86794264937429,61.132199968890035,160.35870206489722,0.5811209439528023,38.78519710378828,70.31985
3031014584,A,2936.354466857433,384.6109510084877,26.29949834558206,3590.75,33.43076711952369,104.15446685878956,27.69992795389049,830.3853025936596,3.926381975374035,34.81843241334936,880.9063400576368,2.499599743834412,0.5003929787791959,170.3319884726221,14.391126600087587,57.94289397841386,160.11988472622522,0.09510086455331412,19.653305388168917,72.4371
3031014588,B,3541.54154863051,416.4610219284309,232.07848074701926,3612.118271954674,64.38823688113398,192.33654390934873,49.29886685552408,1707.879603399431,7.576873551391024,41.994563817769965,1062.4624645892352,5.3588290840397095,0.9039402523822653,326.88611898017,14.97200079056092,66.00976591614656,160.32634560906575,0.14730878186968838,34.96866683835502,83.95515
3033014282,B,4512.074879228176,472.5335480407573,101.0220075147382,3650.116666666667,35.55831608004495,104.36521739130428,27.190217391304348,929.1495652173909,4.138076416340749,53.50286418056343,1353.622463768116,5.464975845410231,0.6376811594203523,191.1953623188408,19.21132457026518,56.92257818453963,160.51942028985545,0.1855072463768116,19.311374615721224,86.8794
3033014286,A,3470.4613526568405,412.7622114870903,168.87600644124925,3609.6202898550723,64.49275362317474,199.74608695652205,52.08242753623188,1632.5286956521757,7.685770750999426,41.15171564415051,1041.1384057971015,4.836956521736708,0.9038208168643818,319.97913043478184,14.567576676771658,58.76201372992551,160.16695652173956,0.553623188405797,36.9960474308233,81.69075
3033014286,B,4111.0067437381795,450.37037036999874,70.42175123100164,3635.117774566474,64.64629782547554,199.69942196531778,52.03666907514451,1614.487283236991,7.66500262743944,48.747115538398546,1233.3020231213873,5.509393063581179,0.9064634787179009,323.67514450867077,14.678048124741572,57.946075448683274,159.99075144508728,0.17341040462427745,37.18339464004145,85.33245
3033014306,A,3151.562196307114,395.92592592600033,217.5078285282947,3598.3702623906706,65.55046508398102,202.58658892128304,52.889030612244895,1619.6597667638464,7.829048502532424,37.370302723020025,945.4686588921282,5.523971493357804,0.9064404982773199,332.9877551020416,14.50403417180412,59.09352462783645,160.1772594752191,0.5801749271137027,37.564272462230036,72.11775
3033014306,B,3805.9705882355297,432.59259259300126,138.06100217867038,3623.114705882353,64.83333333331048,199.39411764705875,51.04779411764706,1556.902941176472,7.8251336898539465,45.130086026491526,1141.7911764705882,4.861111111109217,0.9090909090909963,331.4376470588235,14.815321477421273,57.16602167176391,159.89647058823581,0.1264705882352941,36.24866310158964,89.23815
3033014314,A,3243.433433433604,399.8164831499996,299.2525859194128,3601.12012012012,50.5076505075914,156.1009009009009,38.78378378378378,1153.2756756756753,5.779688779690324,38.45968498143784,973.03003003003,3.5468802135458417,0.6415506415507045,252.14294294294274,15.074376702276814,63.77074442858269,159.25045045045096,0.12612612612612611,26.798616798620174,74.9001
3033014318,B,4160.621257485,452.96296296300403,114.1916167666968,3636.869011976048,32.11861990304015,97.17125748502994,24.827844311377245,846.755389221557,3.822808927613676,49.33542993066503,1248.186377245509,3.2422654690604205,0.4926510615133864,170.8586826347305,15.102353432663257,60.04372833273977,159.9041916167669,0.12574850299401197,17.71819996370487,90.4701
3033014326,A,3232.8781094524174,399.4339414041282,289.7556661138273,3600.75,63.98152096659812,199.0531343283583,52.86940298507463,1618.7910447761205,7.50529172320294,38.33452303698235,969.8634328358208,5.647180762850383,0.9090909090909963,310.13134328358177,15.062131204434873,60.289473684145605,160.02865671641834,0.5970149253731343,37.90954319313045,72.4143
3033014326,B,3831.299900199671,433.7037037039992,160.53005100907802,3623.872754491018,67.16281722267301,204.9161676646706,52.429827844311376,1674.8047904191621,8.084512792613806,45.430433599195126,1149.3899700598802,5.0661177644682995,0.9036472509527269,333.3592814371259,14.420693496722441,65.57004412219456,159.64550898203632,0.1437125748502994,37.391580475410436,86.95065
3033014330,B,4149.5019723868645,452.39754547454544,104.59785229011699,3636.5,64.17582417580194,195.82011834319522,50.14515532544379,1656.5192307692319,7.6806078536909235,49.20358070023788,1244.8505917159764,4.9424720578544505,0.9064012910167626,325.9514792899418,14.784642906281842,58.37706322011972,160.2840236686394,0.1390532544378698,35.683162990846334,89.7015
3033014334,B,3577.5193236715068,417.9516908213042,263.98926462690787,3613.25,64.81987577637383,197.68347826086944,50.50090579710145,1636.9034782608699,7.752173913057712,42.421177751053506,1073.2557971014494,5.548309178741846,0.906455862977689,329.3286956521746,14.54802831141743,58.5255530129041,160.48231884058004,0.16521739130434782,35.9499341238352,85.78935
3033014464,A,3385.6287425147,408.7092481706193,93.45752938567176,3607.122754491018,67.06444254349654,210.26586826347315,55.90288173652694,1728.9494011976046,7.936445291237688,40.14579536578065,1015.688622754491,4.925149700596002,0.9036472509527269,325.14371257484953,12.13271132153837,82.6252757641927,159.6167664670663,0.5808383233532934,39.88477590272172,78.20475
3035014478,B,3325.0269607842943,406.09912854020627,39.61002178649133,3605.25,65.21568627451344,196.4082352941178,49.247242647058826,1651.9941176470602,7.616310160456203,39.427197163457066,997.5088235294118,5.5441176470570825,0.9064171122995522,318.3599999999992,14.727086183305241,58.59481424143102,160.41411764705927,0.5852941176470589,36.50980392156241,87.43395
3035014482,B,2993.233137829677,387.7777777779995,76.7611599869695,3592.8739002932552,63.350090769422486,194.48797653958982,49.770894428152495,1508.6023460410545,7.698747000820324,35.49288305726433,897.9699413489736,5.438253502767211,0.9090909090909963,321.031085043988,14.819613994403124,57.602253434110686,159.89677419354896,0.17595307917888564,35.34257531324517,84.8715
3035014490,A,2616.4087301573195,360.7407407410026,79.28571428569776,3574.6197916666665,33.00736961450423,101.94285714285715,27.027529761904763,846.8919642857154,3.8193993506500297,31.02460944850059,784.922619047619,3.1245866402113425,0.48971861471866385,167.70000000000016,14.834579180505026,59.30686090219714,160.39047619047656,0.5863095238095238,19.365079365084576,73.4565
3035014494,B,2784.4855072472474,372.0203972087827,228.9876543208686,3582.3384057971016,36.841959972383194,108.78260869565213,27.83786231884058,928.2226086956533,4.292753623192695,33.017614710438004,835.3456521739131,5.322866344603765,0.6429512516469668,173.1942028985507,17.052241321193865,57.52402745990233,160.15768115942083,0.27246376811594203,20.649099692578833,80.9778
3035014548,B,3124.7453016829986,394.24552148563276,193.38608638323706,3597.25,32.09410767273149,98.57448071216619,25.244807121661722,819.5670623145398,3.882924197475483,37.052315830204165,937.423590504451,3.257500824265192,0.49635824116541255,169.30445103857548,14.853357256221695,58.98211775724076,160.38931750741867,0.12462908011869436,17.94353025806646,84.91215
3037014298,A,3391.5038872691543,409.06273620552884,98.71288197817046,3607.25,65.27557961960657,203.28979591836725,54.04974489795919,1643.582798833819,7.676252319110892,40.215489922666684,1017.4518950437317,5.399659863944368,0.9037900874636435,316.685714285714,14.742016407885663,64.63326684052325,159.6921282798837,0.5947521865889213,38.53785670111362,77.26725
3037014302,B,4076.974321705058,448.68755383321627,40.15503875968644,3634.001453488372,62.82253599111731,193.26279069767494,49.557594476744185,1622.252616279071,7.600819238918986,48.343569032073226,1223.0922965116279,4.623708010334208,0.9090909090909962,312.6476744186046,14.82152514872256,57.507649938740535,159.93488372093063,0.17732558139534885,35.220225510921516,87.9141
3037014322,B,3119.753176930821,393.88291517335426,189.23210600626973,3597.1151026392963,63.54419773772422,193.4392961876832,49.490469208211145,1632.5903225806449,7.634897360727771,36.9931206750751,935.9259530791788,5.683447376994127,0.9090909090909963,319.9718475073307,14.756189047255205,58.77643154803056,160.0656891495605,0.17888563049853373,35.14085132852675,82.59735
3037014334,A,2747.433628318761,369.43625040974314,195.9925707418317,3580.6150442477874,64.36016294423472,199.69557522123898,53.098266961651916,1613.0584070796444,7.54545454545663,32.57826436740152,824.2300884955753,5.06309406751606,0.9064092249933827,318.2005899705017,13.57961171708207,63.809191119335836,159.93392330383523,0.5988200589970502,37.988736926780376,76.05255
3037014334,B,3107.2978303749405,393.5020819635736,178.1569143107898,3596.75,64.30966469425698,195.9869822485207,50.093380177514796,1571.180769230771,7.6993006993297595,36.8454580536588,932.1900887573964,4.867274819196582,0.9064012910167626,317.1124260355029,14.898169808717801,58.72469635621982,160.0473372781069,0.14201183431952663,35.745024206555975,91.99545
3037014464,B,3436.8559488690557,411.11111111099734,138.9926799956166,3608.6202064896756,64.56805731139697,195.36283185840708,50.0608407079646,1588.8185840707947,7.683159023880681,40.75323259528079,1031.0567846607669,5.537938380857634,0.9037275408957692,322.0330383480818,14.780819098576934,59.817574910682026,160.30206489675567,0.17404129793510326,35.56985787074134,86.41125
3037014480,A,2752.359086493296,369.80455674352726,200.1122988875544,3580.75,32.2268499236435,100.43615160349847,26.682762390670554,804.8781341107881,3.800026504108951,32.63666900977892,825.7077259475219,4.388564949787416,0.9064404982773199,167.01224489795942,18.670418333444537,59.68006751566109,159.77609329446105,0.119533527696793,19.1227140206671,73.93245
3037014480,B,3214.780701754415,398.68854234382695,273.70370370375986,3600.122076023392,66.1556669451252,205.0877192982454,53.39546783625731,1714.7228070175452,7.910818713457556,38.11992926980791,964.4342105263158,4.925682261206472,0.9090909090909962,319.65847953216354,15.946552427573216,58.76231148040474,160.38362573099462,1.0,38.06928938508248,83.46315
3037014488,A,2611.4711632454255,360.5419789290005,75.14065385034043,3574.373167155425,64.73676860772596,198.51026392961867,52.70894428152493,1603.5862170087958,7.466142362038081,30.96606122425166,783.4413489736071,4.86029651352007,0.9010930418555917,314.0680351906165,14.705039896331616,59.129881154442074,160.39413489736134,0.6011730205278593,37.72593974940416,75.69735
3037014488,B,3039.193706979585,390.0,117.71441057568171,3594.367994100295,32.51861216461801,98.32212389380533,25.230457227138643,822.5778761061956,3.8695360686552185,36.0378700432734,911.7581120943953,3.1706817436900034,0.4934298739608968,168.34690265486714,14.772586952042726,47.240723490092925,160.1604719764015,0.12094395280235988,18.021811030655158,85.9797
3621681186,B,6317.9442843418165,471.48148148099705,59.20162237163622,4171.867435158501,29.93687388499742,99.90086455331404,24.077809798270895,823.3495677233437,3.669242860885424,74.91633538748574,1895.3832853025935,2.704530899774499,0.5082525543621151,175.3268011527377,14.399839152865969,58.06271803422428,160.304322766571,0.09510086455331412,15.02314208365822,84.90285
3621681190,B,6481.43653100632,482.02842377257844,204.87510766594193,4179.114098837209,29.390919158357864,98.35116279069769,23.99800145348837,855.8459302325588,3.6214323467217184,76.85497862853595,1944.4309593023256,3.3276808785527323,0.5021141649049127,174.45465116279067,14.449702541908666,57.68895348832226,160.2139534883725,0.12209302325581395,14.788583509514025,84.7362
3621681194,B,6013.2972061660985,447.5733247697327,264.2710340398179,4155.75,30.063308560415624,100.24161849710983,24.46080202312139,870.0043352601155,3.696137677351508,71.30391944068481,1803.989161849711,3.639611432240433,0.5123489227535981,178.81965317919045,14.574539588647639,57.947976878563196,160.2404624277461,0.5664739884393064,15.15151515152235,78.0558
3621681198,A,5815.764482430797,437.0370370369959,88.61454046639444,4148.618945868946,73.88685388686972,190.6700854700863,46.80644586894587,1585.999999999998,7.01320901320887,68.96166233122952,1744.730056980057,5.679803735358025,0.9090909090909961,324.52079772079725,14.445107003240665,57.76803118902023,160.3646723646729,0.1794871794871795,32.889579556249615,68.7366
3621681198,B,6008.136973180288,447.2083865472573,259.5338441890144,4155.610632183908,58.970990695121884,199.64827586206906,48.373742816091955,1480.968965517242,7.348746081504692,71.2427309072802,1802.441091954023,6.178560025541315,0.9064785788924589,340.65057471264294,14.229484095156272,57.57788868717557,160.10114942528776,0.13793103448275862,30.088819226764183,77.5875
3621681202,B,6528.942028984101,485.55555555599875,247.10466988730886,4181.36884057971,29.3788819875748,97.44347826086954,23.784420289855074,843.5417391304348,3.5890645586298606,77.4182849287132,1958.682608695652,2.7306763285017137,0.5085638998682984,172.8533333333334,14.672059319172131,58.44622425623004,160.15768115942078,0.553623188405797,14.646464646461459,93.90945
3621681344,B,6001.4999999997135,447.0370370369959,253.6465608465967,4155.362857142857,58.770068027203756,198.83314285714303,47.933035714285715,1482.6908571428546,7.312077922078006,71.16403162055896,1800.45,5.24047619047537,0.9038961038961905,333.8079999999994,14.243189368765403,56.54736842100137,160.11885714285773,0.5742857142857143,29.94199134200968,79.2369
3621681356,A,6788.903508770548,502.3976608187892,137.68247779935118,4192.863304093567,37.93372319688944,96.6,23.661366959064328,814.2333333333337,3.5454545454547435,80.50083211981175,2036.671052631579,2.673408057179828,0.5050505050505555,168.6467836257312,14.667482660133684,55.51285010766944,160.35555555555584,0.0935672514619883,16.71982987772544,74.34285
3621681360,B,7086.835347430174,520.174555219695,69.70124202751657,4204.75,30.917853546249862,103.42477341389727,24.90275679758308,900.240181268883,3.8470200494365,84.03362072053436,2126.0506042296074,2.6967942262500637,0.49162318044498204,174.5981873111783,7.5135249069045305,29.855302909813304,159.47794561933588,0.09667673716012085,15.608349354583789,79.9269
3623681090,A,5106.789658632679,395.36256135665303,117.85809906283168,4120.615963855422,39.97705106139694,103.37710843373489,25.278614457831324,877.6527108433731,3.8132530120467805,60.55481808655145,1532.0368975903614,2.667336010708437,0.48740416210300624,170.20120481927688,12.214906136166764,88.05366201640105,161.39759036144613,0.0963855421686747,17.77929901423471,73.2582
3623681094,B,5470.254491017844,415.7274340211199,110.84054113994311,4134.25,60.97519247219168,205.86467065868266,49.59580838323353,1581.3799401197596,7.564099074577716,64.86470734421549,1641.0770958083833,5.099800399199649,0.9063690800218617,346.14371257484987,14.472914635837702,60.3675543649001,160.29700598802438,0.5598802395209581,31.00798403194973,75.6351
3623681098,B,5605.647342995101,423.501878690237,231.4696725709383,4139.5,30.265010351963504,100.27130434782606,24.51358695652174,808.9391304347826,3.7164690382067875,66.4701265968028,1681.6942028985507,3.357487922704608,0.5111989459816056,176.9762318840577,14.625547691264014,57.727307398879795,160.31536231884073,1.0,15.104962670186385,75.3861
3623681102,A,5367.717803030341,410.3703703699997,19.808501683496814,4130.614346590909,75.90909090910701,195.7943181818183,47.95454545454545,1547.6241477272722,7.2057076446274815,63.64882770391444,1610.315340909091,4.889520202018927,0.9039256198347974,327.70340909090913,14.41397991542666,55.7476076554515,160.14545454545518,0.12215909090909091,33.69232093664997,70.9332
3623681102,B,5737.181647941575,433.4966708280749,18.882646691617396,4146.116573033708,29.98528624932782,100.5202247191011,24.583918539325843,857.6056179775293,3.6939479060266884,68.02982191233245,1721.1544943820224,2.640059300872335,0.5132788559755361,176.59662921348297,13.989417298140996,56.22006209338873,159.76629213483213,0.0898876404494382,15.13363976848211,82.9389
3623681106,A,5485.203544061322,416.4644529586986,124.17837377598573,4134.75,69.00383141763848,194.21034482758637,49.55369971264368,1620.4612068965498,7.203761755487502,65.04193925763632,1645.5610632183907,4.861909323113978,0.9064785788924589,312.7471264367813,14.429296979412705,57.141560798487575,160.3402298850579,0.5459770114942529,35.121908742589724,67.6572
3623681106,B,5760.957446808785,434.6234380275569,40.006754474849515,4147.0,30.893038066286945,102.36838905775075,25.000949848024316,892.9814589665649,3.782812931749124,68.31174838112973,1728.2879939209727,2.6650624788907322,0.48632218844989694,176.63829787234042,14.690040291220955,59.76923692202725,159.94164133738653,0.09422492401215805,15.399281569498891,89.19915
3623681110,A,5407.39732569298,412.16067069954227,55.105592698721296,4131.91905444126,45.32541956610512,115.01088825214896,29.145773638968482,1162.6022922636103,4.294607970825616,64.1193358777787,1622.2191977077364,7.847819165868299,0.765824433446284,236.67621776504274,18.823215832603733,56.98273261946094,160.44928366762218,0.9054441260744985,20.6017191977016,66.10965
3623681110,B,5649.908192090508,425.92592592600175,270.51475204016697,4141.112994350283,59.001883239163874,201.73220338983072,48.89477401129943,1454.6889830508485,7.397663071391184,66.99495879950425,1694.9724576271187,4.772834274951983,0.9039548022599736,331.2621468926561,14.19984233345927,55.83667856075648,160.06327683615865,0.5706214689265536,30.434857045048354,77.8443
3623681118,A,5509.467253177215,417.9537308570028,145.75214510697657,4135.75,73.96313364056854,194.54076246334344,47.655791788856305,1408.7120234604113,7.139829378832099,65.32965122343286,1652.840175953079,5.117302052784567,0.8691015729139732,342.084457478005,11.254177180653254,61.550393579197596,160.40351906158415,0.5718475073313783,33.5546076601961,61.98
3623681118,B,5809.2444120503205,436.83403520154525,82.80747219522895,4148.5,66.60974593919649,195.37259475218684,47.798833819241985,1561.6145772594746,7.219984097535112,68.88432109150769,1742.7733236151603,5.790816326528302,0.9090909090909962,332.4163265306114,14.670825140681295,58.49048642007426,160.5877551020412,0.15451895043731778,31.53105398004757,86.75505
3623681122,A,5151.33036597463,397.58215188471235,157.43268491047175,4121.875370919881,76.52395082663763,195.97388724035633,48.01279673590504,1640.3029673590531,7.231319125977903,61.08296876648964,1545.399109792285,5.446340257169315,0.9063933099542278,327.3756676557874,12.055758746803487,60.07027955640095,159.91454005934756,0.5727002967359051,33.71549321104717,68.32215
3623681122,B,5475.450191570718,415.9259259260012,115.35334184758914,4134.367816091954,29.908319649695994,99.9793103448276,24.07237787356322,842.7025862068974,3.726097178682907,64.92631525148389,1642.635775862069,3.242736270752268,0.506792058516247,174.3563218390804,14.429965249926964,58.18889897151468,160.19310344827647,0.1235632183908046,15.03134796238909,77.82405
3623681126,A,5514.927427428981,418.3227672118077,150.45489934386774,4135.876126126126,39.22350922351798,100.81441441441436,24.679054054054053,897.8549549549551,3.706115206114929,65.39439637262937,1654.4782282282283,2.7615115115111144,0.4914004914005407,182.28588588588596,14.262169145883883,60.05650387222774,160.24024024024067,0.5315315315315315,17.431067431076865,60.5481
3623681126,B,5786.625603862954,435.7283950620012,62.79549114329483,4147.864492753623,29.344375431329293,97.98260869565209,23.96105072463768,803.4000000000009,3.6416337285902665,68.61611387983638,1735.9876811594204,3.23148148148136,0.4953886693017623,170.44289855072458,14.514324233225283,58.275743707038316,160.19478260869624,0.11884057971014493,14.757136583233056,85.2495
3623681134,A,5424.781460134755,413.1422777242654,70.46856654926042,4132.615994236311,67.02209414025478,194.33775216138358,47.36221181556196,1617.4322766570588,7.21299449829667,64.32547185930561,1627.4344380403459,5.515529939158379,0.9012313335080769,328.2051873198847,14.416594062057586,57.05255574088064,160.30432276657095,0.5878962536023055,31.43655575932655,65.3415
3623681134,B,5695.479582146581,428.6820723860954,311.016144349516,4143.0,55.413105413097476,194.92991452991456,47.199074074074076,1416.1777777777763,7.167573167572912,67.53533101358228,1708.6438746438746,3.9161918328559664,0.8754208754209594,342.15840455840544,14.291393361153913,56.365272154682046,160.18233618233654,0.5327635327635327,29.134939134962885,79.54875
3623681142,B,6404.8522286837115,476.8367786392648,136.8044788977899,4175.5,29.71622369877879,98.87790697674419,24.135174418604652,863.0790697674422,3.62764270613079,75.94686437170198,1921.4556686046512,3.2356266149860744,0.5021141649049127,171.17441860465107,14.6917252568895,58.074892900799455,160.06511627907022,0.5494186046511628,14.910147991553005,86.92215
3623681184,A,5093.263285024551,394.2479871173051,105.79710144902387,4119.86231884058,38.28433402347271,99.09565217391302,24.221014492753625,837.7313043478266,3.669696969696671,60.39445494641677,1527.9804347826087,3.27093397745478,0.503293807641684,173.03188405797098,14.468486686882468,59.201372997652406,160.25971014492788,0.12173913043478261,17.099692577962315,70.4646
3623681184,B,5388.289345063431,411.29140871046917,37.92549147389638,4131.366568914956,40.72615556486607,133.2633431085045,33.512646627565985,1105.0724340175968,4.917355371901303,63.892759032392,1616.4868035190616,3.743075920493558,0.6531591575580484,259.7266862170089,14.260383277631501,62.82180892106667,160.6944281524931,0.12316715542521994,21.27254954234968,95.3367
3623681188,A,4729.9191176482955,371.4814814809978,110.28976034867327,4104.371323529412,37.74229691877555,96.6070588235294,23.659007352941178,819.4014705882358,3.5930481283423013,56.08599744245814,1418.9757352941176,3.2066993464032922,0.4973262032086059,165.38941176470607,14.790697674412721,57.66563467487115,159.98117647058885,0.5794117647058824,16.675579322648016,67.6179
3623681188,B,5008.870423890721,389.05373581668573,30.828516377655994,4116.25,29.807321772637014,99.04855491329478,23.889992774566473,828.6936416184981,3.6414871255911327,59.393720441394095,1502.6618497109826,2.61239563262587,0.5070940620074074,171.9491329479769,14.690146525064973,58.76483115296819,160.0739884393068,0.0953757225433526,14.937817481182671,86.2197
3623681192,B,5662.315088758936,426.4694280078908,281.4376506684402,4141.5,31.22851507466511,103.9526627218934,25.446560650887573,898.765384615385,3.8675363098440574,67.14207615130184,1698.694526627219,2.4564431295192337,0.4841312533620712,173.74082840236665,7.468006054765384,29.35806602301559,159.14792899408317,0.5355029585798816,15.668818361129887,74.91045
3623681204,A,5373.089780324642,410.54441260737764,24.39987265200243,4130.862464183381,38.88934370310568,99.44183381088824,24.336497134670488,837.2595988538685,3.6617608752278845,63.7125270394168,1611.9269340974213,3.308261700094868,0.50533993227408,176.34383954154706,14.342640101279038,56.39571708634696,160.04584527220672,0.5702005730659025,17.071285925159028,66.20385
3623681204,B,5701.397205587424,428.8888888890024,316.1809713906942,4143.119011976048,32.04590818362966,106.27544910179643,25.61190119760479,884.6928143712582,3.941344583560155,67.60550046150924,1710.4191616766468,2.8900532268782375,0.5988023952096398,182.7880239520957,15.201921737914377,60.13236684519499,160.28742514970088,0.5449101796407185,16.033387769927042,73.97295
3625681202,A,4479.240687677993,355.3581661892202,218.39329300653642,4093.3946991404014,39.73802701596729,102.01031518624646,25.448603151862464,905.995702005731,3.7663454024487435,53.1135259408547,1343.772206303725,5.652260426613372,0.6251628028132938,205.55530085959933,14.29133071232814,58.981299954708675,160.6326647564475,0.5616045845272206,17.879656160467597,71.34075
3625681202,B,4774.169096208103,374.6172119640037,149.61667206559488,4106.612973760933,29.759822296262403,99.35160349854227,24.2966472303207,846.6411078717196,3.663000265040938,56.61070074556808,1432.2507288629738,2.559928733396504,0.49827723297116033,170.0897959183676,14.615906163123858,59.23968083468056,160.55043731778457,0.09037900874635568,14.973054156738495,88.3809
3625681344,A,5042.528901734104,391.4814814809976,60.715050310429866,4117.867774566474,74.16597853015658,190.29364161849716,46.55979046242775,1616.4823699421945,6.986600105097181,59.79283282689554,1512.7586705202311,5.031310211944021,0.9038360483448055,317.93757225433563,14.523457453953736,57.18017949492735,160.25895953757262,0.5549132947976878,32.815729549852946,74.68875
3625681348,A,5023.239041794129,389.62962962999904,43.59044059350541,4116.624617737003,39.2165428862761,100.26055045871558,24.581422018348626,877.3211009174311,3.7030859049208336,59.56409930983836,1506.9717125382263,2.9255861365943447,0.483736447039248,173.99388379204896,8.132423014007351,30.724690165748786,158.86483180428175,0.5688073394495413,17.280140858132405,68.4021
3625681348,B,5305.323943661661,405.1851851849966,294.26395409500503,4127.118309859155,59.15761234069817,189.20788732394428,47.43926056338028,1580.697464788733,7.216133162612921,62.90897956910801,1591.5971830985916,4.993740219090339,0.9065300896287679,313.47380281690084,14.462495905659692,57.17346182352345,160.27943661971878,0.14647887323943662,31.434058898841744,91.728
3625681356,A,5401.645833332999,411.8518518519996,49.827160493826966,4131.615277777778,73.554232804248,190.5066666666673,46.80815972222222,1568.1141666666656,7.0460858585851955,64.05113636363532,1620.49375,5.7812499999977405,0.9065656565657433,326.11444444444413,14.082687338494088,55.970760233863814,160.25777777777824,0.5861111111111111,32.82407407406682,67.2228
3625681356,B,5655.438095237914,426.09417989408604,275.32698412698056,4141.358571428572,30.49523809523459,103.35771428571425,25.238392857142856,878.7925714285718,3.798831168830433,67.06053077360272,1696.6314285714286,3.2317460317450832,0.5246753246753768,184.2560000000002,14.167441860460798,58.805639097692755,160.33828571428617,0.5571428571428572,15.585281385290862,74.42295
3625681388,A,5121.4577329474905,396.10310598772946,130.91044935442298,4121.113832853026,39.795526279684395,103.42824207492792,25.313400576368878,829.7671469740637,3.7894943673039814,60.728747821530526,1536.4373198847263,2.7529618956120214,0.5030128373068357,166.98328530259366,15.686616178534567,58.02366145905864,160.0829971181561,1.0,17.73644223211443,71.4438
3625681388,B,5429.953838679331,413.50502105599946,74.97246517655041,4132.75,40.54699430792234,138.22390670553938,33.38283527696793,1132.5918367346953,5.078982242247291,64.38680441120626,1628.9861516034985,3.6196145124701844,0.6520010601643892,247.4775510204081,14.58878568038187,58.152524167504424,160.23323615160396,0.12536443148688048,20.622846541218706,82.5168
3625681392,A,5047.46598639595,391.65640859500013,65.12903574129824,4118.113702623907,38.24378731085097,98.01516034985421,23.965925655976676,817.5332361516041,3.611052213093038,59.851375332758174,1514.2397959183672,3.221574344021981,0.49827723297116033,169.84489795918356,14.74472845616013,57.680681295015766,160.47580174927148,0.5451895043731778,16.88930117502544,72.6528
3625681392,B,5317.925425425225,405.7323990659998,305.5233010788107,4127.6163663663665,63.09023309021967,196.86486486486513,49.00431681681682,1703.1639639639652,7.471334971335937,63.058433927991175,1595.3783783783783,5.425008341673032,0.9036309036309904,321.6468468468469,15.06809134715286,60.33072546224409,160.15375375375427,0.5885885885885885,32.69178269177415,88.63455
3625681396,B,4942.447013487515,383.13637336744824,299.1950331834713,4112.362716763006,61.402422240558494,196.69595375722537,48.88186416184971,1592.924566473988,7.4738570677905924,58.606091069018305,1482.7341040462427,5.559569685290485,0.9064634787179009,324.128323699422,14.501277053362212,57.8122147854583,159.99075144508708,0.1676300578034682,32.6939919425513,74.0673
3625681404,A,5088.136277303134,394.07407407399944,101.21135380389359,4119.615384615385,74.99253832588765,194.61196581196583,47.62820512820513,1571.9000000000003,7.204869204868815,60.33365989887513,1526.4423076923076,4.967157328266842,0.9039109039109905,326.16410256410256,14.231100510163492,58.440545808908595,159.8450142450148,0.5868945868945868,33.5327635327807,74.6391
3627681094,B,4539.0397509579025,358.68454661589925,271.3814389102008,4095.617816091954,58.77668308702047,200.53103448275897,48.65930316091954,1620.1922413793095,7.364028213165534,53.822605742589055,1361.7119252873563,5.013170498081959,0.9090909090909962,329.3459770114949,15.038759689916416,57.82932546878788,159.9172413793108,0.5402298850574713,30.121037965862055,83.2875
3627681146,B,4544.103682168806,358.88888888900306,276.05727820858397,4095.8640988372094,29.952934662233744,99.9383720930232,24.41860465116279,860.8909883720941,3.6740221987307895,53.882652357739,1363.2311046511627,3.2449127906964814,0.49947145877383425,173.24999999999983,14.67752839372145,58.85977662171958,160.22325581395384,0.5465116279069767,15.021141649048266,80.24985
3627681150,A,3154.706607495148,273.22485207099953,23.38593030900132,4037.973372781065,41.87094956325441,106.04378698224845,27.474112426035504,1052.2269230769225,4.034561592254765,37.407588231177904,946.4119822485208,6.522435897434223,0.7450242065627404,231.49704142011848,19.303701665053573,51.94254126435767,160.87100591716012,0.26627218934911245,19.648556571625726,71.36775
3627681150,B,4464.27442528704,354.61685823740015,205.02979991483676,4093.0474137931033,46.568144499183774,153.24827586206897,36.539152298850574,1224.1181034482745,5.421760710551776,52.936060378887376,1339.282327586207,5.598659003829824,0.7863113897597416,257.2781609195406,18.128842555457492,58.75869630968959,160.12873563218452,0.39080459770114945,22.429467084642937,84.8172
3834719044,B,2289.8310185183336,711.6584362138096,117.53086419758323,2786.1208333333334,67.21825396824903,200.64333333333346,51.520833333333336,1592.2941666666677,7.973232323255837,27.1521464646503,686.9493055555556,5.827932098764052,0.9065656565657433,322.36555555555526,13.886950904387737,59.566885964860546,159.99111111111145,0.14722222222222223,37.09848484848571,63.35175
3834719080,A,377.3768939393971,606.8392255893842,88.93308080807527,2715.3678977272725,67.33089826838311,210.0238636363639,54.912109375,1446.2463068181823,8.075025826450412,4.474824829321874,113.21306818181819,4.82047032828071,0.9090909090909961,342.52272727272646,14.111390063422396,58.0061303827146,160.56363636363687,0.5426136363636364,38.99276859503483,64.87095
3838719142,B,3447.8840782122907,9.432029795158874,152.17463273334624,2831.1166201117317,66.79968076615378,210.88156424581055,53.93505586592179,1454.569273743018,8.25774504826176,40.88400092741222,1034.3652234636872,5.181952203597641,0.9040121889284766,330.978770949721,13.949590749636574,57.229491326016124,159.4636871508384,0.10893854748603352,38.12849162011073,70.93395
3840719298,B,3139.505064458178,762.7603846943284,204.03110292611905,2820.613950276243,40.46435148644326,135.70939226519337,33.187154696132595,1082.9179558011053,5.144399799108041,37.22738737363278,941.8529005524862,3.382443216695372,0.632847815168319,265.89944751381216,13.777463702936688,55.83163710375542,160.2121546961331,0.5552486187845304,24.023103967852514,56.50905
3844719152,A,6256.29442843418,169.25925925900071,236.4734763582162,2939.0,65.71703032796346,201.82824207492789,53.61941642651297,1621.7930835734878,7.602960440136753,74.18530942807914,1876.8883285302593,4.8030739673375065,0.9012313335080769,313.99538904899106,14.565377655646934,59.61625966929622,160.40576368876128,0.14985590778097982,38.3503624137556,74.1186
3844719354,B,470.45640326980725,415.3426178222629,81.68331819557567,3105.1069482288826,66.1307901907274,207.92370572207096,53.57459128065395,1479.3539509536797,8.20671290562277,5.578561350979877,141.1376021798365,4.579548894941576,0.909090909090996,353.81471389645696,13.76021798364381,55.55571490027646,160.287738419619,0.1335149863760218,36.46684831971038,59.8005
3846719080,B,3317.1889507907817,583.4942742184468,87.67976890537928,3218.608635097493,35.04708847325932,107.73259052924782,27.637534818941504,875.2947075208913,4.286401620678434,39.33428385833656,995.1573816155989,3.2068245125342596,0.5191187642441639,184.8311977715875,13.965148668777793,56.64162146307087,160.205013927577,0.116991643454039,19.482569426859346,64.8096
3846719084,A,3035.672983479067,568.6848072565502,208.0596047944717,3208.612244897959,34.87713452726978,108.56676384839638,28.80557580174927,854.441107871721,4.06162205141907,35.996122333762074,910.7018950437317,3.2952704891471427,0.5062284654121894,174.80000000000038,11.122109973553023,58.28410311486581,160.3078717201171,0.11661807580174927,20.504461524865263,57.144
3846719092,A,3043.1647116329036,568.8888888889998,214.73661344641584,3208.75,59.237536656889226,188.81524926686214,45.332661290322584,1331.6612903225807,6.985870434551218,36.08495705493859,912.9494134897361,5.1490713587485875,0.8024526792856014,312.78709677419323,11.053672509037325,83.07532026539563,160.40351906158412,0.9296187683284457,33.733226695105245,54.585
3846719100,A,3101.7948717946747,571.2842428224162,228.03418803415684,3210.367603550296,70.32967032965452,224.09822485207144,59.61261094674556,1514.6076923076935,8.452662721894958,36.78017634539784,930.5384615384615,4.96794871794678,0.9010220548682952,336.4142011834314,7.379936700148191,31.454764870724674,159.21420118343232,0.5532544378698225,42.45562130175918,54.06135
4167773542,A,6178.232468780201,750.0,335.6238659408527,3331.0,66.60491285851853,209.9481268011529,55.9338976945245,1567.1144092219029,7.897432538644426,73.25967354283729,1853.4697406340058,5.543547870635179,0.9038511920357167,336.82305475504353,14.470209771459022,57.77074169568505,160.11066282420796,1.0,39.95284254650622,68.59785
4167773568,A,6404.306387225184,17.40740740739996,195.0698602795536,3342.868263473054,68.02965497575764,211.94011976047918,56.42215568862275,1666.4209580838326,7.973053892217266,75.9403919433838,1921.2919161676646,5.404607451761468,0.9063690800218617,337.643113772456,10.134382397990443,62.569335014117705,161.41796407185683,0.5748502994011976,40.212302667388336,71.0202
4167773572,A,6787.215962441698,37.210224308792554,204.7177882106846,3356.3612676056337,67.91951710262823,207.69464788732412,55.264084507042256,1721.0205633802798,7.809475032012814,80.48082168901676,2036.1647887323943,4.8176838810626,0.9039692701665398,328.1047887323951,16.057648214863434,56.69014084501885,160.1442253521133,0.5295774647887324,39.33845497223624,69.77145
4167773580,A,6202.987012987013,8.707311207312525,16.142376142375344,3337.0,70.96165739022747,231.17142857142863,61.453936688311686,1462.9431818181827,8.627361275090147,73.55320568759133,1860.8961038961038,4.069264069262864,0.9061393152303118,383.48181818181877,16.27000906069906,56.26452494867674,160.50909090909119,0.02922077922077922,43.177882723333035,75.1977
4167773596,B,7182.067723342742,56.83317323086954,232.8615647347664,3369.5,65.40414436665556,202.44034582132565,51.9542507204611,1555.200864553314,8.000916950498162,85.16285837954878,2154.6203170028816,5.514729426831922,0.9038511920357167,338.1625360230549,14.36498894175626,58.52077961469468,159.92622478386232,0.1440922190201729,36.792419875991165,78.1854
4167773604,A,6289.651282051231,12.774928774950737,93.1715099715064,3339.87,68.8703296703328,214.41600000000008,57.03173076923077,1728.0240000000006,8.074125874127123,74.58087564610341,1886.8961538461538,5.129059829057398,0.9062937062937935,339.1876923076919,7.924865831839659,47.38421052625573,159.48800000000026,0.5661538461538461,40.84941724940652,70.92195
4169773314,B,6855.141739980388,40.17052242860043,265.0461605299709,3358.1217008797653,67.01857282499965,206.59706744868058,52.84090909090909,1583.5143695014647,8.129165555869006,81.28626569147269,2056.542521994135,5.282258064514309,0.9037589976007265,339.6785923753669,11.792948237055297,58.2690229973264,160.58181818181856,0.12903225806451613,37.66106815959693,81.36645
4169773318,A,6171.711904761635,749.7957671959716,329.8264550264143,3330.8621428571428,65.71428571429182,207.30171428571458,55.229464285714286,1554.6291428571424,7.791428571430736,73.18235460191049,1851.5128571428572,4.888095238094008,0.9038961038961905,331.62400000000065,14.282392026573387,57.91616541347642,159.99085714285758,1.0,39.36796536795562,68.2689
4169773334,A,6209.547821969493,9.055134680135659,21.994949494942503,3337.120028409091,66.59226190476373,209.74431818181873,55.72176846590909,1549.009090909089,7.882877066117237,73.63100184154047,1862.864346590909,5.3886521464631745,0.9039256198347974,336.58068181818277,14.178779069762335,56.22719796645865,160.32727272727317,0.15056818181818182,39.778753443524366,73.509
4169773338,B,7175.650522316922,56.469346839735,227.11406563251577,3369.362535612536,65.23131189795522,200.84444444444455,51.48504273504273,1573.2666666666673,7.902874902888838,85.08676508675113,2152.6951566951566,5.456236150678596,0.9065009065009934,333.0404558404563,14.091963161726865,58.09116809111418,160.21880341880393,0.15384615384615385,36.57428990762116,75.7992
4169773358,B,7115.828584995641,53.70370370370036,173.98543843013604,3367.3653846153848,33.447293447282064,101.64786324786314,26.05324074074074,817.1666666666672,3.9959854959904813,84.37741405133796,2134.7485754985755,3.1180753402966106,0.5024605024605525,177.18974358974393,14.541178029543548,57.09776578191692,160.03646723646773,0.5726495726495726,18.53233186566049,78.2316
4169773374,B,6374.286384976689,16.140845070413853,168.44027125712398,3342.1147887323946,73.30516431912602,235.3318309859154,56.568661971830984,1725.162253521128,8.769782330356128,75.58442353726355,1912.2859154929577,5.5058685445992905,0.9039692701665398,302.8259154929575,14.687848018338094,56.13713862115699,160.28845070422582,0.28732394366197184,38.486555697833396,79.26135
4169773540,B,8194.004761904689,114.98095238097152,129.81798941795424,3408.62,65.25034013603364,200.02628571428596,51.15714285714286,1651.627714285714,7.849480519500172,97.16211180125327,2458.2014285714286,4.683333333331816,0.9090909090909961,325.73599999999976,14.282392026572918,56.937969924764296,160.29257142857196,0.5885714285714285,36.53766233765662,85.2246
4169773544,B,6637.971743294856,29.805236270737876,71.79863771815715,3351.362787356322,33.26628352489312,102.77241379310335,26.288613505747126,881.5232758620695,4.054336468138013,78.71112739084325,1991.3915229885058,3.1693007662828148,0.506792058516247,177.42183908046002,14.571638599297492,56.864413188085635,160.0643678160924,1.0,18.68338557993305,76.1109
4169773564,B,6504.446778711271,22.014731818670533,284.0668119099195,3345.8662464985996,65.84767240227059,204.28235294117636,52.27153361344538,1514.5655462184877,8.010822510838768,77.12782741556106,1951.3340336134454,4.748677248675692,0.9065444359562874,335.4823529411757,14.0205849781711,56.4915966386061,160.37647058823572,1.0,37.202274849326926,78.2172
4171773542,B,5884.147564469799,735.8887827656848,74.15897272632537,3321.4756446991405,36.02947196069025,112.20171919770766,28.73746418338109,897.1787965616052,4.433576452204581,69.77250076447027,1765.2442693409741,2.406478828397769,0.502735087262358,186.34842406876794,19.28233491036942,81.45754788107807,159.6148997134676,1.0,20.300425458015773,64.90125
4171773550,B,6301.175512102641,13.333333333299976,103.38092282214484,3340.11312849162,34.542431497724024,107.53072625698312,27.495635474860336,868.1421787709504,4.215210766893375,74.71749619098519,1890.352653631285,3.10948168839201,0.5180294565769941,186.76312849162056,13.963232428214228,55.98757718313322,160.00893854748654,0.11731843575418995,19.498053157264543,70.01865
4171773558,A,5977.499999999829,740.0,157.19531497314514,3324.25,64.79310812643429,207.46324786324774,55.171830484330485,1426.6555555555549,7.796425796427426,70.87944664030802,1793.25,4.10177271288116,0.8754208754209594,343.1794871794874,7.18014973828661,56.4316239315687,75.97037037037029,0.09401709401709402,39.21609254942932,68.0601
4171773568,B,6647.776203966003,30.37037037040006,80.77221697618758,3351.616147308782,65.44853635502858,202.17110481586397,51.68909348441926,1490.4960339943339,7.9430852433911046,78.82738581778267,1994.3328611898016,4.830028328610406,0.9039402523822653,337.15807365439133,14.203175439747376,56.82644997757691,160.24475920679936,0.11331444759206799,36.80573439779425,80.36835
4171773572,B,6430.079908675559,18.364282090278632,217.96448503305274,3343.615068493151,76.29223744279408,242.55123287671225,58.5111301369863,1753.9101369863035,9.01307596513991,76.24600682224856,1929.0239726027398,5.426560121764819,0.9041095890411823,325.9506849315072,14.920675374317652,44.43799567408085,160.1928767123294,0.18904109589041096,38.36944790368202,73.97565
4171773576,B,6632.573390151538,29.629629629599922,67.25378787878144,3351.1164772727275,64.98376623374371,200.890909090909,51.36186079545455,1523.4596590909096,7.8888171487784975,78.64711529823666,1989.7720170454545,4.86702967171594,0.9065082644628967,334.0988636363643,14.390856236780065,56.53670753582377,160.10000000000062,0.5426136363636364,36.59865702478646,76.53525
4171773580,A,6011.328049950546,741.481481480996,187.18539865517855,3325.3623919308357,34.09084671333059,106.73775216138318,28.371757925072046,811.8181556195962,4.031176316480264,71.28056976228204,1803.3984149855908,3.1111911623427644,0.5003929787791959,178.1106628242075,14.699416929152633,54.268542393404005,159.70489913544725,0.5504322766570605,20.1737839489867,66.54375
4171773584,A,5992.956064947134,740.7407407409975,170.9795182001804,3324.75,65.53008595988467,206.72664756447017,55.06984240687679,1687.4372492836685,7.7983849960944625,71.06272013771422,1797.8868194842407,4.689191340336179,0.9090909090909962,334.83667621776544,14.329979342967311,56.23209169048849,160.08252148997187,1.0,39.06486064078253,67.1799
4171773592,B,6676.811391222814,32.028218694900254,106.54009752043692,3352.7514005602243,63.70814992661397,194.06722689075642,49.726890756302524,1599.4588235294116,7.6618283677190515,79.17167657576901,2003.0434173669469,4.6611422346695095,0.9065444359562874,310.8313725490193,14.020584978173394,57.17676544297069,160.15238095238152,0.6218487394957983,35.45539427892688,82.99275
4171773596,A,7706.464937560006,88.32426086024996,22.489059664849435,3390.8623919308357,66.80801427200039,209.38789625360283,55.7907060518732,1570.6772334293958,7.873984804822124,91.38100716474456,2311.9394812680116,5.5303394172246305,0.9064710505633564,337.339481268012,14.574760404791961,58.5886546336383,159.80634005763753,0.579250720461095,39.77643873896722,72.35115
4171773596,B,8200.519047618995,115.18518518500042,135.65714285712568,3408.8678571428572,65.02448979589683,198.10285714285763,50.71964285714286,1638.0334285714284,7.773766233781319,97.23935629589124,2460.155714285714,5.369444444441994,0.9038961038961905,325.6159999999996,13.91096345514437,56.76879699242878,160.24685714285764,0.1657142857142857,36.164502164498025,79.80435
4171773604,B,6653.104761904657,30.54497354497025,85.61693121692923,3351.8621428571428,33.60408163264059,102.59999999999995,26.25,857.5097142857148,4.038571428579109,78.89057029928743,1995.9314285714286,3.2551587301581133,0.5090909090909598,179.11200000000025,14.399335548167091,57.85075187963913,160.036571428572,0.12,18.63636363635752,79.38495
4171773608,A,5999.512893982493,740.917966677366,176.80993314233237,3324.8703438395414,66.53158684677288,209.84871060171915,55.79065186246418,1639.9667621776484,7.917296170879793,71.14046909860953,1799.8538681948423,5.510187838267327,0.9064860640792741,335.35014326647655,14.360631705197209,54.19808475336855,159.96332378223534,0.5787965616045845,39.77685161064606,65.56575
4171773612,A,6006.446360152614,741.2803320559098,182.8778203490892,3325.1666666666665,51.52709359605926,164.7931034482761,43.86494252873563,1188.6818965517245,6.15295193312613,71.22268411249087,1801.933908045977,3.876117496805523,0.7183908045977709,281.4241379310348,19.87369687248276,51.95515728972442,160.29425287356364,0.3649425287356322,30.69052594913261,65.3619
4171773620,A,6041.33141762316,743.1257982118788,213.86121753962857,3326.3599137931033,34.03940886699889,107.67241379310339,28.630567528735632,841.9629310344822,4.0384012539195995,71.63634092045875,1812.3994252873563,2.4632822477640266,0.506792058516247,177.4379310344829,14.446672012824237,56.30217785838695,160.11954022988564,0.29310344827586204,20.383141762443348,69.88815
4173773318,A,5145.042613636478,693.5079966329585,96.76136363634485,3292.8686079545455,66.33928571428419,207.93068181818197,55.31693892045455,1573.0184659090892,7.815211776861326,61.00841043837818,1543.512784090909,4.893465909089639,0.9065082644628967,324.7681818181822,14.380946088787823,57.01555023918082,159.97272727272775,0.1278409090909091,39.45506198345329,65.8134
4173773326,A,5129.776011560925,692.7681438666463,83.18347248982938,3292.3692196531792,66.99697219928969,211.65086705202336,56.30057803468208,1540.826878612717,7.968470835524751,60.82741209531391,1538.9335260115606,5.6346339113666115,0.9038360483448055,333.9364161849707,14.563113321677527,58.26855795551254,160.38843930635872,1.0,40.16027325274131,62.03835
4173773326,B,5768.498622587849,727.7777777780063,321.1304968880913,3316.0,35.57654466744049,109.74214876033047,28.081955922865014,887.8033057851244,4.29952416730286,68.40116943779832,1730.5495867768595,3.40602999693821,0.5234159779614843,188.8264462809919,13.719648920488664,55.693779904252075,160.00881542699767,0.11294765840220386,19.897320310540596,57.7392
4173773330,A,5015.761173184581,685.1851851849952,327.96399751705883,3287.25,67.12157488691486,214.78994413407818,57.129015363128495,1479.4835195530718,8.131919756223011,59.47542893104535,1504.7283519553073,4.852963997515975,0.9065515490097363,339.5899441340776,14.164609588145513,57.71317259624528,159.91061452514023,0.5698324022346368,40.62722194006747,60.0345
4173773334,B,5778.7975858866575,728.3101207057938,330.3992571959079,3316.360027855153,65.15320334259052,207.67353760445693,53.13370473537604,1451.7342618384375,8.121802988112112,68.52329153225044,1733.6392757660167,3.9678118229632293,0.9014940491264474,348.6506963788311,13.934054544269873,56.169916434496805,160.3208913649029,0.5654596100278552,37.00008440955131,65.76105
4173773362,A,5544.700670499542,716.4633886760233,122.13920817385291,3308.3635057471265,33.58237547892821,104.63103448275855,27.88433908045977,857.6974137931035,3.9393939393941646,65.74743878058453,1663.4102011494253,3.1732918263088776,0.5041797283177096,169.07011494252868,14.431970061476093,58.368874773089544,160.275862068966,0.5488505747126436,19.7866597004491,62.04705
4173773370,A,5539.344223484573,716.0963804712848,117.58838383844876,3308.1157670454545,66.23782467532713,207.1090909090911,55.08433948863637,1590.8122159090904,7.786415289257514,65.68392359862607,1661.8032670454545,4.743134469694555,0.9065082644628967,317.81590909090863,14.359143763209046,57.935107655445556,160.41818181818223,0.5397727272727273,39.23295454544665,63.789
4173773544,B,5660.560853769837,722.3766273085432,225.37087496213056,3312.3542234332426,65.5572855845071,210.69645776566767,53.89134877384196,1496.6329700272474,8.271612583620675,67.12127494589261,1698.1682561307903,3.821904329395282,0.909090909090996,356.2408719346058,13.675939420818208,53.99003298431598,159.95640326975536,0.08719346049046321,37.4585087936524,62.0994
4173773564,B,5620.250455373497,720.1598866624532,189.49605343047543,3310.8579234972676,66.21519646107107,210.52131147540993,53.90539617486339,1468.2008196721274,8.288251366144287,66.64328603210431,1686.0751366120219,4.535139647842792,0.909090909090996,342.3038251366126,13.858177659162328,54.37625826857753,160.32349726776008,0.10109289617486339,38.04686206325688,58.26615
4175773538,A,7807.429130009969,92.76854567179302,112.26023677641618,3393.75,67.25876274264441,212.019941348974,56.37554985337243,1600.7498533724338,7.966275659826179,92.57821102777226,2342.2287390029323,4.882290648418429,0.9037589976007265,329.43929618768317,14.775284730266815,59.06004012959266,159.93431085044028,0.12903225806451613,40.20261263661121,72.07185
4175773554,A,7700.007022471967,88.14814814809947,16.756138160637096,3390.616573033708,65.06019261637515,203.96292134831504,54.36446629213483,1585.4924157303349,7.713738508683981,91.30443109650398,2310.0021067415732,4.854478776527139,0.9039836567927321,328.29213483146134,14.234387248492393,56.48321998811193,159.91011235955114,0.5393258426966292,38.73169901259048,74.8848
4175773554,B,8232.764285714287,116.46878306877947,164.3386243385543,3409.75,64.9537414965768,199.5497142857146,51.15714285714286,1598.6879999999978,7.841168831181805,97.62171089778556,2469.8292857142856,5.5384920634903345,0.9064935064935933,334.008,14.190697674413945,58.095864661607216,160.2742857142863,0.5714285714285714,36.27186147186305,79.41285
4175773558,A,7725.965038314624,89.06768837805807,39.821200510853615,3391.364942528736,65.74712643679985,208.1137931034487,55.43193247126437,1581.124999999999,7.838819226751215,91.61223365590587,2317.789511494253,5.587883141760683,0.9064785788924589,343.5229885057465,14.425287356317924,57.09883545064187,160.20229885057515,0.15517241379310345,39.51758968999697,71.943
4175773558,B,8144.169027384055,112.59259259299932,85.47266813555113,3407.1175637393767,65.9409146094467,204.02719546742225,52.25212464589235,1530.136827195466,8.019572495503521,96.57117423776242,2443.2507082152974,5.513849543593987,0.9065155807366307,343.09915014164415,13.991699057904512,56.606157745578095,160.35354107648786,0.141643059490085,37.09674650184458,70.3251
4175773562,A,8382.898338220617,123.87531226253385,297.7039209297799,3414.6239002932552,65.66261695295408,203.1589442815252,54.035007331378296,1636.6961876832852,7.639829378834095,99.40195657969885,2514.869501466276,5.582437275984508,0.9037589976007265,326.26979472140863,14.657982677480726,58.38671091212691,160.22521994134948,0.17302052785923755,38.55949524569596,73.01565
4175773568,A,7776.671415002986,91.28838239949668,85.0290176216234,3392.75,32.82865282865839,102.63931623931619,27.29433760683761,801.3666666666663,3.889018389019003,92.21349503957497,2333.0014245014245,3.2280785058545276,0.49210049210054124,174.6450142450141,14.395415093083525,55.97765781970988,159.96353276353327,1.0,19.451782785104605,70.3083
4175773568,B,8111.836240309834,111.28660637352992,56.746339362618336,3406.25,68.34440753042875,211.42325581395397,54.231468023255815,1506.0575581395356,8.327827695580467,96.18778150565127,2433.5515988372094,5.240633074933138,0.9090909090909962,352.7593023255807,14.378718226062448,58.62454100362003,159.9069767441865,0.11046511627906977,38.41349541931159,74.3157
4175773572,A,7719.44284341955,88.88888888890052,34.086882271325045,3391.1188760806917,66.52943598189754,209.96541786743563,55.88256484149856,1597.2579250720487,7.886822111607131,91.53489537652264,2315.8328530259364,5.553954530898667,0.9038511920357167,344.9890489913537,14.602908652230118,57.26566054901015,160.4426512968305,0.14985590778097982,39.80700375512109,72.42495
4175773584,B,8125.070821529834,111.85709789123482,68.50907564788722,3406.614730878187,82.52934034788738,268.8951841359773,63.94210339943343,1778.3558073654374,9.964074169471017,96.34471329877111,2437.5212464589235,4.979540446960725,0.9065155807366307,327.7348441926341,14.249950589622252,56.54316385860067,160.3172804532582,0.5609065155807366,43.041462786520235,76.24185
4175773588,B,8239.234496123814,116.8335486651105,170.03014642548544,3409.873546511628,69.14728682174872,209.63372093023278,52.43550145348837,1458.7587209302346,8.469344608887667,97.69843276035175,2471.7703488372094,5.503472222221044,0.9038054968288393,306.9418604651162,14.470659816111407,59.16386168905718,160.33488372093055,0.7063953488372093,38.30602536998349,81.83835
4175773600,A,7626.47270114943,82.40315027670529,296.43678160921263,3386.86566091954,65.97701149426823,207.94827586206893,55.24604885057471,1631.0517241379328,7.82523510971956,90.43248262231621,2287.942528735632,5.473738825029593,0.9064785788924589,331.01149425287304,14.33774391873185,57.06405021167477,159.96321839080522,0.5775862068965517,39.41048415185009,68.61255
4175773624,A,7712.975167144149,88.68831582298205,28.31794545261721,3391.0,66.59708009279322,208.57650429799446,55.48352435530086,1654.561031518624,7.860380307373316,91.45820356297776,2313.8925501432664,5.382441897483687,0.9038812190675521,335.99197707736346,14.521223429059948,57.89888402949946,160.2108882521493,0.15759312320916904,39.5554397846548,70.8984
4175773624,B,8137.362258953309,112.38547087037432,79.41230486685282,3407.0,67.86435786433503,205.23636363636356,52.615358126721766,1583.9157024793385,8.093413473591356,96.49046156861765,2441.2086776859505,4.778466483010002,0.8990733784123074,367.0853994490363,6.764687039526174,50.55966362180749,159.40055096418763,0.10743801652892562,37.2259787962287,68.7492
4175773628,B,8166.142587346761,113.51064945962561,105.12433112995474,3407.8640226628895,64.63240253606115,201.1444759206801,51.461579320113316,1555.0062322946171,7.889389647191249,96.83173028474377,2449.842776203966,4.826487252122188,0.9065155807366307,332.7637393767709,14.371170696353323,56.41680333973849,160.11784702549627,0.1274787535410765,36.525882049957346,79.4604
4177773322,B,7991.261770244836,103.33333333300045,275.70830717721475,3400.8629943502824,65.15334947535959,203.46440677966174,52.213100282485875,1625.705084745763,8.00000000001331,94.75804470646919,2397.3785310734465,4.590787821718124,0.9065228556754849,331.42824858757143,14.155827092359953,57.02832292589243,160.3344632768366,0.14124293785310735,37.031330251673666,80.8818
4177773326,A,8416.178921568664,125.35838779967305,327.26143790845043,3415.75,65.43137254902899,203.10352941176495,54.10569852941177,1675.1876470588227,7.660427807487572,99.79658800279775,2524.853676470588,5.681781045750527,0.9064171122995522,328.0694117647065,14.688098495207006,58.86184210520251,160.35764705882394,0.17352941176470588,38.61497326202856,75.00615
4177773330,A,6918.816425119476,42.763285024175666,321.44283413852185,3360.0,34.66942719116963,110.83130434782603,29.4356884057971,812.3078260869555,4.186297760211567,82.04130148364688,2075.644927536232,3.154991948469193,0.5085638998682984,179.64637681159405,14.981462756988588,57.713577421748376,159.99072463768164,0.12173913043478261,21.028546332892716,74.7381
4177773350,A,7638.0595238094,83.13015873016367,306.6222222221289,3387.1207142857143,33.59455782313661,105.50399999999992,28.075,823.8025714285707,3.9658441558449438,90.56990400903408,2291.4185714285713,3.2440476190468837,0.5038961038961541,175.19999999999982,14.27973421926652,57.86729323302985,159.9268571428576,0.12571428571428572,19.925541125539105,72.86265
4177773362,A,7210.130813953492,57.95757967268389,257.80577088723845,3370.3640988372094,65.26439645626066,204.79883720930283,54.48582848837209,1641.9113372093047,7.691596194505343,85.49562229984087,2163.0392441860463,5.535771963822317,0.9064482029599178,325.54069767441865,14.796511627901552,59.15238678085154,160.1023255813958,1.0,38.84866102888122,73.1898
4177773362,B,7832.231262328858,93.87573964497993,134.04996712713532,3394.5,34.754860524078126,106.4591715976331,27.259615384615383,876.5192307692304,4.175228617541978,92.87230745842554,2349.669378698225,2.7827087442457734,0.49488972565900596,176.54911242603555,14.866519884403623,55.26860791024793,160.0757396449709,0.5532544378698225,19.352698583468136,78.5286
4177773370,B,7679.70476190615,84.81481481479956,343.5809523808,3388.367142857143,33.571428571415446,103.1794285714285,26.426785714285714,855.7602857142862,4.088051948060138,91.06369282888771,2303.9114285714286,3.2753968253953976,0.506493506493557,177.25599999999994,14.257807308965411,58.06127819544642,160.10057142857193,1.0,18.844155844154,79.22415
4177773374,A,7620.026493256266,82.22222222220054,290.66795118818254,3386.6192196531792,66.89512799341082,209.92716763005802,55.79570086705202,1582.4080924855487,7.882291119287101,90.35604537456922,2286.008670520231,5.432321772637883,0.9038360483448055,333.5884393063579,14.573195321945901,56.883176148401304,160.06473988439348,0.1531791907514451,39.76966193727983,71.27145
4177773374,B,8039.245463228059,105.72747532660162,318.3487212140344,3402.6110315186247,82.00163733099585,267.43839541547277,63.80909742120344,1802.3140401146122,9.898932013556918,95.32702130308941,2411.7736389684815,5.035816618909532,0.9038812190675521,321.8957020057307,14.23135869927115,57.821218519018935,160.1742120343844,0.6361031518624641,42.8757488929528,78.2958
4177773556,B,7661.318655303158,84.07407407409941,327.468434343395,3387.8671875,65.74269480517471,198.52840909090955,50.88334517045455,1597.9142045454535,7.830836776867023,90.84567575457373,2298.395596590909,5.682212752524393,0.9090909090909961,330.9011363636371,14.33932346722507,60.715460526264636,160.13636363636414,0.5738636363636364,36.17596418732955,79.8621
4177773560,A,6793.731988472842,37.58138542000832,210.50485644145246,3356.5,65.01440922189221,200.35850144092223,52.32528818443804,1644.777233429394,7.712994498303414,80.55808681982589,2038.1195965417867,5.590778097981287,0.9090909090909962,330.36772334293966,14.51645332081744,58.20339754279817,160.25821325648445,1.0,37.324251157093734,70.9191
4179773506,A,7632.785852713104,82.7648578811582,302.1167097329707,3387.0,66.45348837210595,210.56162790697687,55.97837936046512,1518.177034883723,7.945692389008013,90.50737085209352,2289.8364825581393,5.507913436689906,0.9064482029599178,333.79418604651113,14.467279610595584,58.60006119945648,159.7395348837214,0.5755813953488372,39.88284002817882,71.11035
4179773506,B,8032.644003777196,105.55555555599935,312.48557339205934,3402.364730878187,66.06771887222718,205.23739376770573,52.67174220963173,1498.6606232294596,8.12116919909227,95.2487431277788,2409.7932011331445,5.3470254957489995,0.9039402523822653,340.3229461756373,14.133342117396689,62.040778291270435,160.34447592068045,1.0,37.30191432741171,78.04575
4179773518,A,6710.293096405591,33.4023238925149,136.31989832975822,3353.720588235294,56.314192343614906,176.07794117647074,46.77313112745098,1458.781617647062,6.669173351159884,79.56870495234875,2013.0882352941176,5.344839324617889,0.8533868092692418,293.7598039215684,9.21369129046633,24.24858101132874,159.06274509804038,0.4485294117647059,33.438428401657845,71.46465
4179773576,A,9092.79260299629,168.31668747412868,111.87890137334813,3444.75,65.46281433921209,203.29550561797757,53.12938904494382,1503.00084269663,7.823289070491074,107.8196751343792,2727.837780898876,5.449048064917687,0.9014300306436,333.7505617977524,14.202377841646054,56.51685393252134,160.06292134831503,0.13202247191011235,37.69067075245946,74.7579
4179773576,B,9404.691619585506,186.836158192254,47.38648252771858,3457.25,65.13855259615532,206.34237288135589,52.824858757062145,1492.675423728812,8.12365177197424,111.51808244567776,2821.4074858757062,5.499843063399848,0.9039548022599736,341.2757062146903,14.454736565492048,57.619313113240615,159.95480225988751,0.1440677966101695,37.440506762536764,82.1292
4179773580,A,9529.836695485383,194.62162450620775,158.57402070655624,3462.613832853026,65.58254425688604,203.85129682997135,54.23991354466859,1627.03054755043,7.691642651297711,113.0020161520344,2858.951008645533,4.793868075566323,0.9038511920357167,320.50720461095045,14.56470745928119,57.570529349262124,160.23054755043276,0.1440922190201729,38.677844729711964,77.8926
4179773596,A,6716.673934109664,33.678940568469905,142.0693367788107,3353.8640988372094,43.801218161693406,136.76162790697666,36.378088662790695,1100.253488372093,5.17005813953532,79.6443549499264,2015.0021802325582,3.4641472868204195,0.623678646934522,243.25,19.999999999993783,57.47437270496143,159.51627906976796,0.5465116279069767,25.660676532762178,69.2805
4179773596,B,7153.85057471264,55.555555555599916,207.7309493401062,3368.614224137931,65.23946360150858,203.20689655172438,52.04022988505747,1549.129310344829,7.97962382446173,84.82826768434961,2146.155172413793,5.502873563216801,0.9064785788924589,340.7471264367823,14.461373964174381,58.62068965511403,160.39540229885085,0.5775862068965517,37.05938697317698,78.91125
4179773600,B,7758.41880341914,90.53814498258743,68.68418275825438,3392.25,66.53913987245012,206.5675213675217,52.989672364672366,1497.922222222221,8.16070966072664,91.9970609101163,2327.525641025641,5.411522633743153,0.9065009065009934,350.1276353276346,14.426555356782295,57.22896986048912,160.20056980057026,0.13105413105413105,37.58870758870462,80.89155
4179773604,A,7592.975504322621,80.90831465468465,266.4916213041906,3385.621037463977,33.58583779333982,105.8904899135445,28.146613832853024,833.9818443804027,3.9819229761595953,90.03531113665522,2277.8933717579253,3.1828370156892793,0.5003929787791959,176.73890489913578,14.36230815628554,57.229258304207995,160.2213256484155,1.0,20.086455331406302,71.16225
4179773604,B,8118.382908404434,111.64620711342768,62.56216556499628,3406.3689801699716,66.34695804665098,206.40339943342767,52.84879603399433,1505.6762039660066,8.132371877438384,96.2654099810757,2435.5148725212466,5.447355996220725,0.9065155807366307,350.5869688385261,14.052967916192957,55.58781869683102,160.20849858356988,0.13031161473087818,37.48304575500112,76.95825
4179773608,A,6913.402184235751,42.398438324356235,316.90408357080065,3359.863247863248,66.21489621490123,211.09059829059834,56.08173076923077,1554.5666666666664,7.958559958561532,81.9771009988459,2074.0206552706554,4.724992086101214,0.9039109039109905,328.98005698005613,14.658450937516417,57.977957714733634,159.82678062678121,0.1282051282051282,40.10101010100946,77.0127
4179773608,B,7648.027306967732,83.5028248587375,315.60786775473974,3387.5,68.13962873282487,205.67796610169503,52.66949152542373,1651.8483050847447,8.096815613782658,90.688070833609,2294.4081920903955,4.76459510357645,0.9090909090909961,335.8734463276831,14.72605439494914,57.21342551288054,160.40677966101745,0.12146892655367232,37.40198596130319,83.64375
4179773616,B,7667.765042979904,84.24811631114721,333.22296508547004,3388.1124641833812,65.60785918949796,203.51518624641835,52.07646848137536,1547.1936962750733,7.9910132847226985,90.92211513414306,2300.3295128939826,5.503820439348789,0.9064860640792741,339.52206303724984,14.303991470643039,58.362237973104676,160.17421203438445,1.0,36.94278023791436,80.2518
4179773628,B,7358.258928571459,67.21119929450991,57.88800705469838,3376.5,35.41666666665418,106.65357142857134,27.393043154761905,861.4589285714285,4.199810606070143,87.2520821569635,2207.4776785714284,2.664930555554973,0.4924242424242918,179.20000000000007,7.610741971202151,29.15178571425856,158.90476190476235,0.5386904761904762,19.379509379506846,75.7299
4181773318,A,7203.778571428542,57.777777777799564,252.1015873016453,3370.1178571428572,64.82857142856757,202.1417142857143,53.729464285714286,1645.0311428571447,7.585064935066938,85.42029926594469,2161.1335714285715,4.93134920634715,0.9064935064935933,324.5279999999997,14.430564784049496,57.94661654129751,160.10057142857198,0.5514285714285714,38.438961038962105,75.95715
4181773354,B,7074.981220657352,52.01564945228657,137.69014084515484,3366.118309859155,65.93695506369151,205.16281690140838,52.456866197183096,1575.4352112676047,8.048399487854,83.8930579524548,2122.494366197183,5.457746478871486,0.9065300896287679,344.3290140845077,14.191287258430659,56.03187546325023,160.0901408450708,0.5577464788732395,37.26333760135598,73.1538
4181773358,A,6151.789855071857,748.7632850243923,312.2361782071755,3330.1659420289857,52.041407867498904,162.70260869565254,43.32699275362319,1241.8617391304354,6.116600790514785,72.94612476370536,1845.536956521739,4.1489533011252195,0.7246376811594907,271.76231884058024,19.671048196822085,60.92677345531097,160.29681159420306,0.5507246376811594,30.89503732980585,64.8966
4181773366,A,6714.256080114967,33.59031420546579,139.85587876872933,3353.804363376252,49.41617276382174,154.85493562231756,41.13286838340486,1286.1184549356228,5.856743399662932,79.61569888097077,2014.277181688126,4.701359084405609,0.7504226817532244,259.6549356223177,9.7358352463614,28.334462766330642,159.20801144492236,0.45779685264663805,29.41474834178215,71.4918
4181773366,B,7159.010566761245,55.72739886862127,212.40900843202894,3368.75,33.43076711951529,103.09279538904886,26.400396253602306,853.5155619596534,4.047681425206394,84.88945336084151,2147.7031700288185,3.199647774575243,0.5056326958344753,179.88587896253603,14.435359560345493,57.19096010916353,160.42420749279603,0.5677233429394812,18.78525892935101,78.95955
4181773512,A,6281.990316002598,12.592592592599972,86.62362668476345,3339.6223241590214,41.71981942624016,127.58532110091748,33.87519113149847,1000.1770642201841,4.791909924938596,74.49000374710847,1884.5970948012232,2.8019877675830007,0.5671392827356693,222.11620795107007,14.85527345138563,63.90833735710281,159.90214067278325,1.0,24.180335464739642,68.56845
4187773526,A,8597.148093841888,137.77777777799943,155.30357336813756,3424.1209677419356,65.23111297305618,201.20234604105593,53.50714809384164,1643.7527859237528,7.562916555586379,101.9424675159619,2579.1451612903224,5.564923427824569,0.9064249533458614,319.70909090909026,14.78005865102194,59.491433863198225,160.33782991202386,0.17888563049853373,38.228916733309674,78.20955
4187773530,A,8389.035087719325,124.0740740740002,303.19904700021635,3414.8684210526317,65.23391812865056,199.00701754385983,52.03947368421053,1654.9570175438598,7.672647527917028,99.47472436031491,2516.7105263157896,5.503979857048941,0.9011164274323034,325.7578947368429,14.546443628447143,57.97091412738206,160.35555555555592,0.17543859649122806,37.047669679240435,72.9171
4187773534,A,9086.295787546074,167.95482295486812,106.10500610500817,3444.6153846153848,63.765044479332275,200.08351648351675,53.23317307692308,1595.5714285714287,7.517482517483865,107.74263779701373,2725.888736263736,4.691315628814186,0.9015984015984878,325.3615384615379,13.799514439042856,56.10287738571105,160.12307692307752,0.12912087912087913,37.79137529136617,75.3621
4187773534,B,9384.698033707513,186.09134415305084,29.63379109446239,3456.619382022472,66.44194756552051,203.80786516853934,52.18311095505618,1472.239044943819,8.023237997972537,111.28100435230114,2815.4094101123596,5.668695380773225,0.9039836567927321,327.3797752808994,13.86399268355877,59.034594914176566,159.53258426966346,0.5758426966292135,37.672795369422616,83.37885
4189773378,B,8219.990393852418,115.92912797530818,152.93200981962804,3409.3681556195966,64.04007135993224,198.06224783861697,50.76458933717579,1592.8634005763686,7.779407911987815,97.47024182434116,2465.99711815562,5.286583413382875,0.9064710505633564,317.68299711815524,14.18671670798958,58.771424237766105,160.43342939481295,0.5706051873198847,36.074578639421354,81.73245
4189773390,A,8483.227941176883,131.1111111110003,54.0087145969782,3419.619117647059,32.598039215683876,101.25176470588227,26.875919117647058,841.4594117647052,3.803074866310498,100.59163566598451,2544.9683823529413,2.652777777777091,0.4973262032086059,170.15764705882376,14.92270861832436,57.03908668724383,160.38588235294165,0.5529411764705883,19.28966131907232,81.92955
4189773394,B,8781.525787965325,146.29629629600052,319.1934628037767,3429.8667621776503,64.66639377812058,199.5128939828081,51.07270773638969,1625.942406876789,7.849309716091063,104.12876428419793,2634.458452722063,4.834049665709983,0.9064860640792741,330.11117478510073,14.187379223024527,57.73827476996445,159.94498567335293,0.1318051575931232,36.34540244855283,82.4331
4189773398,A,8420.887096774546,125.55555555599925,331.6824155532027,3415.8702346041055,33.17832704929945,102.69325513196473,27.370784457478006,819.697653958945,3.8743001866174187,99.85241616730032,2526.266129032258,3.278347996089499,0.4985337243402258,172.6967741935483,14.607515515235729,59.15804908159273,160.26275659824086,0.12609970674486803,19.52723718119351,76.59255
4189773402,A,8370.556358381184,123.14386640961895,286.7694283878587,3414.366329479769,64.13707679604674,193.82427745664802,51.536307803468205,1593.7361271676295,7.401471361010625,99.2556375516962,2511.1676300578033,6.3037893384701045,0.9038360483448055,288.5699421965318,14.583277322215228,67.78065104951187,159.89826589595424,0.17630057803468208,37.93834296723572,73.3311
4189773406,B,8763.135386119178,145.35462148375615,302.81742152687764,3429.25,33.087557603675094,100.68739002932546,25.734054252199414,854.8548387096781,3.9793388429823415,103.91069627800863,2628.940615835777,3.1419028999652485,0.5011996800853606,170.15131964809382,14.795062401959852,57.24533106956496,160.05630498533768,0.5747800586510264,18.30089753843176,85.1316
4189773414,A,8590.986394558038,137.57909512999987,149.81967390126528,3424.0,64.35374149660049,200.179591836735,53.24252915451895,1614.8046647230303,7.522793532999087,101.86940388803492,2577.2966472303206,4.879332685452576,0.9064404982773199,315.4122448979587,14.687775442399653,58.136412459665586,160.2239067055398,0.597667638483965,38.10230585740325,78.1875
4189773414,B,9056.580459769913,166.4676458067209,79.64240102171027,3443.5,65.41050903117436,200.86206896551715,51.3909841954023,1493.1508620689651,7.89224137933356,107.39028213163182,2716.9741379310344,4.952506385693736,0.9090909090909962,334.21379310344764,14.543571237631275,58.932244404051744,160.1655172413797,0.1206896551724138,36.53430860327103,85.93425
4189773418,B,8692.19873663771,142.0256991685308,239.79699816435252,3427.0,63.95390809384567,195.29212827988368,50.97576530612245,1627.8122448979575,7.579777365504822,103.0695502367904,2607.6596209912536,5.777048914802766,0.9037900874636435,316.06530612244916,14.597599837274288,55.63372717502994,160.06530612244956,0.6034985422740525,36.6931707747989,86.6982
4189773434,B,8637.434541794048,139.44052814148307,191.0887322369752,3425.368580060423,33.9289310890396,102.82296072507545,26.281155589123866,873.4939577039282,4.06550398243247,102.42017243218761,2591.2303625377644,2.6581906680084924,0.4806371875858764,172.99093655589118,9.716152603100873,60.180076323682066,160.26102719033264,0.56797583081571,18.684427355118725,84.9375
4189773472,B,8400.087719299647,124.61555122358463,313.19688109173063,3415.25,32.854358117505285,100.36140350877189,25.736476608187136,801.9631578947376,4.068979266356399,99.60581212586322,2520.027046783626,4.317332683559252,0.9090909090909962,176.8912280701758,18.366653066776284,58.76077254534721,160.449122807018,0.11988304093567251,18.304979620766957,84.4305
4189773476,B,8324.789272030928,120.91528309927575,246.07918263089053,3412.862787356322,64.68117131907897,199.31724137931033,51.0614224137931,1606.1724137931021,7.848746081521554,98.71291626913971,2497.4367816091954,4.887452107277997,0.9090909090909962,334.7689655172426,14.377840149687604,57.49962189952374,160.13793103448322,0.5431034482758621,36.371473354227696,84.0453
4189773480,A,7953.800097750462,100.91126316941636,242.1700879767152,3399.25,33.297025555094166,102.96774193548383,27.390945747800586,861.7970674486792,3.878299120235545,94.3138351511914,2386.1400293255133,2.655995438252672,0.5065315915756304,171.6457478005865,14.639568983150799,57.168930390436536,160.0750733137834,0.5542521994134897,19.606327201635533,71.9487
4189773480,B,8331.173469387977,121.28063923954313,251.81729834797048,3413.0,65.27557961957952,200.08862973760932,51.28462099125365,1558.8061224489802,7.903657566937263,98.78861821408756,2499.3520408163267,5.530045351471771,0.9037900874636435,336.71020408163315,14.606413994164644,56.99555009968816,160.21457725947553,1.0,36.540330417877385,83.4648
4199773446,B,6016.3308080806055,157.40740740700085,23.176206509533483,2931.1060606060605,68.37373737372705,208.14545454545475,53.48768939393939,1626.6309090909103,8.19132231406306,71.33989100490807,1804.8992424242424,4.330808080805647,0.898071625344439,354.42060606060653,9.96758280479118,51.576953747968425,159.83515151515192,0.10303030303030303,37.455463728188946,89.40495
4199773454,A,4798.9096806388325,88.14814814809951,297.7489465513892,2884.250748502994,65.15825491871423,198.13652694610775,52.66186377245509,1660.0221556886245,7.496053347850883,56.90406735935731,1439.6729041916167,5.7480871590128695,0.9063690800218617,315.8802395209581,14.8287146636901,60.63898518746515,160.1628742514974,0.19461077844311378,37.68553801486175,73.0263
4199773466,A,4662.378875969186,82.40202411713211,176.43626184326158,2880.3720930232557,66.38289036542686,207.25465116279068,55.08448401162791,1613.8744186046526,7.82941331924031,55.28512501147823,1398.7136627906978,5.611272609817001,0.9090909090909962,330.08255813953514,14.645078420763975,57.76889534878206,159.89767441860516,0.5843023255813954,39.31289640590773,71.29815
4199773466,B,5215.833333333555,110.17555127364218,350.7129094412514,2899.1199421965316,64.9779796311507,197.06705202312133,50.365787572254334,1558.5121387283245,7.789148712578067,61.84782608696223,1564.75,5.7731213872813525,0.9038360483448055,331.9699421965325,14.287538647662373,57.98106175838454,159.9260115606941,1.0,35.955508845687284,84.6372
4199773632,B,6299.853506244236,171.65332479434596,275.2417547230633,2940.616714697406,64.60820639494594,193.9020172910662,49.60014409221902,1612.2060518731998,7.613963845975705,74.70182023215321,1889.956051873199,5.505523535060454,0.9064710505633564,319.65187319884694,14.509081160776235,57.20423176089684,159.79711815562,0.5821325648414986,35.43358658632143,86.10045
4199773636,A,4966.251167133417,98.31310301895016,128.81834215170585,2891.111344537815,64.24703214617833,196.73949579831924,51.28764005602241,1602.2554621848744,7.562133944492084,58.88840911858616,1489.8767507002801,5.925536881417053,0.9039979628215787,326.9333333333339,14.0088593576925,58.29647648527372,160.1882352941181,0.19327731092436976,36.626771920884536,77.16615
4199773636,B,5553.72159090929,130.54187710429804,294.6064814815677,2912.8671875,65.61147186146712,199.16590909090903,50.94282670454545,1578.2923295454543,7.888300619849037,65.85440621631288,1666.1164772727273,5.664851641412212,0.9065082644628967,329.9784090909085,14.433139534876945,56.85294557410994,160.30909090909125,0.5852272727272727,36.255165289259146,82.80465
4199773640,B,5802.9476190475425,144.0740740740002,169.0539682539914,2922.0,66.8585034013544,203.29371428571412,52.010714285714286,1531.9311428571446,7.985844155854264,68.80965556182869,1740.8842857142856,5.720238095236821,0.9090909090909961,339.81600000000077,14.506976744180633,59.91541353376789,160.0914285714292,0.5657142857142857,37.075324675322896,78.8424
4199773644,B,6029.493879472486,157.9493617912203,34.92571667713334,2931.366525423729,64.72962066181738,197.96610169491527,50.625882768361585,1631.7313559322051,7.761941448387719,71.49597485541094,1808.848163841808,5.599105461392027,0.9039548022599736,319.524293785311,13.99224806200993,56.36002081468668,160.1265536723168,0.596045197740113,35.93733949666465,86.90985
4199773668,B,5308.285163776676,116.6666666669995,76.4119032327107,2903.5,65.93861822184257,198.56878612716784,51.85964595375722,1614.430924855493,7.691014188130131,62.94409285109216,1592.4855491329479,5.603725112394676,0.9090909090909962,326.2728323699428,14.620916789888216,57.23874353508479,160.2312138728328,0.6011560693641619,36.909266071108576,82.8237
4199773684,A,5696.80840664695,139.06484196800318,74.66492885847875,2918.6187683284456,87.14425359575729,283.7982404692082,68.14882697947215,1827.5903225806449,10.260730471876455,67.55108782584821,1709.0425219941349,5.205685891168235,0.9064249533458614,328.0598240469213,14.883038941546994,58.71739465961588,160.26275659824103,0.1935483870967742,46.02150537635143,76.3008
4199773692,A,4947.580409356725,97.40740740740063,112.20489495348806,2890.6154970760235,66.5441381230641,207.4526315789472,55.03198099415204,1627.5201754385996,7.7748538011712185,58.666961375775756,1484.2741228070176,5.664392462636398,0.9064327485380986,329.7286549707604,14.80688154494191,58.97006771307432,160.2058479532169,0.16666666666666666,39.36204146729361,79.15485
4201773382,B,6293.359375000197,171.2826178448361,269.4781144780458,2940.3678977272725,64.7104978354916,195.6340909090909,50.03018465909091,1570.8690340909118,7.687758264483379,74.62481472332952,1888.0078125,4.8429608585829635,0.9039256198347974,321.9602272727266,14.292415433399771,57.149372009512696,160.06363636363702,0.6022727272727273,35.75671487602664,90.38175
4201773386,B,6196.694293069271,166.17233491421587,183.68385642688781,2936.916553133515,16.362614073783178,49.22670299727526,12.74239327883742,397.38910081744,1.9051688547628176,73.47858845531252,1859.0082879200727,1.3850413765258713,0.23945173808936276,81.91716621253413,4.283315379251534,9.212677470235425,158.5540417801966,0.3578564940962761,9.070541931576084,88.52175
4201773390,A,4810.892504931184,88.69384177076101,308.43962305501447,2884.6183431952663,63.987038602405185,195.35147928994078,51.87962278106509,1656.2076923076922,7.339564281873716,57.046156184959735,1443.26775147929,5.888806706112328,0.9090909090909963,312.4816568047332,14.970414201178375,57.48559638735411,160.50177514792944,0.6242603550295858,37.1561771561561,75.2973
4201773406,A,5048.2526881717,102.02997719123778,201.73780818937237,2893.6209677419356,66.18628683142504,202.65923753665686,53.86180351906158,1681.1287390029336,7.626766195683274,59.860703812328666,1514.475806451613,5.776311502116207,0.9090909090909963,321.8604105571845,14.662074609556248,62.566368266652404,160.19706744868057,0.17302052785923755,38.50617613078838,76.46445
4201773430,B,5125.857558139914,105.72566752826735,270.9043927650712,2896.1148255813955,33.214285714284,99.79883720930229,25.496002906976745,832.4232558139524,3.9119978858448774,60.780919661721114,1537.7572674418604,3.23441537467744,0.4941860465116773,172.01279069767466,14.545700378578447,58.21985924107403,160.36279069767482,0.5784883720930233,18.172128259337526,80.31345
4201773434,A,4792.962962962719,87.95213341995802,292.4453108079004,2884.1176900584796,63.35143414088848,192.88070175438605,51.24360380116959,1618.2149122807025,7.323498139289142,56.833552920517384,1437.888888888889,5.723278102662304,0.9011164274323034,311.2994152046789,14.545083639325442,58.60380116952936,160.14035087719353,0.6140350877192983,36.72160198473924,71.343
4201773438,A,4656.149173955686,82.22222222220053,170.88219414752177,2880.25,66.43898375674617,206.16909620991254,54.73032069970846,1632.7128279883386,7.7369467267444545,55.21125502712421,1396.844752186589,5.674603174601276,0.9064404982773199,328.7265306122455,14.808461590611143,59.208991867374216,159.90670553935917,1.0,39.09090909089869,69.9066
4201773440,B,5571.632947975085,131.28452151545173,310.7771355172334,2913.367774566474,33.84805945499276,101.72947976878609,26.02510838150289,874.8173410404614,4.006831318977857,66.06679384951069,1671.4898843930637,3.260276172124566,0.504466631634312,175.64739884393052,14.464981852395043,60.52593550342888,159.6485549132953,0.12427745664739884,18.468208092485547,80.4498
4201773444,A,4804.920398010119,88.33056937531204,303.139856274185,2884.3746268656714,65.59203980097477,200.29253731343306,53.2490671641791,1661.365074626866,7.545725915876435,56.975340687872226,1441.476119402985,5.827943615254859,0.9090909090909963,318.2889552238803,14.992710864277319,59.93833464251433,160.448955223881,0.591044776119403,38.04703753955442,74.4414
4201773444,B,5220.8138401563165,110.54039419528327,355.31297379250253,2899.3654970760235,33.493455861872796,101.10175438596492,25.90734649122807,877.2149122807012,4.006246677313793,61.90688348013484,1566.2441520467837,3.2240903183881264,0.4997341839447602,174.72982456140383,14.394124846995355,57.47499230527387,160.0093567251467,1.0,18.437887648415817,85.90215
4203773450,A,4295.642156862736,62.22222222220044,179.77777777758894,2866.75,32.77871148458503,100.54235294117647,26.659926470588236,799.1214705882346,3.775534759359207,50.93646826318455,1288.6926470588235,3.1825980392148843,0.4919786096257177,165.70235294117646,14.919288645683151,58.28173374606475,160.28235294117687,0.5941176470588235,19.083778966126726,79.60575
4203773450,B,4681.4601344859075,83.14121037464258,193.3397374319969,2881.0,84.62467407701189,273.74178674351595,64.99819884726224,1705.5700288184453,10.11985852764804,55.51138499389581,1404.4380403458213,4.979186679472818,0.8750327482316795,334.60403458213256,14.478922324236116,57.455255574037885,160.2674351585018,0.15561959654178675,43.87739062091855,81.3153
4203773632,A,4401.239067055685,67.58125472411788,273.5730482669146,2870.3680758017495,63.31250867690548,176.8303206997082,45.892857142857146,1410.5492711370248,6.769944341375806,52.18860553821507,1320.371720116618,6.005425979913967,0.8772859793268799,253.8040816326532,18.35310868533318,58.28256866651337,159.97201166180804,0.9037900874635568,40.203198162360565,78.0987
4203773636,B,4762.361509073639,86.66666666670042,265.24249177539537,2883.25,66.47291581388237,202.7071633237822,51.855300859598856,1539.594842406879,7.9467309195273375,56.47068983090963,1428.708452722063,5.524514485831111,0.9038812190675521,335.9117478510032,14.383954154720794,58.25403408229771,160.40343839541583,0.1518624641833811,36.8906833376783,78.0141
4203773640,A,4531.339631781597,76.47071490096528,59.81050818261254,2876.3684593023254,33.96179401992388,105.5511627906976,28.027797965116278,834.3505813953477,4.004096194503429,53.73129998163585,1359.4018895348838,3.4136789405674115,0.5073995771670696,180.1523255813953,14.394943212543927,59.00742044058072,160.16744186046554,0.12790697674418605,20.059901338967403,73.9929
4203773652,A,4907.888397246489,95.72817655414767,76.92559816453866,2889.3665191740415,65.75361708103071,200.86371681415918,53.31120943952802,1651.7823008849577,7.5427728613578005,58.19636340316979,1472.367994100295,5.685431006225244,0.9037275408957692,322.15693215339286,14.756122658978708,58.07716193132348,160.16991150442516,0.1887905604719764,38.06918744970467,79.06485
4203773652,B,5394.715799614855,120.54806251331179,153.27124812678304,2906.25,86.28131021181049,279.6208092485549,66.45321531791907,1807.4583815028898,10.35128744088876,63.96896205076598,1618.4147398843932,5.146114322414528,0.9038360483448055,330.41618497109835,14.581260922162654,58.418770915679204,160.20346820809303,0.6098265895953757,44.642669469276726,79.9785
4203773680,B,4767.4522445095145,86.84177013689933,270.03926562672484,2883.368911174785,33.49024423522634,102.25100286532947,26.17926217765043,787.8335243553001,4.008986715298992,56.53105428269992,1430.2356733524355,3.246577523080627,0.5157593123209682,188.34613180515797,14.232025054968272,59.11476398727045,160.6143266475649,0.5730659025787965,18.675870452375936,81.04815
4203773692,A,4382.714975845275,66.83950617284012,257.13365539455384,2869.8673913043476,66.57004830915777,205.25217391304335,54.61413043478261,1617.5165217391313,7.723583662716835,51.96895228275856,1314.8144927536232,5.654186795488601,0.9038208168643818,327.3402898550722,14.506235254458048,59.02669717765945,160.20405797101498,0.16521739130434782,39.04435660956239,73.9743
4207773458,A,7614.3653100778465,247.20822566731874,100.73858742454328,2991.6177325581393,73.592192690919,234.0,56.96765988372093,1689.3008720930231,8.539244186046709,90.28891672027869,2284.3095930232557,5.632671188628838,0.9038054968288393,303.4744186046515,15.829502433742944,58.74999999994593,160.23255813953543,0.26453488372093026,38.73062015504277,70.0971
4207773470,A,6967.537878787788,210.53766835008318,179.79166666670173,2966.8629261363635,66.47321428569408,205.9465909090907,54.64311079545455,1643.2184659090933,7.737474173555419,82.61902623067141,2090.2613636363635,4.874526515149779,0.9090909090909961,321.7215909090899,13.32056025369352,64.17277212911578,160.51818181818237,0.5454545454545454,39.010847107423096,78.31905
4207773656,A,6998.129251700641,211.6574883920002,207.11802181193045,2967.6195335276966,34.31348049422861,106.08629737609327,28.23615160349854,857.5793002915444,4.03087728598003,82.98176978302448,2099.438775510204,3.324020084223438,0.5062284654121894,173.24897959183653,14.692521526879236,58.84417676839745,160.2705539358604,0.5510204081632653,20.186412227222117,74.30625
4207773660,A,7020.733722059997,212.76536011253387,227.1288197818311,2968.3673469387754,66.98181313339508,205.57434402332356,54.72212099125365,1641.7635568513133,7.721706864566321,83.24980698094653,2106.2208454810498,5.74222546161154,0.9090909090909962,326.6857142857147,14.754898637189577,58.33243823840395,160.0373177842571,0.17201166180758018,38.948670377225724,77.49675
4207773668,A,6993.001453488139,211.4814814810004,202.41386735570362,2967.5,67.52353266886048,210.64883720930223,55.992914244186046,1594.4311046511657,7.9139799154354,82.92096585163351,2097.9004360465115,5.742490310076334,0.9090909090909962,331.17325581395284,14.507842076792972,58.05194308440041,159.92558139534935,0.5697674418604651,39.95859760392982,74.82855
4207773688,A,6864.978510028688,203.50313063775627,88.62782553326713,2962.115329512894,67.14285714283668,210.55014326647557,55.95809455587393,1555.2954154727804,7.926282886169185,81.40293554708099,2059.4942693409744,4.914836039476943,0.9064860640792741,332.17306590257897,14.465249550200653,56.7896998943921,159.99083094555903,0.5386819484240688,39.95137622644016,70.55895
4207773688,B,7071.346872082214,214.98703184978888,272.04481792723504,2969.8683473389356,66.39322395624022,207.57983193277312,53.106617647058826,1446.4302521008399,8.134581105180592,83.84996291006259,2121.40406162465,4.744786803608147,0.9065444359562874,347.1372549019607,13.974333919610604,55.15701017243829,160.00896358543466,0.5350140056022409,37.63857057974847,72.3054
4209773402,B,6907.172364673816,205.7233301680508,126.27413738513417,2963.613247863248,34.25315425315068,103.61025641025635,26.526887464387464,869.6666666666662,4.0710955711014485,81.90322962064765,2072.1517094017095,3.2288698955354116,0.510230510230561,181.64102564102564,14.268203803084393,56.57444894281199,159.9726495726501,0.5584045584045584,18.79046879046952,71.3148
4209773406,B,6895.051353874963,205.18518518499977,115.31071687942556,2963.25,66.76003734826462,205.40168067226912,52.58578431372549,1498.6705882352958,8.073975044578575,81.7595022198701,2068.515406162465,5.416277622158029,0.9065444359562874,339.1843137254901,14.110481401857937,54.967565973692494,159.8924369747906,0.1400560224089636,37.15983363042745,73.42725
4209773410,A,6216.053921568001,166.99019607844156,200.77995642696516,2937.595588235294,38.27871148458624,110.60117647058821,30.97886029411765,904.6164705882348,4.261898395722333,73.70814926760984,1864.8161764705883,6.73366013071923,0.7192513368984657,165.92470588235273,16.908344733240153,58.64473684205157,159.81176470588292,0.3323529411764706,20.822638146161406,74.9751
4209773414,B,6701.633616619634,193.86947854382993,290.420732347089,2955.6126062322946,48.0817482800577,177.74617563739346,43.17103399433428,1365.6518413597714,6.626448622210228,79.46601126426968,2010.4900849858357,6.517154548315809,0.8678856554211495,326.2118980169972,14.55893010079341,56.00715670189373,160.20849858356985,0.26062322946175637,29.22825993647547,75.42495
4209773418,A,6262.572254335225,169.44016270610666,242.05309355594505,2939.122832369942,66.82218552158818,205.68901734104037,54.580021676300575,1642.7341040462447,7.749737256962844,74.25975005141599,1878.771676300578,5.512202954398318,0.9012086179717101,313.91560693641634,14.51606398708821,58.57164587764464,160.11098265896004,0.1676300578034682,39.064634787166995,72.65025
4209773422,B,6554.959173871303,186.6666666669993,160.04696338992505,2950.75,67.0865925620897,205.7463976945245,52.54592939481268,1450.4853025936586,8.069950222703836,77.7267886229691,1966.4877521613832,5.644412423948983,0.9090909090909962,346.3365994236314,14.444742309491597,57.71007128767039,160.38731988472665,0.5648414985590778,37.288446423894,78.8181
4209773426,B,6535.2610153256255,185.9259259259998,142.55002128562953,2950.25,66.99507389162208,204.4034482758621,52.29076867816092,1586.6724137931055,8.095350052255672,77.49321362046267,1960.5783045977012,5.492496807148962,0.9038662486939215,337.3195402298858,14.580326116005699,57.31926799752108,160.211494252874,0.14942528735632185,37.12817833507411,77.81535
4209773430,B,6824.471601489531,201.28595075493877,52.675356921163036,2960.75,67.38627294492389,207.08379888268144,53.04905726256983,1497.5673184357559,8.12950736416204,80.92258815995035,2047.3421787709497,5.4298572315322,0.9065515490097363,347.24692737430235,13.69299727165834,56.526756836169284,159.79441340782176,0.5754189944134078,37.633316404267696,70.6911
4209773434,A,6205.043191057165,166.4769647696581,190.98012646793288,2937.1227134146343,68.15911730543671,208.0865853658542,55.362995426829265,1551.5579268292695,7.886086474502639,73.57758724573142,1861.5129573170732,5.5978997289951495,0.9007760532151642,311.06463414634146,14.953204764600278,88.10253530159328,160.27317073170767,0.15853658536585366,40.03233555062082,73.63515
4209773456,B,6681.9272300467155,193.1267605632536,272.9097548252479,2955.1105633802817,66.27230046947678,202.07661971830993,51.441901408450704,1515.485070422536,7.955057618464334,79.2323386962148,2004.5781690140846,4.79303599373874,0.9039692701665398,334.5881690140855,14.26072715361295,56.81764269823824,160.36957746478924,1.0,36.71105420401164,75.70455
4209773460,B,6595.19679300291,188.51851851899892,195.81902602309896,2952.0,66.40844092738286,204.24489795918367,52.29500728862974,1485.9909620991273,8.042539093581283,78.20391454153226,1978.5590379008747,5.579850988011974,0.9037900874636435,337.7959183673473,14.703369719973422,57.78425655971821,160.18658892128343,0.5714285714285714,37.22590334835277,75.4239
4211773444,A,6198.380177515267,166.10344071872223,185.05588428660366,2936.871301775148,65.33107917721041,204.48994082840213,54.250184911242606,1388.111538461538,7.716245293170054,73.49857918001054,1859.5140532544378,5.918392504928662,0.866057019903257,315.9609467455619,7.443924590612099,60.339068825858014,159.87692307692356,0.1390532544378698,39.28635467096401,76.689
4211773448,A,6318.697764820467,172.40038872699964,291.9814274916847,2941.120991253644,65.77814799387005,200.7463556851311,53.30174927113703,1654.0775510204085,7.556718791413304,74.92526993858836,1895.609329446064,5.649497894393813,0.9037900874636435,321.19183673469416,14.768458878563628,58.549562682155255,160.2612244897963,0.18658892128279883,38.16856612773917,72.31545
4211773456,A,5894.903100776513,148.68647717516234,250.857019810722,2925.1140988372094,34.39784053155122,103.6639534883721,27.615370639534884,856.7642441860455,3.9034090909102357,69.90003676808833,1768.4709302325582,3.129037467699504,0.4941860465116773,167.75581395348823,14.583558680364485,59.8033965727577,159.67441860465166,0.125,19.654686398858473,72.49155
4211773464,A,6274.456627680381,170.10288065833367,252.66839939365755,2939.6140350877195,41.76830966304191,133.11228070175443,34.20504385964912,1174.3903508771923,5.062599681021156,74.40067147447594,1882.3369883040937,5.514132553604259,0.7097288676236735,222.93567251462014,19.269685842502742,57.07756232682024,160.17777777777812,0.6374269005847953,23.974836080092235,74.37465
4211773472,B,6560.661487757874,186.92508893081362,165.16426030536203,2950.955508474576,42.05407586763192,120.92203389830514,30.029131355932204,1059.8525423728804,4.656522855683021,77.79440499317886,1968.1984463276835,7.003295668548412,0.7473035439137857,205.871186440678,17.90894757587585,57.47769848344367,160.49717514124322,0.8192090395480226,21.53569594247495,72.12105
4211773476,A,6268.8168124393005,169.80131735253622,247.61040924302904,2939.366618075802,67.50659447450415,205.7002915451894,54.58363702623907,1707.938483965016,7.7983037370799275,74.33379619493937,1880.6450437317785,5.502915451893667,0.9037900874636435,307.3551020408165,14.529798630407367,58.56912689882593,160.0839650145778,0.577259475218659,39.18278999910352,72.0993
4211773476,B,6695.179924242417,193.50799663296002,284.6843434342705,2955.3686079545455,66.91423160172286,204.8284090909091,52.42720170454545,1477.0031250000004,8.080707644652785,79.38948526770402,2008.5539772727273,5.613952020200305,0.9090909090909961,343.222727272728,14.365750528536886,57.255158492773084,160.1272727272732,0.14488636363636365,37.22193526170981,72.41775
4211773480,B,6541.757142856867,186.09629629620034,148.31746031745143,2950.3664285714285,66.87619047618665,203.9897142857142,52.14732142857143,1552.266857142857,8.058311688318957,77.57024280066669,1962.527142857143,5.585714285711651,0.9064935064935933,339.61600000000067,14.40265780730424,56.64135338340321,160.1462857142862,0.5657142857142857,37.014718614722014,73.94085
4211773500,B,6502.554296506147,184.61021928427772,113.47392718500839,2949.3626062322946,65.87616349655305,200.0192634560905,51.14730878186969,1538.3677053824358,7.86376513007184,77.10538691509738,1950.7662889518413,4.881177211202893,0.9090909090909961,328.7184135977337,14.379076355486914,56.13948113904729,160.01813031161518,0.5864022662889519,36.40054940338016,80.24115
4211773666,B,6515.788479698033,184.9921309411474,125.23344874615316,2949.6203966005664,66.29974369350191,202.92237960339938,52.84702549575071,1612.766005665723,7.867885655426191,77.26234198121733,1954.737252124646,5.594900849856395,0.9065155807366307,328.86118980170033,14.106989920280203,57.432160429348144,160.30821529745083,0.1643059490084986,37.75688900334177,75.2127
4211773670,A,5796.547965116337,143.87596899237215,163.3742463393809,2921.8670058139537,66.85769656698382,206.5988372093022,53.729106104651166,1518.9706395348855,7.917547568714662,68.73377033734495,1738.9643895348838,5.7356266149861534,0.9064482029599178,338.80000000000103,14.637641968628145,56.79811811499988,160.2976744186052,0.5581395348837209,38.31923890062853,78.5892
4211773678,B,6193.791312560601,166.08960235013626,181.04501101678449,2936.8604815864023,47.53810872790364,143.28271954674207,36.99982294617564,1100.1203966005648,5.541462786512577,73.44416576155632,1858.1373937677054,3.0303745672006506,0.6309554468195312,241.96600566572212,17.978127676384748,54.399880721588346,159.6192634560911,0.1048158640226629,25.88290840415788,83.4441
4211773694,A,6324.770283480208,172.76202889129877,297.38242641473886,2941.364369501466,66.01871247030508,202.4692082111437,53.73533724340176,1624.2527859237525,7.606238336444203,74.99727608869364,1897.4310850439883,5.6651189312467976,0.9064249533458614,323.3876832844577,14.846211552882941,58.39828677258333,160.24398826979512,0.17888563049853373,38.37465564736673,72.0033
4213773664,A,5086.721902017089,103.70370370399968,235.87789518624479,2894.75,67.64374914228652,208.2086455331414,55.35932997118156,1623.6700288184459,7.822766570606663,60.31691745166333,1526.0180115273774,5.671629843097084,0.9090909090909962,327.3417867435153,14.950740566981656,58.42067344148002,160.23054755043282,0.5936599423631124,39.4297441271273,79.18275
4213773668,A,5600.519005847631,132.59259259299924,336.15118042018963,2914.25,65.6558061820995,199.1719298245613,52.91392543859649,1625.0228070175458,7.486842105264609,66.40931627487939,1680.155701754386,5.656270305390259,0.9011164274323034,315.9415204678357,14.675642594854558,58.0024622960408,160.27134502924017,0.5906432748538012,37.83625730992882,79.20765
4213773698,A,5594.405113077463,132.3948432208728,330.7593138861774,2914.1172566371683,66.32954066580305,201.19646017699108,53.4780604719764,1722.7185840707982,7.549879324217633,66.33684867140119,1678.3222713864307,5.6039003605343,0.9037275408957692,317.9280235988196,14.950950126907143,57.77984784966008,159.9528023598824,0.5811209439528023,38.13533565744017,79.4268
4213773698,B,6073.839779005802,159.80765295701636,74.34622467771935,2932.6201657458564,87.77426992882855,282.01325966850817,66.5107044198895,1853.9005524861914,10.398292315427357,72.02181556133691,1822.1519337016575,4.93132289748187,0.9065796082371534,324.9005524861872,15.079660799172087,56.269627798720634,160.21215469613324,0.5828729281767956,44.51364473465401,75.6669
4213773706,B,6035.906219630962,158.31335708899948,40.6327610409278,2931.6115160349855,66.29043454115516,201.34460641399411,51.46410349854227,1548.9026239067068,7.879936390150998,71.57201050945834,1810.771865889213,5.626417233558332,0.9064404982773199,328.83265306122473,14.433520916665842,57.663418750900895,160.29854227405298,0.1457725947521866,36.50234119621983,85.52775
4213773710,A,5276.246376812174,115.35480407954445,47.94632313472422,2902.615217391304,67.23119392682526,211.60695652173894,56.10778985507246,1577.8947826086937,7.974044795785176,62.56418628629285,1582.8739130434783,5.60668276972472,0.906455862977689,331.6011594202899,15.14593865857199,59.07131960329603,160.23188405797146,0.16521739130434782,40.1405357926989,80.2428
4213773710,B,5870.477207977179,147.57729239198852,229.0788224121738,2924.3653846153848,66.7358567358474,202.61538461538441,51.94444444444444,1570.6777777777786,7.965682465694533,69.61040167562469,1761.1431623931624,5.534979423867228,0.9039109039109905,332.466096866097,14.157556483133117,58.398185634965635,160.3099715099719,0.150997150997151,36.87473020806361,79.5681
4213773714,A,5606.529441117845,132.77223331138305,341.55466844085663,2914.372005988024,66.73795266607523,205.25748502994003,54.40494011976048,1654.078742514972,7.725367446926188,66.48058625831574,1681.9588323353294,5.592149035260179,0.9036472509527269,322.5616766467065,15.128115861292596,58.88354869203625,160.20119760479088,0.5748502994011976,39.00290328433137,75.2805
4213773714,B,6067.4396135267825,159.4396135266171,68.61191626409011,2932.3724637681157,67.26570048308477,205.08521739130438,52.50815217391305,1575.9504347826085,8.079314888025916,71.94592427107095,1820.231884057971,5.391706924313765,0.9038208168643818,331.8771014492745,14.542635658908765,57.19145690307941,160.11130434782638,0.13623188405797101,37.273605621432736,76.47015
4213773718,A,5269.928160920202,114.9904214559484,42.31800766282998,2902.3692528735633,67.21948549532677,211.13103448275842,56.00933908045977,1636.7000000000016,7.908829676072924,62.48926673026987,1580.978448275862,5.597860791825107,0.9090909090909962,333.2563218390802,15.026062550115208,58.023290986029785,160.25747126436826,0.16379310344827586,40.052246603969635,80.65905
4213773722,A,5611.445115809212,133.1442318449944,345.84759986549307,2914.6231117824773,33.61962307580578,104.70090634441088,27.71525679758308,851.9084592145001,3.9134853062358035,66.53887489101886,1683.4335347432025,3.2049345417913333,0.48338368580065283,171.24833836858002,15.19567202978093,63.92550484966906,160.27069486404878,1.0,19.878238579142348,80.1816
4213773726,B,6042.562082139283,158.51851851899897,46.47988963175609,2931.75,67.10601719197297,196.19140401146146,50.2820558739255,1525.1793696275095,7.723235217517747,71.65096209384464,1812.7693409742121,6.254377586755382,0.9064860640792741,306.5478510028651,14.324648497362517,58.79052933185826,159.71575931232144,0.16332378223495703,36.60849179474189,85.22895
4213773730,B,5876.9734299514785,147.94417606017387,234.8684916801766,2924.6123188405795,66.54658385092296,204.11478260869555,52.333333333333336,1494.0843478260886,8.022397891977569,69.6874606175242,1763.0927536231884,5.713365539450166,0.906455862977689,338.23999999999944,14.510953825410379,58.138062547619,160.20405797101503,0.14202898550724638,37.126921387792144,81.5106
4213773734,A,5541.159188034327,130.0,283.4021842355067,2912.5008012820513,68.71336996334792,214.53076923076924,57.044270833333336,1595.375000000002,8.05332167832332,65.70544491739464,1662.3485576923076,5.033831908829555,0.9032634032634903,333.28974358974335,15.757304710801131,99.62677125494169,161.8666666666669,0.125,40.372960372940256,85.83975
4213773734,B,6113.110632183649,161.66028097044835,109.19114516817802,2933.8721264367814,64.97536945812135,197.10344827586212,50.52532327586207,1679.5215517241395,7.751306165115579,72.48747785198357,1833.9331896551723,5.703224776498788,0.9090909090909962,324.91264367816103,14.497460572034441,59.480490018098855,160.22068965517292,0.5977011494252874,35.99529780564717,77.8581
4213773738,A,5547.502502502703,130.20131242333397,289.1046602157957,2912.6366366366365,64.94208494207217,202.6990990990991,52.84816066066066,1462.8396396396402,7.779142779152355,65.78066208500704,1664.2515015015015,5.116783450114515,0.9063609063609934,332.98978978978954,15.148404218166608,65.61403508765049,160.37477477477518,0.5945945945945946,37.308217308207446,81.23025
4213773746,A,5690.7555879493875,138.7031638055011,69.31432890615812,2918.374635568513,65.51020408161233,200.5959183673469,53.35368075801749,1673.8618075801764,7.553405777896955,67.47931527213339,1707.2266763848397,5.732102364754133,0.9064404982773199,323.06122448979687,14.748796528569176,58.460564676942546,160.4104956268226,0.5947521865889213,38.03604558704527,74.23665
4215773456,B,1668.640109888432,489.4190069190215,169.16971916962106,3155.1078296703295,36.05442176869284,112.4307692307692,28.780906593406595,911.3892857142853,4.414085914100104,19.786246362324377,500.592032967033,2.724358974357558,0.5269730269730791,189.57692307692315,13.72220802452882,55.56535569687747,160.11428571428624,0.5137362637362637,20.282217782219057,63.59325
4215773500,B,1750.6441570880747,496.2962962960008,70.14899957430833,3159.75,32.536945812795715,101.86551724137922,26.051544540229884,822.9784482758614,4.031609195413615,20.75862636864906,525.1932471264367,2.6129469987210667,0.506792058516247,168.77241379310342,14.475407645010035,56.99447973374765,159.6873563218396,1.0,18.55451062347586,77.68605
4215773674,B,9575.500910747236,357.1989475812593,77.57336571544727,3065.8592896174864,67.20140515221303,210.39999999999978,53.80464480874317,1437.6081967213127,8.265648286151125,113.54348906028414,2872.6502732240438,5.080828779597232,0.9041231992052529,343.8109289617496,13.816876350229728,54.957578372103185,160.8043715847002,1.0,37.939228349065345,64.34325
4217773676,B,8819.20634920605,312.76480962779243,137.8503994191175,3035.8669467787113,66.88008536747262,205.3915966386553,52.23827030812325,1419.7092436974785,8.058950853075329,104.57556935822714,2645.7619047619046,4.816370992839332,0.9065444359562874,332.4941176470595,14.086378737534735,54.63290579383682,160.0537815126056,1.0,37.27442492148206,69.11955
4217773684,A,8454.260828625142,291.6562042266416,155.4613935970224,3021.6186440677966,66.47699757867157,207.79322033898328,55.316031073446325,1614.3025423728814,7.830123266566327,100.24815211812998,2536.2782485875705,5.096908349024715,0.9090909090909961,319.83276836158313,14.444225463140205,57.972048765927525,160.2169491525429,0.556497175141243,39.27752097241679,71.42775
4217773688,A,8467.015895953566,292.22222222200065,166.8614857631446,3022.0,67.16487751167664,208.0786127167629,55.286307803468205,1629.828034682081,7.810825013139796,100.39942653475133,2540.1054913294797,5.738198458572481,0.9090909090909962,328.231213872832,14.362817583003125,57.64602981435718,160.47167630057842,0.5809248554913294,39.44473638112822,71.73585
4217773702,B,321.43607305935865,404.9751395231073,285.72095383032797,3098.108219178082,36.42661448140869,108.52273972602737,28.39982876712329,826.7145205479452,4.338480697393362,3.8114949374629243,96.43082191780822,4.48744292237329,0.6276463262765245,180.52712328767126,14.98438993309438,54.44087959619888,160.1052054794525,0.16712328767123288,19.564134495642833,60.9621
4217773706,B,9263.648200757985,339.2592592589975,140.9048821548667,3053.75,67.16585497834703,204.6443181818183,52.38370028409091,1500.5250000000015,8.044163223148159,109.84563083908516,2779.0944602272725,5.498737373735275,0.9090909090909961,335.0931818181816,13.485729386889506,64.08791866022958,160.60909090909118,0.15056818181818182,37.07214187327237,67.5171
4217773742,B,9423.140668524169,346.83895594774845,282.6679046734763,3058.8676880222843,66.91736304548732,208.8835654596099,53.4566504178273,1469.1810584958228,8.196125601425965,111.73687339661288,2826.9428969359333,5.233673785204783,0.9090909090909961,345.9754874651814,14.018267798142844,56.39752235736495,160.06239554317597,0.12256267409470752,37.704904195149915,63.0513
4217773754,B,9428.803538173941,347.2015311398743,287.757086695818,3059.1117318435754,34.92418196328404,106.8502793296089,27.36120810055866,818.357262569832,4.199593702392847,111.80399452373182,2828.641061452514,3.3127715704523735,0.5205688166582537,182.43016759776526,13.965830843181235,57.45993825339655,159.84804469273797,0.12290502793296089,19.360927712882688,62.9937
4219773440,A,8080.862151777423,272.0247625146514,172.22969367061663,3008.366714697406,67.19226018936267,210.07608069164255,54.82889048991355,1443.2023054755043,8.06143568247745,95.82052830016315,2424.2593659942363,5.491514569322986,0.9064710505633564,351.3717579250723,14.488975269749353,59.06264219620789,160.14755043227726,0.13256484149855907,38.9433237271783,70.70115
4219773444,A,8473.2947976876,292.39777349611785,172.45771783338452,3022.1192196531792,51.45609688960597,183.09017341040433,44.029082369942195,1350.2453757225446,6.645953757226372,100.47385135596559,2541.9884393063585,6.545038535644023,0.877561744613852,324.2739884393061,14.573867455298156,58.31000912679749,160.49942196531833,0.2138728323699422,31.80241723592355,70.62765
4219773448,A,8210.994776828307,278.32014350547485,287.90545531284306,3012.6168091168092,66.94342694340317,207.55213675213676,55.1860754985755,1591.711111111111,7.803030303032445,97.36357442880372,2463.2984330484333,4.853197214305906,0.9065009065009934,327.1373219373224,14.23573842177928,55.5270655270133,160.02735042735102,0.5811965811965812,39.407752741071036,70.0122
4219773448,B,8825.986779981333,313.13083621852155,143.87577379076774,3036.1140226628895,86.12842304047882,278.90311614730876,65.89589235127478,1816.9249291784715,10.276719031682553,104.65596972309949,2647.7960339943343,5.04446018256121,0.9065155807366307,319.09688385269175,14.207787074242503,56.60951244962231,159.50141643059533,0.6203966005665722,44.57034938622875,72.98565
4219773452,A,8061.704653371034,271.2809960955285,155.15669515678616,3007.8653846153848,66.74128340792822,207.72307692307686,55.177172364672366,1638.6444444444462,7.802253302255665,95.59333581071932,2418.511396011396,4.774849635957991,0.9039109039109905,325.19886039886063,14.239051215789129,59.052706552665384,160.2370370370373,0.13105413105413105,39.34731934729265,72.07995
4219773488,B,8962.105887940494,319.42597868526195,264.85596707833497,3040.362535612536,33.84751051417376,102.3316239316239,26.265135327635328,855.5666666666656,4.070189070197175,106.27003029170659,2688.6317663817663,2.5676638176626527,0.5076405076405582,172.1401709401711,14.453057708868606,56.655795471520285,160.01823361823435,0.5584045584045584,18.53319519986268,79.87845
4219773492,A,8414.939961576738,289.81321379034546,120.57423417640972,3020.3746397694526,33.56388088375595,102.8057636887608,27.34329971181556,806.5020172910662,3.882368352109887,99.78189677757567,2524.4819884726226,3.2184598142811507,0.49253340319627664,165.23227665706034,14.90449701761903,58.70696192926822,160.35043227665759,0.5850144092219021,19.52755217884001,70.1799
4219773492,B,9041.45773978968,323.1381238787239,335.3867257570908,3042.868945868946,34.40510107176493,103.01196581196577,26.35683760683761,834.455555555555,4.04040404040934,107.21096134133879,2712.437321937322,3.2601297879071502,0.5050505050505554,175.8415954415954,14.256277744644704,57.16524216518252,160.15498575498637,0.11965811965811966,18.70240870240778,67.9578
4219773496,A,8410.161616161487,289.6296296299991,116.26038159372128,3020.25,69.62481962479823,214.47272727272718,57.06723484848485,1672.6863636363646,8.065289256200447,99.72523655528383,2523.0492424242425,5.263047138045551,0.9063360881543571,331.48606060606176,7.598308668072789,62.16905901110866,160.45575757575787,0.1393939393939394,40.70064279153469,70.06545
4219773500,B,8949.436619718295,318.714658320579,253.61711006789608,3039.8845070422535,49.812206572782024,181.1729577464792,44.096830985915496,1309.8726760563368,6.7551856594133595,106.11980181482805,2684.830985915493,5.848591549294377,0.8886043533931709,331.4963380281689,14.13887979036502,57.75908080053026,159.9278873239442,0.4507042253521127,29.775501493812797,71.85495
4219773682,B,8265.508474576694,280.5440468716578,336.35907093535536,3014.25,67.03927898842213,208.59999999999985,53.43926553672316,1474.816949152543,8.220724191068621,98.00998191196409,2479.6525423728813,5.475125549276602,0.9065228556754849,348.3389830508473,14.159768755741473,57.21193874511227,160.26214689265598,0.12429378531073447,37.80003424071688,74.4918
4219773694,A,7524.9532940021245,242.5925925930005,21.219272369715256,2988.5,66.70459334174228,205.41238938053107,54.642330383480825,1726.0433628318578,7.7024671493719366,89.22869518580067,2257.48598820059,5.470337594228524,0.9064092249933827,324.53569321533837,11.298621115450082,59.913056978666525,160.23598820059036,0.5870206489675516,38.79771162954976,70.8924
4221773640,A,7014.414995224246,212.40050939199477,221.51544094232406,2968.12106017192,66.31736935459718,203.42578796561597,54.10637535816619,1660.2378223495703,7.632586611098475,83.17488136629073,2104.3252148997135,5.681709646606728,0.9064860640792741,324.1421203438401,14.313986806151233,56.60835469757586,160.33008595988582,0.5931232091690545,38.51957975165425,77.71905
4221773702,A,8246.150568182034,279.80955387224395,319.16245791243495,3013.6214488636365,66.95211038958925,206.47840909090917,54.92276278409091,1668.9340909090913,7.795712809920055,97.78044151993154,2473.8451704545455,5.541745580807012,0.9039256198347974,325.7784090909083,14.184064482026928,56.87051435401286,160.245454545455,0.16477272727272727,39.23209366390467,70.62
4221773722,A,8217.5382043935,278.6861933569959,293.66019314447243,3012.8631805157593,67.36526129074517,209.25730659025777,54.6006446991404,1469.1713467048712,8.052227142492875,97.44116447898331,2465.2614613180517,5.616045845270222,0.9064860640792741,337.949570200573,14.32531485306167,57.946388176690995,159.99083094555922,0.13753581661891118,38.869497264906,70.76895
4221773730,B,7765.587818696875,255.18518518499852,235.11698667515566,2997.0,67.43693511398119,202.9257790368273,51.58551699716714,1628.7305949008542,8.00721091940278,92.08206899641854,2329.6763456090653,5.409977966632796,0.9090909090909961,337.00736543909386,13.641214836282971,55.960936335123804,160.28101983002873,0.5892351274787535,36.82633702464299,75.6324
4221773746,B,7965.305164319039,266.4663536776161,69.57120500782025,3004.6154929577465,66.78739101273592,204.7267605633802,52.431338028169016,1488.9870422535225,8.067221510898934,94.45025886545221,2389.5915492957747,5.371674491391147,0.9014084507043116,334.63549295774607,13.444480838516846,64.40437361001612,159.90084507042295,0.14084507042253522,37.10798122066067,72.2598
4221773754,B,7772.049808429191,255.3937845892755,240.88122605361752,2997.1415229885056,50.727969348653176,185.96206896551632,43.51203304597701,1388.3775862068967,7.222831765946314,92.15869338059524,2331.614942528736,6.801564495527992,0.9038662486939215,347.8517241379311,14.719994653830131,58.41764972771031,160.03678160919603,0.27298850574712646,31.9871125043687,74.8368
4223773444,A,5034.678571430059,686.0899470898577,344.84232804246864,3287.8607142857145,33.79591836734207,107.37257142857133,28.523214285714285,912.2657142857145,4.026493506494229,59.69977413890693,1510.4042857142856,3.196428571427713,0.5090909090909598,178.96799999999988,14.389368770758031,56.64586466159417,160.11885714285762,1.0,20.271861471855388,61.0134
4223773448,A,5116.661931817869,692.3884680135247,71.47306397306642,3292.1129261363635,66.84659090909298,210.47727272727323,55.82563920454545,1613.3701704545447,7.8855888429770085,60.671880614437924,1534.9985795454545,4.8966224747460245,0.9090909090909961,330.5034090909089,14.23956131077705,59.45387260759719,159.7000000000004,0.5397727272727273,39.93543388428173,65.7687
4223773452,A,8409.978197674396,124.99354005168615,321.81309216189555,3415.6148255813955,64.64147286822634,199.70581395348864,53.16769622093023,1664.4156976744196,7.527484143764726,99.72306163250877,2522.9934593023254,4.930151808783787,0.9064482029599178,322.08139534883816,14.61195240670024,58.34378824963523,160.40930232558193,0.1511627906976744,38.0285412262094,78.75585
4223773452,B,8673.416905444354,141.28090841529885,223.10304573915485,3426.5,63.98826579340278,192.7942693409743,49.42424785100287,1618.9358166189097,7.577754623616337,102.84684077603444,2602.025071633238,4.774753263289584,0.9064860640792741,319.0716332378227,14.459252348900584,58.22764288940587,160.155873925502,0.5472779369627507,35.19058782668495,85.16235
4223773476,A,5123.305004721615,692.5925925929973,77.3685867170362,3292.25,66.23364359908878,209.17393767705423,55.64004957507082,1682.4025495750682,7.862219933043325,60.750680222591015,1536.992209631728,5.599228832230761,0.9065155807366307,332.3195467422091,14.19856380525237,56.50626211415552,160.26288951841403,1.0,39.642887801510966,62.0319
4223773476,B,5668.000452899049,722.592592592997,231.93840579717343,3312.5,65.95885093164975,212.09347826086977,54.29857336956522,1494.738586956519,8.3131175889491,67.20949153635598,1700.4001358695652,4.5874849033796625,0.9066205533597704,355.4021739130443,13.76137512638539,54.500858123523756,159.90434782608753,0.5434782608695652,37.83102766797873,58.96995
4223773480,A,4986.833333333581,683.7096774196441,302.2054958183158,3286.2556451612904,60.50844854070389,181.86967741935496,48.274193548387096,1610.2219354838703,6.86495601173153,59.13241106719573,1496.05,5.547491039424304,0.9061583577713483,286.6296774193551,13.271567891965734,61.233022071243674,159.87612903225852,1.0,34.952101661763336,56.7708
4223773484,A,5029.149952244269,685.7200466945444,339.8705295553727,3287.6117478510027,67.03097284757773,214.25673352435516,56.9314111747851,1497.0971346704875,8.039854128680387,59.63421747058915,1508.7457020057307,5.3187679083079304,0.9064860640792741,341.01432664756453,14.142733391080148,57.1569144924797,160.07335243553044,1.0,40.51749587565681,57.8457
4223773488,B,5681.316984558172,723.1203955998392,243.9176506206213,3312.8569482288826,35.54431036718446,110.33460490463206,28.21185286103542,850.7525885558591,4.323259846429505,67.36739507381758,1704.3950953678475,3.1653042688456674,0.5251424324994327,186.08937329700257,13.910398580567255,54.6601175963858,160.06975476839276,0.5749318801089919,19.962843695809287,57.6486
4223773496,B,5451.964450601858,710.9059197702843,39.74761465067422,3304.612188365651,34.648463263409134,106.50083102493068,27.220394736842106,845.3925207756238,4.17250062957739,64.64779980950658,1635.5893351800555,2.513080947983189,0.5187610173760273,181.30969529085866,13.948978934478903,54.36725470179409,159.81385041551292,1.0,19.32762528329871,64.7199
4223773638,B,4923.247041420148,679.8071444227214,245.785667323872,3283.6205621301774,34.701324316696166,107.01656804733716,27.381656804733726,855.1500000000012,4.1931145777368295,58.37842341606507,1476.9741124260354,2.553829717289499,0.48951048951053855,174.90059171597653,7.25196091922062,59.013157894682735,160.00946745562177,0.5384615384615384,19.47373139680799,68.1342
4225773644,A,3261.5643274854388,580.9183452459149,38.122157244964804,3216.870614035088,69.19242550818575,221.05964912280692,58.771016081871345,1545.528947368423,8.333333333335197,38.674675819985666,978.4700292397661,4.799788823909689,0.8984582668794057,344.63742690058524,10.916632666933891,57.3157125268626,160.1871345029244,0.5497076023391813,41.66666666665484,62.46615
4225773652,A,3794.9404761904857,610.5396825395978,286.39576719570863,3236.865,65.9360544217597,211.6902857142861,55.254464285714285,1520.2311428571402,8.175584415591121,44.999350649347804,1138.4835714285714,5.110317460315674,0.9038961038961905,340.8640000000004,14.148837209297383,57.16127819543555,159.90857142857183,0.12857142857142856,39.022510822498205,65.07885
4225773698,B,4518.932219125736,652.3841947797877,234.5156298358137,3265.109331476323,34.49131184505988,106.44902506963784,27.262360724233982,878.8579387186625,4.174094707529187,53.5841765113949,1355.6796657381615,3.2865212008656264,0.5191187642441639,184.6206128133702,13.810973634769592,56.022577334645554,159.9108635097499,0.5654596100278552,19.23609352578617,67.39995
4225773702,A,3579.7709551654675,599.8029023177188,95.10937838424529,3229.6176900584796,57.238930659984284,181.6280701754386,43.411001461988306,1335.692982456141,6.715576820840571,42.44793472482834,1073.9327485380118,6.029483430798422,0.8426368952685553,318.39766081871386,11.280429756559135,59.787242228314206,159.98128654970807,0.19883040935672514,32.26209463050882,63.5136
4225773702,B,4506.683006535602,651.6557734202928,223.51903724448505,3264.6183473389356,66.01840736292043,205.8991596638655,52.75910364145658,1512.610084033613,8.111026228689918,53.438928931253976,1352.0049019607843,5.538826641765875,0.9065444359562874,339.4745098039217,14.10657286169886,59.019976411547496,160.2868347338941,0.5630252100840336,37.42296918767563,72.3765
4225773710,B,5478.147644928017,712.3832528180827,63.20853462157693,3305.609375,65.77769151135954,210.09782608695656,53.71688179347826,1472.5255434782594,8.223320158121707,64.95827246950006,1643.4442934782608,4.130057367147548,0.909090909090996,349.5206521739144,13.694388270973628,54.320294622383756,159.9913043478269,0.5190217391304348,37.585638998682406,61.9851
4225773730,A,3591.6090297773467,600.3703703699957,105.73380296697759,3230.0,32.83655825441478,104.49682997118146,27.707132564841498,861.8100864553309,3.9223211946564,42.58824936497559,1077.4827089337175,2.646093499839485,0.5030128373068357,168.57291066282423,14.493666644320278,58.22311542539346,160.304322766571,0.09798270893371758,19.878613221549532,66.88155
4225773738,A,3540.576190476086,598.1481481480004,60.42539682538587,3228.5,33.94693877549868,105.79199999999994,28.041964285714286,821.4848571428581,3.9623376623386886,41.98311688314432,1062.172857142857,3.3023809523806276,0.5038961038961541,175.19199999999972,14.457807308962796,58.495112781899195,160.53942857142889,0.5742857142857143,20.09437229436862,66.4386
4225773746,A,3781.9659961682187,610.0,274.89570029810017,3236.5,67.1223316913076,211.51034482758647,56.344288793103445,1611.551724137935,7.98119122257151,44.84544659489275,1134.5897988505747,5.3863346104699925,0.9038662486939215,325.1057471264369,14.427292167864046,55.70099818504718,160.3034482758624,0.15229885057471265,39.92075931728653,62.87865
4225773750,A,3788.495702005817,610.1740422369004,280.70465881353607,3236.618911174785,66.94501296221614,211.82578796561637,56.370881088825215,1599.2458452722055,8.005470174526181,44.92287393683628,1136.5487106017192,5.324339382360947,0.9038812190675521,321.8475644699141,14.196041847133497,57.346554064178775,160.02750716332446,0.15472779369627507,39.962663888141314,64.6068
4225773750,B,4431.495726494215,646.8344412790494,156.81333755437242,3261.3639601139603,33.89770723102708,102.8034188034187,25.9642094017094,779.844444444444,4.032375032386233,52.547380156084614,1329.448717948718,3.074153213041455,0.5076405076405582,173.52022792022805,14.309282448813052,55.15669515664997,160.1914529914534,1.0,18.587585254251085,71.2104
4227773484,A,3083.5612535615387,570.5392001687449,250.6721536351142,3209.8646723646725,67.24325057656279,211.91452991453008,56.292735042735046,1526.4777777777763,7.9544159544173105,36.563967433539126,925.0683760683761,5.512029123137854,0.9065009065009934,326.86609686609796,14.36493738818773,56.92907482375739,160.2005698005703,0.5783475783475783,40.218423551744806,62.03595
4227773488,B,3277.3382749323177,581.6521912746404,52.1014275731301,3217.36590296496,69.00141188554582,208.06900269541785,53.95215633423181,1476.1237196765478,8.491668708657308,38.861718675090785,983.2014824797843,4.716606768491892,0.9090909090909959,307.207547169812,13.487118410327168,50.42913888489667,160.39676549865263,0.4636118598382749,37.9237115086118,68.92695
4227773492,A,3266.997652583804,581.2759520080664,42.75847678662268,3217.111971830986,34.72166331319813,109.30478873239426,29.071302816901408,862.8008450704218,4.101152368758903,38.73910259979713,980.1,3.276212832549831,0.5096030729834053,177.2439436619721,14.164428431045332,58.37101556700988,160.25239436619765,0.11830985915492957,20.63508322662821,62.007
4227773500,A,3076.864966949717,570.1741685026017,244.72353373195511,3209.618271954674,66.93781195194937,211.53994334277627,56.21458923512748,1561.5688385269107,7.963044038115454,36.48456482549948,923.0594900849858,4.825306893293831,0.9090909090909961,325.41869688385265,14.18604651162502,59.47964812876696,160.20849858356988,0.5354107648725213,40.16911322859379,63.2613
4227773500,B,3352.3158640241945,585.9259259260052,118.94449690501663,3220.25,33.77984621609377,103.8662889518412,26.636862606232295,837.483569405099,4.076616018546145,39.75080898900533,1005.6954674220963,2.5975763298702574,0.5150656708730875,174.36147308781904,14.181434877125282,55.97360966149202,160.34447592068037,0.09348441926345609,18.853978882310766,70.40355
4227773654,B,3801.6805555553333,610.7407407409985,292.3950617284111,3237.0,65.66931216928667,210.81666666666712,54.037326388888886,1472.1308333333338,8.27676767678061,45.07927097056204,1140.5055555555555,4.514274691356431,0.9065656565657433,356.1833333333341,13.736434108521344,56.11330409351101,159.82222222222262,0.11666666666666667,37.56565656565689,62.80455
4227773658,B,3185.4390934842213,575.3499108174258,302.5327877450631,3213.113314447592,32.93673276674873,103.79150141643049,26.577549575070822,727.3113314447593,4.091037857334499,37.772005061050066,955.6317280453258,2.652659741893629,0.5176409992274529,179.89008498583547,14.168258778569111,56.644923214499315,160.27195467422158,0.09348441926345609,18.8737230663527,71.55435
4227773662,B,3157.1863295876406,573.8701622972528,277.2950478568988,3212.113061797753,66.20920278221179,209.7404494382023,53.64466292134831,1491.4542134831458,8.223186925447107,37.436992050462294,947.1558988764045,5.097534332083136,0.9065372829418641,346.51573033707825,14.135092761945991,54.74571259604163,160.07191011236003,0.11797752808988764,37.822608103499434,67.14225
4229773632,B,2485.1944444445,538.3096707820222,48.91358024690821,3188.1090277777776,65.86507936505248,208.20333333333332,53.32118055555556,1429.9999999999986,8.240277777789782,29.468708827412776,745.5583333333333,4.94945987654117,0.909090909090996,332.9511111111121,13.85852713177488,57.32529239760702,160.18666666666715,0.1,37.92340067340249,67.31955
4229773652,A,1633.8666666657411,487.94603174608557,138.2624338624856,3154.1135714285715,33.576870748303755,101.93828571428561,26.927678571428572,805.9517142857137,3.878701298701455,19.373913043489488,490.16,3.9095238095223976,0.49870129870134844,150.42399999999998,14.411960132884062,59.151127819495265,159.60685714285754,0.5742857142857143,20.181818181809106,69.4599
4229773652,B,1783.1022408961903,499.05903101975827,98.8961510529837,3161.6155462184875,65.16073095902573,200.79999999999993,51.380427170868344,1580.0899159663868,7.896231219776167,21.14350483276161,534.9306722689075,4.909741674445911,0.9090909090909961,327.0117647058821,14.15282392026057,55.12678755708144,160.23305322128923,0.5770308123249299,36.43154231389911,81.44055
4229773698,A,2933.075980391823,563.5185185184988,116.89324618739117,3205.125,67.78711484590953,214.28823529411753,57.095588235294116,1590.2708823529404,8.080347593584486,34.77955707976,879.9227941176471,5.230800653592852,0.8983957219252199,335.5470588235299,7.4309165526637955,56.196594427186085,159.34117647058875,0.5558823529411765,40.81818181817065,63.73965
4229773718,A,2298.253853564942,526.0939841574743,223.354742025112,3179.864161849711,33.36498761353853,103.49826589595372,27.49548410404624,836.3921965317911,3.882816605360834,27.252021979021343,689.4761560693642,2.5722543352587595,0.5018392012612166,166.58381502890194,14.755343460136235,60.12245208390315,160.6658959537577,1.0,19.60063058327895,64.4532
4229773722,A,2944.7373447961622,564.2396264456912,127.21850790622057,3205.6124641833812,34.34574976122614,105.67908309455584,28.05157593123209,928.7140401146127,3.984370929930748,34.917834128031814,883.4212034383954,3.044412607448452,0.500130242250636,169.2676217765043,14.333977477172553,57.10903332826316,160.28424068767947,0.5730659025787965,19.977424676552392,63.04335
4229773722,B,3162.911985018568,574.2353308362198,282.46566791491927,3212.3595505617977,34.517121455310956,107.22134831460667,27.427141853932586,892.2345505617985,4.201991828401485,37.50488519786392,948.873595505618,3.086376404493341,0.5158324821246681,179.92359550561795,14.17494120720551,55.36221170898387,160.00000000000043,0.1151685393258427,19.352230166835685,66.38145
4229773726,B,4366.85768863404,644.0740740739941,99.26562665814531,3259.5,65.43593941873735,202.73810888252146,52.86174785100287,1645.2189111747841,7.807892680389522,51.78092120910622,1310.057306590258,5.428605539636126,0.9038812190675521,320.56389684813786,14.664489904705482,57.92678329054919,160.33925501432705,0.5959885386819485,37.709472953022,76.78335
4229773730,B,2492.1438356163562,538.5185185190035,55.08675799087068,3188.25,65.0228310502033,202.25424657534262,51.83304794520548,1486.4235616438352,7.954171855549594,29.551112675302544,747.6431506849315,5.918188736680374,0.9066002490660892,328.4438356164391,13.922268238285637,55.26135544334945,159.912328767124,0.5671232876712329,36.81527604815604,64.6767
4229773746,A,2176.87917860533,519.4396688953007,115.29449219998253,3175.3732091690545,58.18665575113332,229.04183381088828,64.72779369627507,1474.9263610315174,9.387079968738979,25.812796584254713,653.0637535816619,6.12981534542964,0.9090909090909962,342.04126074498566,14.34797094688588,58.01048107368603,160.41260744985732,0.5902578796561605,41.53251714855729,71.10945
4229773746,B,2415.9611872149317,532.2222222219959,327.83155758495656,3184.0,64.62491846050929,207.63945205479453,53.096746575342465,1441.7498630137004,8.130635118323479,28.647761113213726,724.7883561643836,4.6784627092829,0.9041095890411823,336.16109589041145,14.04268875437475,54.74477289107881,160.1841095890416,0.09041095890410959,37.626400996265154,65.9526
4229773758,B,2615.5300925924166,544.9814814814983,164.8374485598162,3192.6131944444446,33.75396825395584,103.7299999999999,26.54340277777778,855.638333333333,4.07007575758171,31.01419082124666,784.6590277777777,3.844521604935908,0.9065656565657433,180.8488888888889,17.551033591732008,55.707602339122886,160.2311111111115,0.09722222222222222,18.81228956228926,66.56505
